image_id,split
01_alb_id.jpg,train
02_aut_drvlic_new5.jpg,train
03_aut_id_old8.jpg,train
06_bra_passport11.jpg,train
07_chl_id.jpg,train
08_chn_homereturn12.jpg,train
100011969.jpg,train
1000679539.jpg,train
1001532720.jpg,train
1001710084.jpg,train
100171429.jpg,train
10019773866.jpg,train
100259122.jpg,train
100259130.jpg,train
100259181.jpg,train
10030673196.jpg,train
10030684936.jpg,train
10035920934.jpg,train
10035938435.jpg,train
10035952185.jpg,train
10035954516.jpg,train
10036039503.jpg,train
10061016005.jpg,train
100732586.jpg,train
10082884593.jpg,train
10091180333.jpg,train
10093438194.jpg,train
10093474685.jpg,train
10093475295.jpg,train
10093544663.jpg,train
10098181174.jpg,train
1010904154.jpg,train
1010921708.jpg,train
1011287321.jpg,train
10119627433.jpg,train
101281019.jpg,train
10167719493.jpg,train
1017177453.jpg,train
10174829775.jpg,train
10175154404.jpg,train
1019581433.jpg,train
10198146264.jpg,train
10198232685.jpg,train
10198237544.jpg,train
10198244356.jpg,train
10198255585.jpg,train
10198299504.jpg,train
10198304294.jpg,train
10198360663.jpg,train
10198381325.jpg,train
10198390245.jpg,train
10198402435.jpg,train
10198445983.jpg,train
10198448535.jpg,train
10208105356.jpg,train
10223308613.jpg,train
10248225185.jpg,train
10267794465.jpg,train
10284006513.jpg,train
10284017743.jpg,train
10284062104.jpg,train
10284305733.jpg,train
10288831536.jpg,train
103029886.jpg,train
10310550305.jpg,train
103132537.jpg,train
103157768.jpg,train
10316075845.jpg,train
103177717.jpg,train
10319128565.jpg,train
10320547274.jpg,train
10320587956.jpg,train
10388334365.jpg,train
103963347.jpg,train
10404518843.jpg,train
10407294656.jpg,train
10410205054.jpg,train
10410232014.jpg,train
104115177.jpg,train
104209293.jpg,train
10423141926.jpg,train
10423457984.jpg,train
10423665726.jpg,train
10423715405.jpg,train
10440258375.jpg,train
10460942435.jpg,train
10463886025.jpg,train
10471482113.jpg,train
10476654326.jpg,train
10485800564.jpg,train
104906045.jpg,train
10506636516.jpg,train
10513884.jpg,train
10532474824.jpg,train
10565561265.jpg,train
10567918084.jpg,train
1057450404.jpg,train
10575677066.jpg,train
10576116.jpg,train
10589653005.jpg,train
10591713376.jpg,train
10598555.jpg,train
10613292836.jpg,train
106166902.jpg,train
106295691.jpg,train
106542608.jpg,train
106559477.jpg,train
106580847.jpg,train
106624906.jpg,train
10664347505.jpg,train
10665503.jpg,train
10707127.jpg,train
10711848034.jpg,train
10712641065.jpg,train
1071960789.jpg,train
10726005054.jpg,train
10729312596.jpg,train
107321306.jpg,train
10736289135.jpg,train
10755874.jpg,train
1075716537.jpg,train
1076311087.jpg,train
10800838255.jpg,train
10817992.jpg,train
1082466066.jpg,train
108298682.jpg,train
10856247056.jpg,train
10856256025.jpg,train
10865950774.jpg,train
1087670200.jpg,train
10888270096.jpg,train
10895068.jpg,train
108996893.jpg,train
10907994306.jpg,train
10930439335.jpg,train
10930519886.jpg,train
10930626244.jpg,train
10942784576.jpg,train
109437278.jpg,train
10954042123.jpg,train
109626180.jpg,train
10_cze_id.jpg,train
110212401.jpg,train
110258865.jpg,train
11047876156.jpg,train
11052059925.jpg,train
1105323580.jpg,train
1106280054.jpg,train
110740562.jpg,train
11112490395.jpg,train
11123799.jpg,train
11125549.jpg,train
11137574.jpg,train
1113952889.jpg,train
111437244.jpg,train
11144217685.jpg,train
1114890177.jpg,train
1115830901.jpg,train
11189502.jpg,train
11189954466.jpg,train
11190977065.jpg,train
11199567.jpg,train
1121247308.jpg,train
1122674269.jpg,train
1122674951.jpg,train
1122675731.jpg,train
11230481.jpg,train
11232661.jpg,train
11239549156.jpg,train
11241326.jpg,train
11246320.jpg,train
11251787925.jpg,train
11257758.jpg,train
11261409.jpg,train
11263729253.jpg,train
11265859.jpg,train
1127063626.jpg,train
11280144.jpg,train
11296808365.jpg,train
113092218.jpg,train
11312991195.jpg,train
11313401.jpg,train
11324278.jpg,train
11325889.jpg,train
113269574.jpg,train
11329160043.jpg,train
11335489.jpg,train
1134141217.jpg,train
11348321.jpg,train
11352025.jpg,train
11352866.jpg,train
11355135.jpg,train
11356379.jpg,train
11374538.jpg,train
11376315.jpg,train
11378247.jpg,train
11378271.jpg,train
11378517.jpg,train
11379918.jpg,train
1138265545.jpg,train
11405932445.jpg,train
11410410.jpg,train
11413111086.jpg,train
11441719316.jpg,train
1149141769.jpg,train
11551517905.jpg,train
115546916.jpg,train
11565889486.jpg,train
11570051686.jpg,train
11578948914.jpg,train
1161894225.jpg,train
1161894235.jpg,train
1169967.jpg,train
1170035.jpg,train
11708819713.jpg,train
11709326894.jpg,train
11709593284.jpg,train
11710235736.jpg,train
1173080676.jpg,train
11736730.jpg,train
117386484.jpg,train
11753050.jpg,train
117637954.jpg,train
11779908663.jpg,train
1178584440.jpg,train
11798520886_386f6349c0_c.jpg,train
118094931.jpg,train
11809710036.jpg,train
11828593544.jpg,train
118287678.jpg,train
118291206.jpg,train
118333319.jpg,train
118479803.jpg,train
118481270.jpg,train
1185939642.jpg,train
118921938.jpg,train
119167720.jpg,train
11925753136.jpg,train
11926842144.jpg,train
11930737615.jpg,train
11939541.jpg,train
1194175427.jpg,train
1194801568.jpg,train
1195116025.jpg,train
1195820006.jpg,train
11976881603.jpg,train
11979077656.jpg,train
11979159445.jpg,train
11979448733.jpg,train
11979460933.jpg,train
11979559104.jpg,train
11979569564.jpg,train
11979582774.jpg,train
11979984996.jpg,train
11980001866.jpg,train
11980078405.jpg,train
11980489665.jpg,train
11992695916.jpg,train
1199513856.jpg,train
11_cze_passport3.jpg,train
120071061.jpg,train
120117557.jpg,train
12033298375.jpg,train
1206904910.jpg,train
12073877846.jpg,train
120874208.jpg,train
121004072.jpg,train
12110991.jpg,train
1212655423.jpg,train
12132002995.jpg,train
12133746043.jpg,train
12134176733.jpg,train
12160046996.jpg,train
121603471.jpg,train
121609220.jpg,train
121720296.jpg,train
12200871174.jpg,train
122066311.jpg,train
12210935575.jpg,train
12223813893.jpg,train
122347161.jpg,train
12237539.jpg,train
1224446.jpg,train
1224715397.jpg,train
1225514212.jpg,train
12292144185.jpg,train
1229294410.jpg,train
12296356413.jpg,train
12301938805.jpg,train
12301964365.jpg,train
12301975825.jpg,train
12302139763.jpg,train
12302486456.jpg,train
12320068574.jpg,train
1232254018.jpg,train
1234895328.jpg,train
12353323.jpg,train
12357070424.jpg,train
1237070300.jpg,train
12404417795.jpg,train
12408632105.jpg,train
12421137634.jpg,train
1245328767.jpg,train
1245638963.jpg,train
12464557534.jpg,train
1246631994.jpg,train
1246635908.jpg,train
1246636348.jpg,train
1246654428.jpg,train
1246661416.jpg,train
1248623459.jpg,train
1248623767.jpg,train
1248623889.jpg,train
1249268228.jpg,train
1249479080.jpg,train
1249479552.jpg,train
12512054313.jpg,train
12526970994.jpg,train
12590649603.jpg,train
1264212724.jpg,train
12647782855.jpg,train
1266633136.jpg,train
12675278563.jpg,train
12698845075.jpg,train
12698893085.jpg,train
12706396643.jpg,train
1273431584.jpg,train
12737139224.jpg,train
12747553.jpg,train
12754399393.jpg,train
1276190159.jpg,train
12764890683.jpg,train
1278010460.jpg,train
12803909243.jpg,train
12814178045.jpg,train
1281768230.jpg,train
12818896.jpg,train
1285257339.jpg,train
1287146530.jpg,train
1287785303.jpg,train
12880106594.jpg,train
12884824684.jpg,train
12905502123.jpg,train
129144563.jpg,train
12923840463.jpg,train
12923841073.jpg,train
12924005853.jpg,train
12924156894.jpg,train
12924327264.jpg,train
12951570924.jpg,train
12_deu_drvlic_new39.jpg,train
130323586.jpg,train
13043031243.jpg,train
130652580.jpg,train
13080539313.jpg,train
13102392.jpg,train
131075554.jpg,train
13116190604.jpg,train
13135050234.jpg,train
1313671903.jpg,train
13141067024.jpg,train
13176306963.jpg,train
13177995295.jpg,train
13178143313.jpg,train
13178380235.jpg,train
13178644824.jpg,train
13178662904.jpg,train
13180707.jpg,train
13213198214.jpg,train
13236588434.jpg,train
13239850894.jpg,train
132429561.jpg,train
13249850723.jpg,train
1325014711.jpg,train
13263124804.jpg,train
13278918255.jpg,train
1331601358.jpg,train
13330383375.jpg,train
13341117723.jpg,train
1336424815.jpg,train
1336458728.jpg,train
133740147.jpg,train
1337660346.jpg,train
133903790.jpg,train
13395798723.jpg,train
134041488.jpg,train
13406435553.jpg,train
1342785225.jpg,train
1343426005.jpg,train
13484883884.jpg,train
13495598173.jpg,train
1349759936.jpg,train
135109559.jpg,train
1352355618.jpg,train
1352513988.jpg,train
135258205.jpg,train
135504436.jpg,train
1356290473.jpg,train
135757087.jpg,train
135769101.jpg,train
135796818.jpg,train
13591599294.jpg,train
13593036375.jpg,train
13594098.jpg,train
13599451595.jpg,train
136006509.jpg,train
136024436.jpg,train
136025367.jpg,train
1361070551.jpg,train
1361302119.jpg,train
13615620.jpg,train
13621399333.jpg,train
13621750894.jpg,train
13621815164.jpg,train
13629104625.jpg,train
13632712865.jpg,train
136442593.jpg,train
1366648839.jpg,train
13675548173.jpg,train
13678858133.jpg,train
136973139.jpg,train
137228830.jpg,train
13741246.jpg,train
13744500464.jpg,train
137615788.jpg,train
137726781.jpg,train
13788836405.jpg,train
13794554763.jpg,train
137983813.jpg,train
13808194303.jpg,train
13832377385.jpg,train
13834389653.jpg,train
138344624.jpg,train
13867357364.jpg,train
13871613343.jpg,train
13874589603.jpg,train
138762675.jpg,train
1388011462.jpg,train
13891022978.jpg,train
13898913546.jpg,train
13916597063.jpg,train
139220912.jpg,train
13941747617.jpg,train
13941749907.jpg,train
13951581863.jpg,train
1396765.jpg,train
13969247051.jpg,train
13971456771.jpg,train
13982625372.jpg,train
13990306875.jpg,train
13_deu_drvlic_old4.jpg,train
14004704986.jpg,train
14026635.jpg,train
140372833.jpg,train
140512384.jpg,train
14055066699.jpg,train
14059642.jpg,train
1406610003.jpg,train
14067750178.jpg,train
14071483777.jpg,train
14072922018.jpg,train
14075156497.jpg,train
1408476057.jpg,train
140947656.jpg,train
1409792038.jpg,train
14110878943.jpg,train
1412067630.jpg,train
14125426662.jpg,train
141335382.jpg,train
14140472492.jpg,train
14153240421.jpg,train
14164703088.jpg,train
14167775079.jpg,train
14171521307.jpg,train
14173221048.jpg,train
14173287698.jpg,train
1418176619.jpg,train
14191499955.jpg,train
14209425859.jpg,train
14219867372.jpg,train
142205222.jpg,train
14231505533.jpg,train
14238732900.jpg,train
1423999308.jpg,train
14242660018.jpg,train
14242689120.jpg,train
14250752578.jpg,train
1425312981.jpg,train
14260538297.jpg,train
1426128198.jpg,train
14267545329.jpg,train
14276589462.jpg,train
14286395621.jpg,train
14292484485.jpg,train
142936863.jpg,train
14295196263.jpg,train
14297949837.jpg,train
14309962182.jpg,train
14316068028.jpg,train
1431869938.jpg,train
14321835029.jpg,train
14325370889.jpg,train
14332724637.jpg,train
14333385889.jpg,train
14333675076.jpg,train
14337257019.jpg,train
14340010612.jpg,train
14340839728.jpg,train
14364755263.jpg,train
14365864882.jpg,train
14375076099.jpg,train
14375199424.jpg,train
14403599007.jpg,train
14419426112.jpg,train
14420939615.jpg,train
144221308.jpg,train
14423836549.jpg,train
14424671674.jpg,train
14425288738.jpg,train
14425550718.jpg,train
14425962171.jpg,train
14441126923.jpg,train
1444560205.jpg,train
1444560335.jpg,train
1444669586.jpg,train
14448531803.jpg,train
14452517464.jpg,train
1445389910.jpg,train
144628138.jpg,train
14466231553.jpg,train
1447121087.jpg,train
14475427400.jpg,train
1448421553.jpg,train
14500751576.jpg,train
14502002406.jpg,train
14502152680.jpg,train
1450670243.jpg,train
14518580317.jpg,train
14521020589.jpg,train
14522407604.jpg,train
14524533167.jpg,train
14527288434.jpg,train
14529257235.jpg,train
14543337376.jpg,train
14544534468.jpg,train
14544554708.jpg,train
14553813568.jpg,train
14553832579.jpg,train
14554268543.jpg,train
145564898.jpg,train
1456080171.jpg,train
14561276870.jpg,train
14561573843.jpg,train
14562121620.jpg,train
14565207240.jpg,train
14567215876.jpg,train
145817706.jpg,train
14588116554.jpg,train
14588899366.jpg,train
1459030473.jpg,train
1459074031.jpg,train
14591520466.jpg,train
1459254084.jpg,train
14600419897.jpg,train
14604415714.jpg,train
14608652106.jpg,train
14608665151.jpg,train
14611928403.jpg,train
14629630334.jpg,train
14631531245.jpg,train
1463394765.jpg,train
146357828.jpg,train
14640820711.jpg,train
14651057520.jpg,train
14651066810.jpg,train
14651120529.jpg,train
14651234547.jpg,train
146527857.jpg,train
14656191339.jpg,train
146620991.jpg,train
14667224928.jpg,train
146680908.jpg,train
1467914710.jpg,train
14684013386.jpg,train
14684680056.jpg,train
146877778.jpg,train
1469226852.jpg,train
14702622844.jpg,train
14704753892.jpg,train
14707105.jpg,train
14708176926.jpg,train
14708198456.jpg,train
14708586854.jpg,train
14710899542.jpg,train
14712990580.jpg,train
14719331.jpg,train
14721286212.jpg,train
14730151838.jpg,train
1474841182.jpg,train
1476459138.jpg,train
14769848056.jpg,train
1478562647.jpg,train
147905156.jpg,train
14792730858.jpg,train
147975101.jpg,train
1479974959.jpg,train
14800017191.jpg,train
14801182214.jpg,train
14812987429.jpg,train
14814774136.jpg,train
14816335628.jpg,train
14819854226.jpg,train
14845630085.jpg,train
14848684021.jpg,train
14851743513.jpg,train
1485797316.jpg,train
14858813106.jpg,train
1485956718.jpg,train
14876916788.jpg,train
14880461120.jpg,train
14882569781.jpg,train
14883505975.jpg,train
14886271229.jpg,train
14893301169.jpg,train
14893461541.jpg,train
14893742318.jpg,train
1489748107.jpg,train
148980191.jpg,train
14902367789.jpg,train
14902415360.jpg,train
14902475398.jpg,train
14913577383.jpg,train
14916423695.jpg,train
14917622188.jpg,train
1492423671.jpg,train
149308239.jpg,train
14931449472.jpg,train
1493893166.jpg,train
14948084936.jpg,train
14950072383.jpg,train
14951572160.jpg,train
14952685828.jpg,train
14953210866.jpg,train
14954434009.jpg,train
14954515263.jpg,train
14960254325.jpg,train
149611945.jpg,train
14966467722.jpg,train
149698010.jpg,train
14974802157.jpg,train
14981258189.jpg,train
14994059477.jpg,train
14994077477.jpg,train
14994114517.jpg,train
149988524.jpg,train
14999338928.jpg,train
14999396027.jpg,train
14_deu_id_new.jpg,train
15004432654.jpg,train
15011594183.jpg,train
150121772.jpg,train
15016754888.jpg,train
15035967493.jpg,train
15040214284.jpg,train
15047629544.jpg,train
15047750944.jpg,train
15048395634.jpg,train
15059106223.jpg,train
15060979531.jpg,train
150620009.jpg,train
15063142632.jpg,train
15071792814.jpg,train
15072066123.jpg,train
15083323108.jpg,train
15086042591.jpg,train
15086043191.jpg,train
1508860206.jpg,train
15088602248.jpg,train
15088607327.jpg,train
15088699252.jpg,train
15089052865.jpg,train
15090777667.jpg,train
150952964.jpg,train
15104288405.jpg,train
1510907544.jpg,train
15143114522.jpg,train
15161480024.jpg,train
15167345717_7138c41f4f_c.jpg,train
15170382269.jpg,train
1517327.jpg,train
1517376821.jpg,train
1517728849.jpg,train
15188703773.jpg,train
15189674660_7af813a7d6_c.jpg,train
15209644032.jpg,train
15230646630.jpg,train
15231793845.jpg,train
15245136620.jpg,train
15253987481.jpg,train
15259423874.jpg,train
152605504.jpg,train
15264354315.jpg,train
15272051791.jpg,train
152732440.jpg,train
15274783862.jpg,train
15275662747.jpg,train
15284130338.jpg,train
152887019.jpg,train
15291084184.jpg,train
15292159987.jpg,train
1530628144.jpg,train
1530820.jpg,train
15318267303.jpg,train
15321941923.jpg,train
15325905554.jpg,train
15334459154.jpg,train
15348427340.jpg,train
153764707.jpg,train
15384107802.jpg,train
15388320030.jpg,train
15389616835.jpg,train
15390722156.jpg,train
15401311.jpg,train
15401865750.jpg,train
15402867005.jpg,train
15402867945.jpg,train
15403477064.jpg,train
15408971206.jpg,train
154130251.jpg,train
15416712752.jpg,train
15425820948.jpg,train
15445796404.jpg,train
15451714339.jpg,train
15453582034.jpg,train
15464116963.jpg,train
15466168719.jpg,train
15466923817.jpg,train
15472435319.jpg,train
15481857189.jpg,train
15485736557.jpg,train
15486343995.jpg,train
15487728003.jpg,train
15492001125.jpg,train
15496199101.jpg,train
15500746312.jpg,train
15501384979.jpg,train
155147759.jpg,train
15515395465.jpg,train
15524370601.jpg,train
15530160967.jpg,train
15535877942.jpg,train
15555373493.jpg,train
155603393.jpg,train
155788655.jpg,train
155788744.jpg,train
155904420.jpg,train
15621002.jpg,train
15622528211.jpg,train
15634495170.jpg,train
156351789.jpg,train
15638147350.jpg,train
15642209553.jpg,train
15648972332.jpg,train
156534982.jpg,train
15665927668.jpg,train
15668039396.jpg,train
15668471865.jpg,train
15668540425.jpg,train
1567055134.jpg,train
15673207428.jpg,train
15678567679.jpg,train
15685381081.jpg,train
15691362215.jpg,train
15691758475.jpg,train
15692452072.jpg,train
15692944996.jpg,train
15693342532.jpg,train
157000798.jpg,train
1570067097.jpg,train
15703151080.jpg,train
1571180429.jpg,train
1572069650.jpg,train
15724164194.jpg,train
15728906332.jpg,train
15729746329.jpg,train
1573136674.jpg,train
15736277198.jpg,train
15736279328.jpg,train
15737994837.jpg,train
15739050201.jpg,train
15751158423.jpg,train
15759475588.jpg,train
157658113.jpg,train
15774668700.jpg,train
157916563.jpg,train
15792556163.jpg,train
15794002562.jpg,train
157978609.jpg,train
15799235626.jpg,train
15806832433.jpg,train
1581780889.jpg,train
15822786938.jpg,train
15825880173.jpg,train
15828556934.jpg,train
15829276134.jpg,train
15830814859.jpg,train
15831008213.jpg,train
15831010343.jpg,train
15840038607.jpg,train
15841009456.jpg,train
15848947297.jpg,train
15849428846.jpg,train
1585945036.jpg,train
15869246028.jpg,train
15869434314.jpg,train
15871792243.jpg,train
15872533711.jpg,train
15879532095.jpg,train
15881939479.jpg,train
15896483960.jpg,train
15921764421.jpg,train
15927205996.jpg,train
15943038047.jpg,train
15943578253.jpg,train
15957645678.jpg,train
15963597016.jpg,train
15972979311.jpg,train
15983155157.jpg,train
15987391851.jpg,train
15990623705.jpg,train
1599361851.jpg,train
16001336691.jpg,train
1600205138.jpg,train
16002772578.jpg,train
1600383496.jpg,train
1600500230.jpg,train
16014680008.jpg,train
16021006468.jpg,train
16036069045.jpg,train
16048209917.jpg,train
16048803956.jpg,train
1605185078.jpg,train
16055111351.jpg,train
16058476318.jpg,train
16060849462.jpg,train
16074701820.jpg,train
16079433912.jpg,train
1608070380.jpg,train
16093667736.jpg,train
160975172.jpg,train
16108153816.jpg,train
16110903533.jpg,train
161226208.jpg,train
16124294420.jpg,train
16127571760.jpg,train
16138612710.jpg,train
16146306624.jpg,train
16148689563.jpg,train
16149994639.jpg,train
16154334792.jpg,train
16173776396.jpg,train
16174422724.jpg,train
16194437283.jpg,train
16219012912.jpg,train
16220494864.jpg,train
162307556.jpg,train
16242022335.jpg,train
16244088437.jpg,train
16253569740.jpg,train
16254730819.jpg,train
16255648962.jpg,train
16262069775.jpg,train
16265542049.jpg,train
16279304152.jpg,train
16292451613.jpg,train
16304471260.jpg,train
16316873840.jpg,train
1631755011.jpg,train
16322261402.jpg,train
16322618854.jpg,train
16323542385.jpg,train
16323639355.jpg,train
16323853467.jpg,train
1632483851.jpg,train
16333025896.jpg,train
16333202391.jpg,train
163582074.jpg,train
163749718.jpg,train
163799109.jpg,train
16387592263.jpg,train
16394741745.jpg,train
164020633.jpg,train
16405969423.jpg,train
16406556727.jpg,train
16410285003.jpg,train
16412256911.jpg,train
16436256916.jpg,train
16441246512.jpg,train
16457652.jpg,train
16460756041.jpg,train
16460758721.jpg,train
16490961172.jpg,train
16496543493.jpg,train
16500530702.jpg,train
1650715297.jpg,train
16509410154.jpg,train
16517692799.jpg,train
16547540097.jpg,train
16561342457.jpg,train
16561342737.jpg,train
16561342787.jpg,train
16561342847.jpg,train
16565655438.jpg,train
1656977315.jpg,train
16581042938.jpg,train
16581044338.jpg,train
16581044658.jpg,train
16581222410.jpg,train
16581224030.jpg,train
16600930621.jpg,train
16609162248.jpg,train
16610601349.jpg,train
16610919764.jpg,train
16613269499.jpg,train
166240899.jpg,train
16628071202.jpg,train
16631891057.jpg,train
16635150314.jpg,train
16643764598.jpg,train
16643815797.jpg,train
16653035299.jpg,train
16654198699.jpg,train
16659692500.jpg,train
16663546728.jpg,train
16663563638.jpg,train
16663752630.jpg,train
16664990149.jpg,train
16669225380.jpg,train
16672916370.jpg,train
16674155079.jpg,train
16689979919.jpg,train
16699447338.jpg,train
16699462558.jpg,train
16706317226.jpg,train
16712156.jpg,train
16715120666.jpg,train
16728933426.jpg,train
16732232489.jpg,train
1673425.jpg,train
16741998797.jpg,train
16742730486.jpg,train
16742731256.jpg,train
16752163682.jpg,train
1675374166.jpg,train
16754674526.jpg,train
16757753989.jpg,train
16758328218.jpg,train
16759802389.jpg,train
16767455661.jpg,train
16767538972.jpg,train
16773523016.jpg,train
16773523876.jpg,train
16773530286.jpg,train
16785452911.jpg,train
16794171943_2186837b2e_c.jpg,train
16798269461.jpg,train
16801649551.jpg,train
16805450716.jpg,train
16808292793.jpg,train
16822719233.jpg,train
16822841465.jpg,train
16830208492.jpg,train
16834408096.jpg,train
16834411006.jpg,train
16835051588.jpg,train
16842909580.jpg,train
16843817401.jpg,train
16855884412.jpg,train
16857398630.jpg,train
16877685064.jpg,train
16878695171.jpg,train
1688673823.jpg,train
16896889322.jpg,train
16920155262.jpg,train
16924908517.jpg,train
16927265052.jpg,train
16937330797.jpg,train
16951664867.jpg,train
16960118058.jpg,train
16961746537.jpg,train
16970252098.jpg,train
16971070264.jpg,train
169833321.jpg,train
16989650198.jpg,train
16995336412.jpg,train
1699691856.jpg,train
16999736578.jpg,train
16_deu_passport_new2.jpg,train
17000996627.jpg,train
17000998587.jpg,train
17004283282.jpg,train
17013020881.jpg,train
17019310640.jpg,train
17020687518.jpg,train
17020862218.jpg,train
17020895530.jpg,train
17024573208.jpg,train
17039187340.jpg,train
17040746037.jpg,train
17042423167.jpg,train
17055285258.jpg,train
17055600309.jpg,train
17059119872.jpg,train
17059657394.jpg,train
17071075680.jpg,train
17071214751.jpg,train
17074981302.jpg,train
170989172.jpg,train
171152688.jpg,train
171152740.jpg,train
171152850.jpg,train
171153021.jpg,train
17152315426.jpg,train
1715656235.jpg,train
17168181723.jpg,train
17178200500.jpg,train
1717941661.jpg,train
17195342489.jpg,train
17206773922.jpg,train
17209513381.jpg,train
17233257946.jpg,train
17235544592.jpg,train
17247451699.jpg,train
172786642.jpg,train
17290681446.jpg,train
173134425.jpg,train
17358696090.jpg,train
17375198188.jpg,train
17388308062.jpg,train
1739185.jpg,train
17406059635.jpg,train
1741768849.jpg,train
17433344341.jpg,train
17449394111.jpg,train
174621930.jpg,train
1747897336.jpg,train
17542810883.jpg,train
175446895.jpg,train
176094596.jpg,train
176095517.jpg,train
176095690.jpg,train
176095799.jpg,train
1762808063.jpg,train
176308443.jpg,train
176922028.jpg,train
17694052631.jpg,train
177285788.jpg,train
17742705078.jpg,train
177489867.jpg,train
17758316480.jpg,train
17798824399.jpg,train
17826294090.jpg,train
17833998290.jpg,train
17851176.jpg,train
17861646692.jpg,train
17885587976.jpg,train
17912225.jpg,train
17912308055.jpg,train
17918381798.jpg,train
1793666864.jpg,train
17952248894.jpg,train
17964396024.jpg,train
17964603044.jpg,train
17981900332.jpg,train
17989762986.jpg,train
17_deu_passport_old8.jpg,train
1800171979.jpg,train
180598075.jpg,train
180619167.jpg,train
180619331.jpg,train
1806472213.jpg,train
1806701566.jpg,train
1806943339.jpg,train
18075411.jpg,train
1807991775.jpg,train
18092332374.jpg,train
18092940724.jpg,train
18094149043.jpg,train
18094320503.jpg,train
18103986254.jpg,train
18120575835.jpg,train
1812490301.jpg,train
18141836540.jpg,train
1817846258.jpg,train
18180978314.jpg,train
18185232574.jpg,train
18185259113.jpg,train
18187149223.jpg,train
1821185830.jpg,train
18252217.jpg,train
18270837348.jpg,train
18332429.jpg,train
1833797426.jpg,train
18341988940.jpg,train
18342874249.jpg,train
1838926328.jpg,train
18397249.jpg,train
18436640554.jpg,train
1845599326.jpg,train
18473855309.jpg,train
18493861863.jpg,train
184947186.jpg,train
184979427.jpg,train
18503503986.jpg,train
18513059503.jpg,train
18527198478.jpg,train
18527291640.jpg,train
18528598249.jpg,train
18528779479.jpg,train
185449603.jpg,train
18567799845.jpg,train
18578606448.jpg,train
185819035.jpg,train
18586774593.jpg,train
1859811194.jpg,train
186045068.jpg,train
18614331839.jpg,train
18618134469.jpg,train
1863623086.jpg,train
186796145.jpg,train
186798405.jpg,train
18688507456.jpg,train
18688644316.jpg,train
18694170094.jpg,train
1869559536.jpg,train
1870769012.jpg,train
18710842212.jpg,train
18715012295.jpg,train
18717391071.jpg,train
1873487153.jpg,train
187712093.jpg,train
1877499954.jpg,train
18776535109.jpg,train
18781773633.jpg,train
18797276329.jpg,train
1880516.jpg,train
18813545376.jpg,train
18819089202.jpg,train
18857631.jpg,train
188594542.jpg,train
18871444410.jpg,train
18902006.jpg,train
18926866142.jpg,train
18931392913.jpg,train
18962258.jpg,train
1896934947.jpg,train
18_dza_passport17.jpg,train
19000665011.jpg,train
19015364521.jpg,train
19016107385.jpg,train
1906246614.jpg,train
190790953.jpg,train
19091932528.jpg,train
19092803549.jpg,train
191027564.jpg,train
19108804972.jpg,train
19108810722.jpg,train
1911046680.jpg,train
19114495435.jpg,train
19135401808.jpg,train
1914346448.jpg,train
19149899826.jpg,train
19198753.jpg,train
19253071366.jpg,train
1926190031.jpg,train
19265622806.jpg,train
19295797724.jpg,train
19349876984.jpg,train
19359183720.jpg,train
19362248079.jpg,train
19367149879.jpg,train
19372763748.jpg,train
193806485.jpg,train
193824712.jpg,train
194002431.jpg,train
194260427.jpg,train
19431312636.jpg,train
19449600181.jpg,train
19464409111.jpg,train
194652582.jpg,train
1947713772.jpg,train
194878095.jpg,train
19497868826.jpg,train
19500194663.jpg,train
19533951.jpg,train
19543781129.jpg,train
19551141138.jpg,train
195785926.jpg,train
1959327981.jpg,train
19597278119.jpg,train
1961929696.jpg,train
19637873402.jpg,train
19645678522.jpg,train
19652065012.jpg,train
19669503780.jpg,train
19685301559.jpg,train
19692692.jpg,train
19724483070.jpg,train
19727844500.jpg,train
1972843484.jpg,train
197285818.jpg,train
1979645145.jpg,train
1980757769.jpg,train
198381934.jpg,train
198381935.jpg,train
198381936.jpg,train
198406410.jpg,train
19863173841.jpg,train
19892276115.jpg,train
19897314811.jpg,train
19899834616.jpg,train
199028670.jpg,train
19919468078.jpg,train
1993787122.jpg,train
1997174870.jpg,train
20036706170.jpg,train
20036729978.jpg,train
20036732560.jpg,train
20037939704.jpg,train
201077284.jpg,train
20110330.jpg,train
20116636198.jpg,train
20117505321.jpg,train
201526541.jpg,train
2017_10001018.jpg,train
2017_10061662.jpg,train
2017_10090671.jpg,train
2017_10098268.jpg,train
2017_10102323.jpg,train
2017_10157974.jpg,train
2017_10241115.jpg,train
2017_10378493.jpg,train
2017_10379580.jpg,train
2017_10386236.jpg,train
2017_10410843.jpg,train
2017_10509431_1.jpg,train
2017_10559882.jpg,train
2017_10619684_1.jpg,train
2017_10649357_1.jpg,train
2017_10746527.jpg,train
2017_10754796.jpg,train
2017_10869123.jpg,train
2017_10951851.jpg,train
2017_10962950.jpg,train
2017_10992021.jpg,train
2017_11060553.jpg,train
2017_11084375.jpg,train
2017_11104754.jpg,train
2017_11265529.jpg,train
2017_11297216.jpg,train
2017_11330871.jpg,train
2017_11336890.jpg,train
2017_11385662.jpg,train
2017_11389043.jpg,train
2017_11415841.jpg,train
2017_11502963.jpg,train
2017_11556145.jpg,train
2017_11638569.jpg,train
2017_11666104.jpg,train
2017_11710519.jpg,train
2017_11757878.jpg,train
2017_11795540.jpg,train
2017_11930777.jpg,train
2017_11958953.jpg,train
2017_11978765.jpg,train
2017_12061676.jpg,train
2017_12083056.jpg,train
2017_12252127.jpg,train
2017_12263148.jpg,train
2017_12441535.jpg,train
2017_12501390.jpg,train
2017_12514678.jpg,train
2017_12548123.jpg,train
2017_12553772.jpg,train
2017_12595499.jpg,train
2017_12600544.jpg,train
2017_12604649.jpg,train
2017_12611028.jpg,train
2017_12736698.jpg,train
2017_12748308.jpg,train
2017_12754562_1.jpg,train
2017_12767184.jpg,train
2017_12795661.jpg,train
2017_12804277_1.jpg,train
2017_12858917.jpg,train
2017_12861989.jpg,train
2017_12973862.jpg,train
2017_13046800.jpg,train
2017_13107300.jpg,train
2017_13145891.jpg,train
2017_13167588.jpg,train
2017_13179105.jpg,train
2017_13187108.jpg,train
2017_13189306.jpg,train
2017_13279640.jpg,train
2017_13370798.jpg,train
2017_13429801.jpg,train
2017_13439968.jpg,train
2017_13469903.jpg,train
2017_13480836.jpg,train
2017_13496862.jpg,train
2017_13535846.jpg,train
2017_13540507.jpg,train
2017_13619975.jpg,train
2017_13620731.jpg,train
2017_13633786.jpg,train
2017_13640287.jpg,train
2017_13673703.jpg,train
2017_13678301.jpg,train
2017_13728989.jpg,train
2017_13826714.jpg,train
2017_13832838_1.jpg,train
2017_13835686.jpg,train
2017_14150845.jpg,train
2017_14394186.jpg,train
2017_14409388.jpg,train
2017_14426357.jpg,train
2017_14438518.jpg,train
2017_14481827.jpg,train
2017_14528238.jpg,train
2017_14601181.jpg,train
2017_14609403_1.jpg,train
2017_14698349.jpg,train
2017_14739819.jpg,train
2017_14757679_1.jpg,train
2017_14758926.jpg,train
2017_14762150_1.jpg,train
2017_14774161.jpg,train
2017_14794020.jpg,train
2017_14923685.jpg,train
2017_15038639_1.jpg,train
2017_15101571.jpg,train
2017_15192646.jpg,train
2017_15368330_1.jpg,train
2017_15385577.jpg,train
2017_15416615.jpg,train
2017_15472162.jpg,train
2017_15516436.jpg,train
2017_15540616.jpg,train
2017_15709748.jpg,train
2017_15851130.jpg,train
2017_15914382.jpg,train
2017_15923695.jpg,train
2017_15977741.jpg,train
2017_15990737_1.jpg,train
2017_16038627.jpg,train
2017_16092595.jpg,train
2017_16094154.jpg,train
2017_16104247.jpg,train
2017_16322415.jpg,train
2017_16359343.jpg,train
2017_16419738.jpg,train
2017_16454308.jpg,train
2017_16512963.jpg,train
2017_16565267.jpg,train
2017_16597013.jpg,train
2017_16724573.jpg,train
2017_16744308.jpg,train
2017_16762028.jpg,train
2017_16766682.jpg,train
2017_16829218.jpg,train
2017_16917053.jpg,train
2017_16919268.jpg,train
2017_16937764.jpg,train
2017_17040744.jpg,train
2017_17146655.jpg,train
2017_17180191.jpg,train
2017_17233499.jpg,train
2017_17310423.jpg,train
2017_17376282.jpg,train
2017_17481585.jpg,train
2017_17516949.jpg,train
2017_17608863.jpg,train
2017_17612352.jpg,train
2017_17632674.jpg,train
2017_17634855.jpg,train
2017_17784169.jpg,train
2017_17835976.jpg,train
2017_18015923.jpg,train
2017_18017431.jpg,train
2017_18193483.jpg,train
2017_18209388.jpg,train
2017_18222615_1.jpg,train
2017_18248423.jpg,train
2017_18376975.jpg,train
2017_18440129.jpg,train
2017_18470245.jpg,train
2017_18674281.jpg,train
2017_18687540.jpg,train
2017_18709202.jpg,train
2017_18810987.jpg,train
2017_18861988.jpg,train
2017_18923283.jpg,train
2017_18950074.jpg,train
2017_18990726.jpg,train
2017_19035848.jpg,train
2017_19105854.jpg,train
2017_19241405.jpg,train
2017_19345309.jpg,train
2017_19389609.jpg,train
2017_19530076.jpg,train
2017_19547360.jpg,train
2017_19581000.jpg,train
2017_19603475.jpg,train
2017_19603914.jpg,train
2017_19698979.jpg,train
2017_19707258.jpg,train
2017_19711337.jpg,train
2017_19740432.jpg,train
2017_19919845.jpg,train
2017_20035941.jpg,train
2017_20051448.jpg,train
2017_20150670.jpg,train
2017_20158329.jpg,train
2017_20175909.jpg,train
2017_20220961_1.jpg,train
2017_20385709.jpg,train
2017_20397107.jpg,train
2017_20422545.jpg,train
2017_20464174.jpg,train
2017_20490997.jpg,train
2017_20509161.jpg,train
2017_20564300.jpg,train
2017_20568406.jpg,train
2017_20590057.jpg,train
2017_20622208.jpg,train
2017_20674822.jpg,train
2017_20682934.jpg,train
2017_20702816.jpg,train
2017_20713678.jpg,train
2017_20806393.jpg,train
2017_20946089.jpg,train
2017_20964872_1.jpg,train
2017_20985473.jpg,train
2017_20987787.jpg,train
2017_21030269.jpg,train
2017_21139952.jpg,train
2017_21197669.jpg,train
2017_21219265.jpg,train
2017_21294160.jpg,train
2017_21295131.jpg,train
2017_21297298_1.jpg,train
2017_21324347.jpg,train
2017_21336349.jpg,train
2017_21355900.jpg,train
2017_21370846.jpg,train
2017_21410837.jpg,train
2017_21489067_1.jpg,train
2017_21610161.jpg,train
2017_21636524.jpg,train
2017_21639413.jpg,train
2017_21696592.jpg,train
2017_21739101.jpg,train
2017_21763217_1.jpg,train
2017_21837163.jpg,train
2017_21852726.jpg,train
2017_21862920.jpg,train
2017_21886308.jpg,train
2017_21909497.jpg,train
2017_21919158.jpg,train
2017_21949797.jpg,train
2017_22009533.jpg,train
2017_22015125.jpg,train
2017_22019477.jpg,train
2017_22026062.jpg,train
2017_22032529.jpg,train
2017_22130094.jpg,train
2017_22156445.jpg,train
2017_22191741.jpg,train
2017_22198603.jpg,train
2017_22250815.jpg,train
2017_22263870.jpg,train
2017_22318834.jpg,train
2017_22382071.jpg,train
2017_22393744.jpg,train
2017_22469522.jpg,train
2017_22485398.jpg,train
2017_22553024.jpg,train
2017_22691092.jpg,train
2017_22746881.jpg,train
2017_22795250.jpg,train
2017_22841407.jpg,train
2017_22923813.jpg,train
2017_22924301.jpg,train
2017_22971412.jpg,train
2017_23048685.jpg,train
2017_23057681.jpg,train
2017_23064323.jpg,train
2017_23073427.jpg,train
2017_23084394.jpg,train
2017_23112367.jpg,train
2017_23155298.jpg,train
2017_23158797.jpg,train
2017_23192040.jpg,train
2017_23202102.jpg,train
2017_23284073.jpg,train
2017_23293822.jpg,train
2017_23306906.jpg,train
2017_23375088.jpg,train
2017_23459807.jpg,train
2017_23521439.jpg,train
2017_23527172.jpg,train
2017_23572516.jpg,train
2017_23597303.jpg,train
2017_23762250.jpg,train
2017_23841611.jpg,train
2017_24128682.jpg,train
2017_24172174.jpg,train
2017_24284854.jpg,train
2017_24300428.jpg,train
2017_24347642.jpg,train
2017_24354652.jpg,train
2017_24376403.jpg,train
2017_24423346.jpg,train
2017_24462228.jpg,train
2017_24479397.jpg,train
2017_24539686.jpg,train
2017_24547811_1.jpg,train
2017_24598438_1.jpg,train
2017_24651289_1.jpg,train
2017_24666574.jpg,train
2017_24778735.jpg,train
2017_24938072.jpg,train
2017_24973203.jpg,train
2017_25033274.jpg,train
2017_25216803.jpg,train
2017_25247144.jpg,train
2017_25258811.jpg,train
2017_25260239.jpg,train
2017_25349511.jpg,train
2017_25364425.jpg,train
2017_25379269.jpg,train
2017_25440191.jpg,train
2017_25532661.jpg,train
2017_25698977.jpg,train
2017_25741152.jpg,train
2017_25747383.jpg,train
2017_25762733.jpg,train
2017_25791346.jpg,train
2017_25916390.jpg,train
2017_25924582.jpg,train
2017_25984588.jpg,train
2017_26003780.jpg,train
2017_26041748.jpg,train
2017_26136736.jpg,train
2017_26151975.jpg,train
2017_26171079.jpg,train
2017_26185965.jpg,train
2017_26212883.jpg,train
2017_26250389.jpg,train
2017_26253107.jpg,train
2017_26270955.jpg,train
2017_26306850.jpg,train
2017_26481615.jpg,train
2017_26489858.jpg,train
2017_26533586.jpg,train
2017_26554483.jpg,train
2017_26563725.jpg,train
2017_26584586.jpg,train
2017_26730125.jpg,train
2017_26760771_1.jpg,train
2017_26789844.jpg,train
2017_26810889.jpg,train
2017_26819637.jpg,train
2017_26821844.jpg,train
2017_26834781.jpg,train
2017_26843412.jpg,train
2017_26847092.jpg,train
2017_26888171.jpg,train
2017_27012941.jpg,train
2017_27019497.jpg,train
2017_27038443.jpg,train
2017_27090955.jpg,train
2017_27193948.jpg,train
2017_27262226_1.jpg,train
2017_27323198.jpg,train
2017_27331832.jpg,train
2017_27378002.jpg,train
2017_27406999.jpg,train
2017_27412948.jpg,train
2017_27446911.jpg,train
2017_27498084.jpg,train
2017_27668491.jpg,train
2017_27813349.jpg,train
2017_27854818.jpg,train
2017_27898698.jpg,train
2017_28059306.jpg,train
2017_28076489.jpg,train
2017_28091583_1.jpg,train
2017_28287745.jpg,train
2017_28347730.jpg,train
2017_28391726.jpg,train
2017_28420969.jpg,train
2017_28459103.jpg,train
2017_28510485.jpg,train
2017_28522237.jpg,train
2017_28533042.jpg,train
2017_28556572.jpg,train
2017_28619207.jpg,train
2017_28639751.jpg,train
2017_28738255.jpg,train
2017_28889943.jpg,train
2017_28894990.jpg,train
2017_28972440.jpg,train
2017_29067317.jpg,train
2017_29145943.jpg,train
2017_29210481.jpg,train
2017_29240715.jpg,train
2017_29258968.jpg,train
2017_29262110.jpg,train
2017_29321158.jpg,train
2017_29342987.jpg,train
2017_29418871.jpg,train
2017_29425982.jpg,train
2017_29604641.jpg,train
2017_29669811.jpg,train
2017_29672850.jpg,train
2017_29727136.jpg,train
2017_29761512.jpg,train
2017_29777132.jpg,train
2017_29789049.jpg,train
2017_29790693_1.jpg,train
2017_29806312_1.jpg,train
2017_29854712.jpg,train
2017_29893739.jpg,train
2017_29936772.jpg,train
2017_29972028.jpg,train
2017_30193945.jpg,train
2017_30335367.jpg,train
2017_30343776.jpg,train
2017_30397407.jpg,train
2017_30453978.jpg,train
2017_30461031.jpg,train
2017_30492436.jpg,train
2017_30506091.jpg,train
2017_30508841.jpg,train
2017_30610407.jpg,train
2017_30622680.jpg,train
2017_30693993.jpg,train
2017_30694457.jpg,train
2017_30743270_1.jpg,train
2017_30804178.jpg,train
2017_30883293.jpg,train
2017_30926080.jpg,train
2017_30950254.jpg,train
2017_31045620.jpg,train
2017_31090546.jpg,train
2017_31105044.jpg,train
2017_31315520.jpg,train
2017_31393347.jpg,train
2017_31503244.jpg,train
2017_31528496.jpg,train
2017_31636527_1.jpg,train
2017_31701452.jpg,train
2017_31813956.jpg,train
2017_31868400.jpg,train
2017_31911454.jpg,train
2017_32084834.jpg,train
2017_32113128.jpg,train
2017_32140017.jpg,train
2017_32146960.jpg,train
2017_32261692.jpg,train
2017_32272115.jpg,train
2017_32312640.jpg,train
2017_32386828.jpg,train
2017_32427267.jpg,train
2017_32482880.jpg,train
2017_32502590.jpg,train
2017_32570335.jpg,train
2017_32666862.jpg,train
2017_32708706.jpg,train
2017_32730649.jpg,train
2017_32762952.jpg,train
2017_32805963.jpg,train
2017_32829499.jpg,train
2017_32849153.jpg,train
2017_32895333.jpg,train
2017_32907434.jpg,train
2017_32908440.jpg,train
2017_32943080.jpg,train
2017_33019971_2.jpg,train
2017_33032329.jpg,train
2017_33065992.jpg,train
2017_33082159.jpg,train
2017_33134368.jpg,train
2017_33164103.jpg,train
2017_33187496.jpg,train
2017_33205645.jpg,train
2017_33211829.jpg,train
2017_33298143.jpg,train
2017_33321332.jpg,train
2017_33331968.jpg,train
2017_33351658.jpg,train
2017_33389319.jpg,train
2017_33443371.jpg,train
2017_33505818.jpg,train
2017_33568018.jpg,train
2017_33618476.jpg,train
2017_33627761.jpg,train
2017_33776205.jpg,train
2017_33801428.jpg,train
2017_33847246.jpg,train
2017_33995608.jpg,train
2017_34160719.jpg,train
2017_34201489.jpg,train
2017_34221917.jpg,train
2017_34232212.jpg,train
2017_34310136_1.jpg,train
2017_34361535.jpg,train
2017_34375061.jpg,train
2017_34401004.jpg,train
2017_34480772.jpg,train
2017_34534874.jpg,train
2017_34660217.jpg,train
2017_34700983.jpg,train
2017_34841126.jpg,train
2017_34901261.jpg,train
2017_34905759_1.jpg,train
2017_34990680_1.jpg,train
2017_34999858.jpg,train
2017_35015706.jpg,train
2017_35051318.jpg,train
2017_35087132.jpg,train
2017_35098627.jpg,train
2017_35126554.jpg,train
2017_35203969.jpg,train
2017_35261991.jpg,train
2017_35318581.jpg,train
2017_35345524.jpg,train
2017_35412545.jpg,train
2017_35505179.jpg,train
2017_35659720.jpg,train
2017_35710389.jpg,train
2017_35768561.jpg,train
2017_35815977.jpg,train
2017_35945050.jpg,train
2017_35975255.jpg,train
2017_36170270.jpg,train
2017_36203537.jpg,train
2017_36424477_1.jpg,train
2017_36460579.jpg,train
2017_36514946.jpg,train
2017_36593482.jpg,train
2017_36704963.jpg,train
2017_36786010.jpg,train
2017_36823160.jpg,train
2017_36825547.jpg,train
2017_36828093.jpg,train
2017_36952615.jpg,train
2017_36968377.jpg,train
2017_36968820.jpg,train
2017_37094584.jpg,train
2017_37215676.jpg,train
2017_37268970.jpg,train
2017_37316913.jpg,train
2017_37324356_1.jpg,train
2017_37404019.jpg,train
2017_37421280.jpg,train
2017_37439534.jpg,train
2017_37441674.jpg,train
2017_37471309.jpg,train
2017_37476812.jpg,train
2017_37508336.jpg,train
2017_37522744.jpg,train
2017_37564221.jpg,train
2017_37566169.jpg,train
2017_37700644.jpg,train
2017_37704772.jpg,train
2017_37912202.jpg,train
2017_38009928.jpg,train
2017_38028520.jpg,train
2017_38038185.jpg,train
2017_38059564.jpg,train
2017_38079420.jpg,train
2017_38115633.jpg,train
2017_38123328.jpg,train
2017_38135060.jpg,train
2017_38148045.jpg,train
2017_38195124.jpg,train
2017_38225058.jpg,train
2017_38259660.jpg,train
2017_38391027.jpg,train
2017_38411770.jpg,train
2017_38446669.jpg,train
2017_38454228.jpg,train
2017_38519512_2.jpg,train
2017_38544790.jpg,train
2017_38635968.jpg,train
2017_38642674.jpg,train
2017_38647653.jpg,train
2017_38702588.jpg,train
2017_38733560.jpg,train
2017_38742860.jpg,train
2017_38759206.jpg,train
2017_38824189.jpg,train
2017_38824276.jpg,train
2017_38884000.jpg,train
2017_38913146.jpg,train
2017_38943978.jpg,train
2017_38944561.jpg,train
2017_39032813.jpg,train
2017_39108192.jpg,train
2017_39142721.jpg,train
2017_39454703.jpg,train
2017_39582600.jpg,train
2017_39713869.jpg,train
2017_40120574.jpg,train
2017_40198133.jpg,train
2017_40315811.jpg,train
2017_40602981.jpg,train
2017_40621996.jpg,train
2017_40644552.jpg,train
2017_40804380.jpg,train
2017_40861100.jpg,train
2017_41063793.jpg,train
2017_41115353.jpg,train
2017_41148793.jpg,train
2017_41170400.jpg,train
2017_41329050.jpg,train
2017_41671130.jpg,train
2017_41732877.jpg,train
2017_41750527.jpg,train
2017_41793336.jpg,train
2017_41832273.jpg,train
2017_41841650.jpg,train
2017_41857138.jpg,train
2017_41977985.jpg,train
2017_41979491.jpg,train
2017_41981809.jpg,train
2017_42014715.jpg,train
2017_42103513.jpg,train
2017_42165911.jpg,train
2017_42249603.jpg,train
2017_42312232.jpg,train
2017_42471104.jpg,train
2017_42524515.jpg,train
2017_42653337.jpg,train
2017_42653732.jpg,train
2017_42708336.jpg,train
2017_42798439.jpg,train
2017_42974367.jpg,train
2017_43048282.jpg,train
2017_43157851.jpg,train
2017_43192057.jpg,train
2017_43389195.jpg,train
2017_43429789.jpg,train
2017_43512758.jpg,train
2017_43548517.jpg,train
2017_43573522.jpg,train
2017_44030243.jpg,train
2017_44164297.jpg,train
2017_44194780.jpg,train
2017_44305109.jpg,train
2017_44338451.jpg,train
2017_44349107.jpg,train
2017_44362795.jpg,train
2017_44414994.jpg,train
2017_44438599.jpg,train
2017_44488860.jpg,train
2017_44664027.jpg,train
2017_44709419.jpg,train
2017_44790685.jpg,train
2017_44817838.jpg,train
2017_44870419.jpg,train
2017_44927947.jpg,train
2017_45000550.jpg,train
2017_45070007.jpg,train
2017_45083590.jpg,train
2017_45132220.jpg,train
2017_45139989.jpg,train
2017_45364669.jpg,train
2017_45402228.jpg,train
2017_45484290.jpg,train
2017_45673743.jpg,train
2017_45703996.jpg,train
2017_45711110.jpg,train
2017_45720188.jpg,train
2017_45727954.jpg,train
2017_45770769.jpg,train
2017_45889282.jpg,train
2017_45945159.jpg,train
2017_46435022.jpg,train
2017_46449742.jpg,train
2017_46474776.jpg,train
2017_46545827.jpg,train
2017_46599120.jpg,train
2017_46650012.jpg,train
2017_46684956.jpg,train
2017_46834435.jpg,train
2017_47032966.jpg,train
2017_47208876.jpg,train
2017_47440642.jpg,train
2017_47599882.jpg,train
2017_47679917.jpg,train
2017_47686443.jpg,train
2017_47773571.jpg,train
2017_48020399.jpg,train
2017_48205822_1.jpg,train
2017_48264268_1.jpg,train
2017_48272066.jpg,train
2017_48288696.jpg,train
2017_48299784.jpg,train
2017_48347927.jpg,train
2017_48390528.jpg,train
2017_48697232.jpg,train
2017_48728111.jpg,train
2017_48821605.jpg,train
2017_48923492.jpg,train
2017_49076613.jpg,train
2017_49081826.jpg,train
2017_49081926.jpg,train
2017_49096752.jpg,train
2017_49295759.jpg,train
2017_49485382.jpg,train
2017_49632128.jpg,train
2017_49638583.jpg,train
2017_49659202.jpg,train
2017_49738006.jpg,train
2017_49810581.jpg,train
2017_49819586.jpg,train
2017_50058703.jpg,train
2017_50081617.jpg,train
2017_50148028_1.jpg,train
2017_50241186.jpg,train
2017_50311319.jpg,train
2017_50548488.jpg,train
2017_50555942.jpg,train
2017_50557611.jpg,train
2017_50932921.jpg,train
2017_51073518.jpg,train
2017_51216712.jpg,train
2017_51341717.jpg,train
2017_51342162.jpg,train
2017_51376590.jpg,train
2017_51735704.jpg,train
2017_51802102.jpg,train
2017_51867700.jpg,train
2017_51911266.jpg,train
2017_52041374.jpg,train
2017_52165743.jpg,train
2017_52280413_3.jpg,train
2017_52451954.jpg,train
2017_52577592.jpg,train
2017_52626205.jpg,train
2017_52759539.jpg,train
2017_52900951.jpg,train
2017_52913421.jpg,train
2017_53041676.jpg,train
2017_53131542.jpg,train
2017_53244084.jpg,train
2017_53426977.jpg,train
2017_53484136.jpg,train
2017_53502552.jpg,train
2017_53639763.jpg,train
2017_53698753.jpg,train
2017_53731523.jpg,train
2017_53786844.jpg,train
2017_53863549.jpg,train
2017_53866238.jpg,train
2017_53891270.jpg,train
2017_53900279.jpg,train
2017_54083627.jpg,train
2017_54206842.jpg,train
2017_54323613.jpg,train
2017_54343037.jpg,train
2017_54399548.jpg,train
2017_54452675.jpg,train
2017_54552559.jpg,train
2017_54639857.jpg,train
2017_55011190.jpg,train
2017_55053074.jpg,train
2017_55094913.jpg,train
2017_55123298.jpg,train
2017_55146241.jpg,train
2017_55227845.jpg,train
2017_55346297.jpg,train
2017_55505141.jpg,train
2017_55519862.jpg,train
2017_55527913.jpg,train
2017_55672749.jpg,train
2017_55715042.jpg,train
2017_55811377.jpg,train
2017_55828887.jpg,train
2017_55868109.jpg,train
2017_55886804.jpg,train
2017_55904061.jpg,train
2017_55952975.jpg,train
2017_55995095.jpg,train
2017_56236852.jpg,train
2017_56467906.jpg,train
2017_56506771.jpg,train
2017_56808927.jpg,train
2017_56908877.jpg,train
2017_57012188.jpg,train
2017_57020530.jpg,train
2017_57132967.jpg,train
2017_57186913.jpg,train
2017_57282918.jpg,train
2017_57449541.jpg,train
2017_57451917.jpg,train
2017_57458897.jpg,train
2017_57618075.jpg,train
2017_57688800.jpg,train
2017_57754561.jpg,train
2017_57815888.jpg,train
2017_58030068.jpg,train
2017_58091627.jpg,train
2017_58459380.jpg,train
2017_58464426.jpg,train
2017_58534648.jpg,train
2017_58544151.jpg,train
2017_58583741.jpg,train
2017_58585879.jpg,train
2017_58601014.jpg,train
2017_58695636_1.jpg,train
2017_59105592.jpg,train
2017_59200197.jpg,train
2017_59433963.jpg,train
2017_59444452.jpg,train
2017_59577947.jpg,train
2017_59620120.jpg,train
2017_59692308_1.jpg,train
2017_59836584.jpg,train
2017_59979839.jpg,train
2017_60030981.jpg,train
2017_60183504.jpg,train
2017_60253184.jpg,train
2017_60446763.jpg,train
2017_60632556.jpg,train
2017_60710712.jpg,train
2017_60890594.jpg,train
2017_60967431.jpg,train
2017_61044474.jpg,train
2017_61046743.jpg,train
2017_61217577.jpg,train
2017_61223729.jpg,train
2017_61283117.jpg,train
2017_61314397.jpg,train
2017_61427802.jpg,train
2017_61587180.jpg,train
2017_61636394.jpg,train
2017_61695236.jpg,train
2017_61866317.jpg,train
2017_61979782.jpg,train
2017_62093290.jpg,train
2017_62124091.jpg,train
2017_62504301.jpg,train
2017_62613410.jpg,train
2017_62761254.jpg,train
2017_62959397.jpg,train
2017_63013039.jpg,train
2017_63094387.jpg,train
2017_63179963.jpg,train
2017_63229932.jpg,train
2017_63282699.jpg,train
2017_63423972.jpg,train
2017_63512761.jpg,train
2017_63646092.jpg,train
2017_63759302.jpg,train
2017_63804156.jpg,train
2017_63884747.jpg,train
2017_63902146.jpg,train
2017_64225318.jpg,train
2017_64227381.jpg,train
2017_64288506.jpg,train
2017_64343919.jpg,train
2017_64848342.jpg,train
2017_64870469.jpg,train
2017_65046315.jpg,train
2017_65237340.jpg,train
2017_65307022.jpg,train
2017_65445208.jpg,train
2017_65516767.jpg,train
2017_65594271.jpg,train
2017_65718600.jpg,train
2017_65730859.jpg,train
2017_65889766.jpg,train
2017_65901657.jpg,train
2017_65978733.jpg,train
2017_65985114.jpg,train
2017_66079002.jpg,train
2017_66121368_2.jpg,train
2017_66244726.jpg,train
2017_66442569.jpg,train
2017_66460567.jpg,train
2017_66472564.jpg,train
2017_66523696.jpg,train
2017_66619335.jpg,train
2017_66722230.jpg,train
2017_66745676.jpg,train
2017_66929682.jpg,train
2017_66932149.jpg,train
2017_67003551.jpg,train
2017_67076916.jpg,train
2017_67579701.jpg,train
2017_67633541.jpg,train
2017_67682231.jpg,train
2017_67914030.jpg,train
2017_68024698.jpg,train
2017_68049968.jpg,train
2017_68050888_1.jpg,train
2017_68163484.jpg,train
2017_68225584.jpg,train
2017_68362090.jpg,train
2017_68479037.jpg,train
2017_68529686.jpg,train
2017_68639716.jpg,train
2017_68791192.jpg,train
2017_69175022.jpg,train
2017_69473967.jpg,train
2017_69663709.jpg,train
2017_69791412.jpg,train
2017_69906492.jpg,train
2017_69974573.jpg,train
2017_70292475.jpg,train
2017_70348974.jpg,train
2017_70562674.jpg,train
2017_70567530.jpg,train
2017_70647403.jpg,train
2017_70681283.jpg,train
2017_70830037.jpg,train
2017_70860963.jpg,train
2017_70970997.jpg,train
2017_70999087.jpg,train
2017_71042870.jpg,train
2017_71139161.jpg,train
2017_71199163.jpg,train
2017_71242539.jpg,train
2017_71379622.jpg,train
2017_71570785.jpg,train
2017_71586544.jpg,train
2017_71587918.jpg,train
2017_71619246.jpg,train
2017_71752351.jpg,train
2017_71841677.jpg,train
2017_71848312.jpg,train
2017_71968555.jpg,train
2017_71978315.jpg,train
2017_72002463.jpg,train
2017_72153199.jpg,train
2017_72162473.jpg,train
2017_72166165.jpg,train
2017_72304108.jpg,train
2017_72409215.jpg,train
2017_72454153.jpg,train
2017_72649445.jpg,train
2017_72663105.jpg,train
2017_72673751.jpg,train
2017_72771236.jpg,train
2017_72878021.jpg,train
2017_72955257.jpg,train
2017_73000086.jpg,train
2017_73000407.jpg,train
2017_73106483.jpg,train
2017_73518476.jpg,train
2017_73612487.jpg,train
2017_73627602.jpg,train
2017_73638747.jpg,train
2017_73660047.jpg,train
2017_73666694.jpg,train
2017_73680097.jpg,train
2017_73785543.jpg,train
2017_73807032.jpg,train
2017_73917684.jpg,train
2017_73922937.jpg,train
2017_73958403.jpg,train
2017_73995840.jpg,train
2017_74085416.jpg,train
2017_74330395.jpg,train
2017_74446496.jpg,train
2017_74545156.jpg,train
2017_74614810.jpg,train
2017_74772342.jpg,train
2017_74937358.jpg,train
2017_74942342.jpg,train
2017_74967185.jpg,train
2017_75050327.jpg,train
2017_75128566.jpg,train
2017_75490543.jpg,train
2017_75685261.jpg,train
2017_75723139_1.jpg,train
2017_75847873_1.jpg,train
2017_75878043.jpg,train
2017_76110102.jpg,train
2017_76161678.jpg,train
2017_76241320_1.jpg,train
2017_76338163.jpg,train
2017_76339974.jpg,train
2017_76386524.jpg,train
2017_76437785.jpg,train
2017_76510374_1.jpg,train
2017_76542247.jpg,train
2017_76606359.jpg,train
2017_76665800.jpg,train
2017_76764903.jpg,train
2017_77054832.jpg,train
2017_77067548.jpg,train
2017_77328179.jpg,train
2017_77414512.jpg,train
2017_77447152.jpg,train
2017_77451503.jpg,train
2017_77597120.jpg,train
2017_77608119.jpg,train
2017_77625378.jpg,train
2017_77690565.jpg,train
2017_77704517.jpg,train
2017_77708409.jpg,train
2017_77710122.jpg,train
2017_77741188.jpg,train
2017_77746379.jpg,train
2017_77767299.jpg,train
2017_77813561.jpg,train
2017_77918314.jpg,train
2017_77937581.jpg,train
2017_77988718.jpg,train
2017_78071956.jpg,train
2017_78179362.jpg,train
2017_78223732.jpg,train
2017_78259964.jpg,train
2017_78286612.jpg,train
2017_78382585.jpg,train
2017_78414214.jpg,train
2017_78567874.jpg,train
2017_78612037.jpg,train
2017_78796952.jpg,train
2017_79007874.jpg,train
2017_79085097.jpg,train
2017_79092731.jpg,train
2017_79242205_1.jpg,train
2017_79341900.jpg,train
2017_79436536.jpg,train
2017_79452329.jpg,train
2017_79698969.jpg,train
2017_79772948.jpg,train
2017_79910090.jpg,train
2017_79937212.jpg,train
2017_80042822.jpg,train
2017_80109479.jpg,train
2017_80132872.jpg,train
2017_80264565.jpg,train
2017_80315829.jpg,train
2017_80354473.jpg,train
2017_80380458.jpg,train
2017_80511950.jpg,train
2017_80551421.jpg,train
2017_80582799.jpg,train
2017_80714708.jpg,train
2017_80772781.jpg,train
2017_80842778.jpg,train
2017_80925506.jpg,train
2017_80926705.jpg,train
2017_80929674.jpg,train
2017_80977581.jpg,train
2017_81006552.jpg,train
2017_81060085.jpg,train
2017_81181868.jpg,train
2017_81248843.jpg,train
2017_81448817.jpg,train
2017_81555699.jpg,train
2017_81635392.jpg,train
2017_82056984.jpg,train
2017_82090465.jpg,train
2017_82346413.jpg,train
2017_82400300.jpg,train
2017_82635221.jpg,train
2017_82676359.jpg,train
2017_82715566.jpg,train
2017_82802776.jpg,train
2017_82863859.jpg,train
2017_82890540.jpg,train
2017_82898251.jpg,train
2017_83031295.jpg,train
2017_83053850.jpg,train
2017_83120463.jpg,train
2017_83365164.jpg,train
2017_83387595.jpg,train
2017_83407700.jpg,train
2017_83412714.jpg,train
2017_83460862.jpg,train
2017_83473013.jpg,train
2017_83557922.jpg,train
2017_83652315.jpg,train
2017_83807859.jpg,train
2017_84010816.jpg,train
2017_84061647.jpg,train
2017_84234840.jpg,train
2017_84271151.jpg,train
2017_84325364.jpg,train
2017_84361832.jpg,train
2017_84378152.jpg,train
2017_84439748.jpg,train
2017_84564922.jpg,train
2017_84695413.jpg,train
2017_84725629.jpg,train
2017_84792688.jpg,train
2017_84850009.jpg,train
2017_84892985.jpg,train
2017_84937039.jpg,train
2017_85081037.jpg,train
2017_85106133.jpg,train
2017_85210196.jpg,train
2017_85292269.jpg,train
2017_85311562.jpg,train
2017_85394702.jpg,train
2017_85547512.jpg,train
2017_85613257.jpg,train
2017_85759298.jpg,train
2017_85997650.jpg,train
2017_86013478.jpg,train
2017_86101210.jpg,train
2017_86141307.jpg,train
2017_86223958.jpg,train
2017_86393492.jpg,train
2017_86447994.jpg,train
2017_86632483.jpg,train
2017_86662062.jpg,train
2017_86823107.jpg,train
2017_87033789.jpg,train
2017_87055718.jpg,train
2017_87116110.jpg,train
2017_87404701.jpg,train
2017_87468427.jpg,train
2017_87539284.jpg,train
2017_87668134.jpg,train
2017_87704969.jpg,train
2017_87797635.jpg,train
2017_87854310.jpg,train
2017_87978601.jpg,train
2017_88375462.jpg,train
2017_88404453_1.jpg,train
2017_88412626.jpg,train
2017_88481641.jpg,train
2017_88774610.jpg,train
2017_88850218.jpg,train
2017_88859502.jpg,train
2017_88956184.jpg,train
2017_89024329.jpg,train
2017_89144701.jpg,train
2017_89317201.jpg,train
2017_89383065.jpg,train
2017_89668260.jpg,train
2017_89713848.jpg,train
2017_89742368.jpg,train
2017_89877909_1.jpg,train
2017_89992785.jpg,train
2017_90031347.jpg,train
2017_90225980.jpg,train
2017_90301762.jpg,train
2017_90390410.jpg,train
2017_90392232.jpg,train
2017_90717847.jpg,train
2017_90814272.jpg,train
2017_90863194.jpg,train
2017_90908677.jpg,train
2017_90917658.jpg,train
2017_91061644.jpg,train
2017_91159945.jpg,train
2017_91232537.jpg,train
2017_91315295.jpg,train
2017_91469565.jpg,train
2017_91616372.jpg,train
2017_91627984.jpg,train
2017_91923541_1.jpg,train
2017_92181109.jpg,train
2017_92227166_2.jpg,train
2017_92267003.jpg,train
2017_92300705.jpg,train
2017_92664048_1.jpg,train
2017_92692209.jpg,train
2017_92809866.jpg,train
2017_92824960.jpg,train
2017_93026604.jpg,train
2017_93126986.jpg,train
2017_93397667.jpg,train
2017_93412260.jpg,train
2017_93522599.jpg,train
2017_93588106.jpg,train
2017_93590161.jpg,train
2017_93616970.jpg,train
2017_93678429.jpg,train
2017_93844798.jpg,train
2017_93961208_1.jpg,train
2017_94043130.jpg,train
2017_94086839.jpg,train
2017_94265240.jpg,train
2017_94303155.jpg,train
2017_94333827.jpg,train
2017_94355167.jpg,train
2017_94373724.jpg,train
2017_94554195.jpg,train
2017_94683450.jpg,train
2017_94692094.jpg,train
2017_94708316.jpg,train
2017_94711063.jpg,train
2017_94727891.jpg,train
2017_94746198.jpg,train
2017_94780527.jpg,train
2017_94805443.jpg,train
2017_94810216.jpg,train
2017_94815541.jpg,train
2017_94856531.jpg,train
2017_94904317.jpg,train
2017_94928100.jpg,train
2017_94989300.jpg,train
2017_94989966.jpg,train
2017_95173655.jpg,train
2017_95358590.jpg,train
2017_95367362.jpg,train
2017_95418493.jpg,train
2017_95475995.jpg,train
2017_95491497.jpg,train
2017_95523247.jpg,train
2017_95665762.jpg,train
2017_95753305.jpg,train
2017_95783050.jpg,train
2017_95899075.jpg,train
2017_96037582.jpg,train
2017_96067830.jpg,train
2017_96145949.jpg,train
2017_96201864.jpg,train
2017_96207983.jpg,train
2017_96282796.jpg,train
2017_96307525.jpg,train
2017_96373157.jpg,train
2017_96449118.jpg,train
2017_96526953.jpg,train
2017_96829476.jpg,train
2017_96883569.jpg,train
2017_96913909_1.jpg,train
2017_97084974.jpg,train
2017_97256280.jpg,train
2017_97294074.jpg,train
2017_97439396.jpg,train
2017_97441010.jpg,train
2017_97473594.jpg,train
2017_97706850.jpg,train
2017_98060753.jpg,train
2017_98127852.jpg,train
2017_98162066.jpg,train
2017_98186622.jpg,train
2017_98338074.jpg,train
2017_98421373.jpg,train
2017_98449307.jpg,train
2017_98675150.jpg,train
2017_98980244.jpg,train
2017_99084296.jpg,train
2017_99280862.jpg,train
2017_99393041.jpg,train
2017_99460487.jpg,train
2017_99605033.jpg,train
2017_99617810.jpg,train
2017_99620513.jpg,train
2017_99669632.jpg,train
2017_99765281.jpg,train
2017_99888608.jpg,train
2017_99908039.jpg,train
2019880095.jpg,train
20236898391.jpg,train
202435210.jpg,train
2024422613.jpg,train
20260958815.jpg,train
2026996431.jpg,train
20339615598.jpg,train
2034618207.jpg,train
2034878769.jpg,train
2035690519.jpg,train
2035825003.jpg,train
20363816491.jpg,train
203757207.jpg,train
20386757589.jpg,train
2039188991.jpg,train
204104282.jpg,train
20435070.jpg,train
204480930.jpg,train
2046050240.jpg,train
2047476812.jpg,train
2047792791.jpg,train
20505493133.jpg,train
2053252678.jpg,train
2054980993.jpg,train
2055221888.jpg,train
205528180.jpg,train
2055357955.jpg,train
205552214.jpg,train
2056137266.jpg,train
2060058041.jpg,train
2061022608.jpg,train
2063065256.jpg,train
20649170.jpg,train
20654889781.jpg,train
2065919828.jpg,train
20680534695_73fd483c74_c.jpg,train
2069667676.jpg,train
20696805779.jpg,train
20701642883.jpg,train
2070956211.jpg,train
2071487303.jpg,train
207171371.jpg,train
2074158969.jpg,train
2074275416.jpg,train
2074570565.jpg,train
20759821723.jpg,train
2076622625.jpg,train
20772734.jpg,train
2079472567.jpg,train
20799156028.jpg,train
20826006900.jpg,train
2082777347.jpg,train
2083056518.jpg,train
2083194287.jpg,train
20837810.jpg,train
208466233.jpg,train
208480784.jpg,train
2085908192.jpg,train
2085950145.jpg,train
20864670953.jpg,train
20875598939.jpg,train
20883628613.jpg,train
20898811079.jpg,train
20930669299.jpg,train
2093738169.jpg,train
2093791921.jpg,train
20952465958.jpg,train
20964011821.jpg,train
209752765.jpg,train
2099686935.jpg,train
20998673141.jpg,train
20_esp_id_new.jpg,train
21036020804.jpg,train
21050879148.jpg,train
21068514508.jpg,train
2106882187.jpg,train
21074259758.jpg,train
21075464.jpg,train
2109575206.jpg,train
2109707342.jpg,train
2111378850.jpg,train
2113149950.jpg,train
2114232781.jpg,train
21146371511.jpg,train
211491290.jpg,train
2115497412.jpg,train
21165841630.jpg,train
21165850306.jpg,train
21168515106.jpg,train
2117310945.jpg,train
211761001.jpg,train
21205675.jpg,train
21219959882.jpg,train
2122266357.jpg,train
212244823.jpg,train
21247246803.jpg,train
2125045276.jpg,train
212511399.jpg,train
2125672451.jpg,train
2125674987.jpg,train
2126000468.jpg,train
2126450148.jpg,train
2126460729.jpg,train
212697216.jpg,train
21269982910.jpg,train
2129215922.jpg,train
21296447.jpg,train
21300501122.jpg,train
2135557723.jpg,train
2136022613.jpg,train
2138110279.jpg,train
2140256415.jpg,train
2140681539.jpg,train
2142399953.jpg,train
2142421341.jpg,train
2142775937.jpg,train
214302549.jpg,train
21431784086.jpg,train
21439000539.jpg,train
21440384334.jpg,train
2144768.jpg,train
21448985111.jpg,train
2144959268.jpg,train
2145361737.jpg,train
214812913.jpg,train
21487357924.jpg,train
2149210089.jpg,train
2149426198.jpg,train
215071830.jpg,train
21508934846.jpg,train
2151737007.jpg,train
215212005.jpg,train
2152938573.jpg,train
2154763675.jpg,train
2157578125.jpg,train
2157613084.jpg,train
21593185.jpg,train
2160523465.jpg,train
2161874657.jpg,train
21633070722.jpg,train
21684808485.jpg,train
2169287285.jpg,train
216938811.jpg,train
21702529434.jpg,train
2170502183.jpg,train
2170823549.jpg,train
217113378.jpg,train
2171158573.jpg,train
2173221013.jpg,train
2174749588.jpg,train
2174985253.jpg,train
2175238539.jpg,train
2176958936.jpg,train
21782202395.jpg,train
21782237515.jpg,train
21783822204.jpg,train
2178431563.jpg,train
21795650833.jpg,train
2181159597.jpg,train
21828354388.jpg,train
21850011281.jpg,train
21854115863.jpg,train
2186913882.jpg,train
2187763665.jpg,train
21889986650.jpg,train
21896985954.jpg,train
21909322.jpg,train
2191652152.jpg,train
21921371945.jpg,train
21923779039.jpg,train
21947986214.jpg,train
21961852164.jpg,train
2197193390.jpg,train
21_esp_id_old.jpg,train
22007360336.jpg,train
22014954662.jpg,train
22038271272.jpg,train
22040224493.jpg,train
22049378419.jpg,train
2209747758.jpg,train
2210795454.jpg,train
2211461396.jpg,train
2211796395.jpg,train
2212202642.jpg,train
221351389.jpg,train
221614340.jpg,train
2216535281.jpg,train
2216932369.jpg,train
22169850420_b95ec3ea88_c.jpg,train
2218829949.jpg,train
222003219.jpg,train
22202791250.jpg,train
2222272640.jpg,train
2222284985.jpg,train
222473190.jpg,train
2225731514.jpg,train
2225919574.jpg,train
2226931123.jpg,train
22286359300.jpg,train
2229370379.jpg,train
2230498883.jpg,train
2232201222.jpg,train
22322355590.jpg,train
22323834821.jpg,train
2232926295.jpg,train
22333194.jpg,train
22334440230.jpg,train
22348313783.jpg,train
2237742802.jpg,train
2238796519.jpg,train
2240003785.jpg,train
2244042947.jpg,train
22448860605.jpg,train
2246994194.jpg,train
2248144526.jpg,train
2249290633.jpg,train
2250091984.jpg,train
225046291.jpg,train
22507297402.jpg,train
22509431103.jpg,train
22514177523.jpg,train
225270137.jpg,train
22539108303.jpg,train
225444591.jpg,train
2254882303.jpg,train
2256448339.jpg,train
2256506801.jpg,train
22577735059.jpg,train
22578333749.jpg,train
2257975497.jpg,train
225856074.jpg,train
2258599394.jpg,train
2259922772.jpg,train
2259925721.jpg,train
22601010609.jpg,train
2260150803.jpg,train
2260943170.jpg,train
22618599681.jpg,train
22628635972.jpg,train
22628860766.jpg,train
2263791182.jpg,train
22670166110.jpg,train
2267295921.jpg,train
22685043235.jpg,train
2270126339.jpg,train
2271443025.jpg,train
22723601549.jpg,train
2272370686.jpg,train
2272736362.jpg,train
22743108769.jpg,train
22745950839.jpg,train
2274689446.jpg,train
2275382430.jpg,train
227606120.jpg,train
2276914329.jpg,train
2277326844.jpg,train
2277453684.jpg,train
2279304133.jpg,train
22794372814.jpg,train
2279572140.jpg,train
2281762775.jpg,train
228239951.jpg,train
22850633.jpg,train
22850799159.jpg,train
2287721190.jpg,train
22878123996.jpg,train
2289513120.jpg,train
2291689881.jpg,train
2292483267.jpg,train
2292491904.jpg,train
2293606352.jpg,train
229402191.jpg,train
22949290.jpg,train
2295009935.jpg,train
2295223443.jpg,train
2295916024.jpg,train
22960603150.jpg,train
22964309694.jpg,train
2297615165.jpg,train
22994639540.jpg,train
2301878090.jpg,train
230234174.jpg,train
2302761903.jpg,train
2302950895.jpg,train
2303047077.jpg,train
2306545255.jpg,train
23067711574.jpg,train
2306909958.jpg,train
2307030893.jpg,train
2307945601.jpg,train
2311758485.jpg,train
2311771765.jpg,train
23126588703.jpg,train
231322274.jpg,train
231324508.jpg,train
23161371.jpg,train
2316248789.jpg,train
23220728999_4be3286b7f_c.jpg,train
23221866920.jpg,train
23221921789.jpg,train
23256452435.jpg,train
23256460365.jpg,train
2326057911.jpg,train
2327418161.jpg,train
23290222834.jpg,train
23294733534.jpg,train
2331039157.jpg,train
2331039815.jpg,train
2331869382.jpg,train
2331869436.jpg,train
23319999.jpg,train
2332208398.jpg,train
23322976360.jpg,train
2333390215.jpg,train
23336484084.jpg,train
23362092980.jpg,train
2336406221.jpg,train
2336636097.jpg,train
2337740458.jpg,train
2337766192.jpg,train
2338520545.jpg,train
2339799280.jpg,train
23400325319.jpg,train
2341014722.jpg,train
23424138834.jpg,train
234383840.jpg,train
2344070836.jpg,train
234425587.jpg,train
2344333.jpg,train
2344993166.jpg,train
2345968015.jpg,train
23460746650.jpg,train
2348197438.jpg,train
23484488934.jpg,train
2349232308.jpg,train
2350226171.jpg,train
2352322839.jpg,train
23556115.jpg,train
23559285085.jpg,train
23575927800.jpg,train
23578306141.jpg,train
23585365052.jpg,train
236089937.jpg,train
2361690075.jpg,train
2361944022.jpg,train
236308573.jpg,train
2363498225.jpg,train
2363516582.jpg,train
236384509.jpg,train
2364327198.jpg,train
2364547191.jpg,train
2364549119.jpg,train
2365381056.jpg,train
2365381430.jpg,train
2365381804.jpg,train
236584348.jpg,train
2367156649.jpg,train
2367156907.jpg,train
236876488.jpg,train
236904445.jpg,train
2371218292.jpg,train
237160024.jpg,train
2371708211.jpg,train
23718415689.jpg,train
23726739122.jpg,train
23759128054.jpg,train
23772360833.jpg,train
23780354578.jpg,train
23797811355.jpg,train
23807072873.jpg,train
23809587.jpg,train
2384374952.jpg,train
23847046451.jpg,train
23856781825.jpg,train
23871652752.jpg,train
2388184922.jpg,train
2391361891.jpg,train
23937176396.jpg,train
2393809471.jpg,train
2394756916.jpg,train
239573889.jpg,train
23964875020.jpg,train
2397439655.jpg,train
2397442956.jpg,train
2397851436.jpg,train
23986911668.jpg,train
23987050878.jpg,train
23996343028.jpg,train
23996374218.jpg,train
23_fin_drvlic1.jpg,train
2401693134.jpg,train
24017468857.jpg,train
24024444529.jpg,train
2403289673.jpg,train
2403660109.jpg,train
240464774.jpg,train
24049172331.jpg,train
2405598063.jpg,train
2406027921.jpg,train
2406074371.jpg,train
240655017.jpg,train
24070350507.jpg,train
24070867767.jpg,train
2409104982.jpg,train
24097886392.jpg,train
241170910.jpg,train
241204256.jpg,train
241217681.jpg,train
24130993623.jpg,train
241310783.jpg,train
241310787.jpg,train
241314332.jpg,train
24149689939.jpg,train
241523265.jpg,train
2415360625.jpg,train
2415363998.jpg,train
241574382.jpg,train
2416716019.jpg,train
2417536312.jpg,train
2418511287.jpg,train
24201114985.jpg,train
2420319516.jpg,train
24206197888.jpg,train
242139521.jpg,train
242155575.jpg,train
242195700.jpg,train
2422581359.jpg,train
24228867503.jpg,train
24248600842.jpg,train
24263992797.jpg,train
24267868133.jpg,train
24285422079.jpg,train
2428877948.jpg,train
24290906122.jpg,train
2429630174.jpg,train
2429666936.jpg,train
2429903980.jpg,train
24308005344.jpg,train
24311113263.jpg,train
24311765793.jpg,train
24335171824.jpg,train
24362661274.jpg,train
2437250073.jpg,train
24381675139.jpg,train
2438696209.jpg,train
2439345740.jpg,train
2439922107.jpg,train
24399370802.jpg,train
2441421741.jpg,train
2442933117.jpg,train
244504968.jpg,train
2445158946.jpg,train
244622376.jpg,train
244679421.jpg,train
244723323.jpg,train
24474324441.jpg,train
244868163.jpg,train
244905662.jpg,train
244977449.jpg,train
24510868903.jpg,train
24511684397.jpg,train
2452314752.jpg,train
24524853.jpg,train
24532886742.jpg,train
2453504603.jpg,train
2454164953.jpg,train
24546285472.jpg,train
24548188348.jpg,train
24556774570.jpg,train
24557957668.jpg,train
24564581187.jpg,train
2457260279.jpg,train
24576364232.jpg,train
245974421.jpg,train
245989482.jpg,train
2459980812.jpg,train
2460504171.jpg,train
2460770474.jpg,train
24619696385.jpg,train
246401181.jpg,train
2465260247.jpg,train
24656322947.jpg,train
246718497.jpg,train
24721535080.jpg,train
24722369397.jpg,train
2472501822.jpg,train
24727471053.jpg,train
2473297049.jpg,train
247470991.jpg,train
2475416213.jpg,train
24754173863.jpg,train
24760053753.jpg,train
24760066518.jpg,train
24760070813.jpg,train
24762667506.jpg,train
2478706733.jpg,train
2478746830.jpg,train
247897723.jpg,train
248023300.jpg,train
24806272.jpg,train
24812245.jpg,train
24826345347.jpg,train
24826790918.jpg,train
24844219427.jpg,train
248647302.jpg,train
2488435454.jpg,train
2488772947.jpg,train
2488898789.jpg,train
24895512387.jpg,train
2492423809.jpg,train
2492514678.jpg,train
249341740.jpg,train
24937935475.jpg,train
2494333080.jpg,train
2494479658.jpg,train
2494859934.jpg,train
24955033111.jpg,train
2495572047.jpg,train
24967415006.jpg,train
249816808.jpg,train
24997298406.jpg,train
24_fin_id.jpg,train
250113107.jpg,train
25017553.jpg,train
25019152469.jpg,train
25019187199.jpg,train
250366724.jpg,train
25036876838.jpg,train
250416954.jpg,train
2505588237.jpg,train
250703924.jpg,train
25076830491.jpg,train
25080409713.jpg,train
2508185479.jpg,train
250854452.jpg,train
2509055726.jpg,train
25091153780.jpg,train
25092679924.jpg,train
25102701446.jpg,train
2510756285.jpg,train
2511427440.jpg,train
2512644365.jpg,train
2513080890.jpg,train
25134833881.jpg,train
2514777743.jpg,train
251561018.jpg,train
25166394843.jpg,train
2517124790.jpg,train
2517756917.jpg,train
2518802988.jpg,train
25205870217.jpg,train
252219455.jpg,train
252246985.jpg,train
25262033348.jpg,train
2526733805.jpg,train
25268502202.jpg,train
2528786984.jpg,train
25293734391.jpg,train
2529763267.jpg,train
253043445.jpg,train
25305005.jpg,train
25326253249.jpg,train
25338835289.jpg,train
25350825389.jpg,train
25361226549.jpg,train
2536402428.jpg,train
25372512349.jpg,train
25375021065.jpg,train
25379774184.jpg,train
25383800753.jpg,train
2539505183.jpg,train
25402884201.jpg,train
25411435757.jpg,train
25411700397.jpg,train
25422720057.jpg,train
2542455009.jpg,train
25439467856.jpg,train
2546115081.jpg,train
25462507170.jpg,train
25469583136.jpg,train
2549462395.jpg,train
25510612938.jpg,train
25512306025.jpg,train
25515527154.jpg,train
255205339.jpg,train
2552646870.jpg,train
25539339128.jpg,train
2554062317.jpg,train
25541279633.jpg,train
2555678135.jpg,train
2556321513.jpg,train
2556570437.jpg,train
2556646992.jpg,train
2557189486.jpg,train
2557848849.jpg,train
25582867003.jpg,train
25584945694.jpg,train
2558969571.jpg,train
256469635.jpg,train
256600875.jpg,train
25661797793.jpg,train
25688204396.jpg,train
25713628624.jpg,train
25730542934.jpg,train
2573199456.jpg,train
2578246950.jpg,train
25783942876.jpg,train
25800707616.jpg,train
25823986594.jpg,train
25827344042.jpg,train
2583323400.jpg,train
25856814720.jpg,train
25862634361.jpg,train
2586585669.jpg,train
25872619410.jpg,train
2587937036.jpg,train
258841604.jpg,train
25896386223.jpg,train
2589831447.jpg,train
2590094908.jpg,train
25901625963.jpg,train
2594362986.jpg,train
259489359.jpg,train
2594894060.jpg,train
25953775983.jpg,train
25977488881.jpg,train
2597919715.jpg,train
2598657247.jpg,train
2598751320.jpg,train
2598752912.jpg,train
2598755312.jpg,train
2598756584.jpg,train
2598757606.jpg,train
2598757964.jpg,train
2598759352.jpg,train
2599584242.jpg,train
25_grc_passport4.jpg,train
260149604.jpg,train
2603566186.jpg,train
2604477097.jpg,train
26053006042.jpg,train
26059166271.jpg,train
2606128162.jpg,train
26062819187.jpg,train
26067217791.jpg,train
26079392062.jpg,train
26101302641.jpg,train
2611591788.jpg,train
26119678.jpg,train
26134418802.jpg,train
26146884505.jpg,train
26147839788.jpg,train
26156033136.jpg,train
26157646013.jpg,train
2616631175.jpg,train
2617652740.jpg,train
2618588235.jpg,train
261881502.jpg,train
26190102569.jpg,train
26191391119.jpg,train
26195331094.jpg,train
26201293578.jpg,train
262019369.jpg,train
26204673526.jpg,train
26209236634.jpg,train
262102595.jpg,train
2621356757.jpg,train
2622709065.jpg,train
2623523288.jpg,train
2627092972.jpg,train
2628060159.jpg,train
2628278833.jpg,train
2628937333.jpg,train
26296634086.jpg,train
263039577.jpg,train
263039582.jpg,train
263039584.jpg,train
26324667918.jpg,train
26337013555.jpg,train
26344797.jpg,train
26347008881.jpg,train
26372338795.jpg,train
2641320438.jpg,train
2641449995.jpg,train
26424897293.jpg,train
26426986577.jpg,train
26431668244.jpg,train
264363648.jpg,train
2643653222.jpg,train
2643823572.jpg,train
2644515193.jpg,train
264922884.jpg,train
2650355157.jpg,train
2650406742.jpg,train
2651003351.jpg,train
26510093257.jpg,train
265112183.jpg,train
265199144.jpg,train
2652001640.jpg,train
26520283018.jpg,train
2652965431.jpg,train
26551072038.jpg,train
26561852269.jpg,train
26584889830.jpg,train
265908618.jpg,train
2659574304.jpg,train
2659739043.jpg,train
2660338354.jpg,train
26606075996.jpg,train
26609871338.jpg,train
2661517059.jpg,train
266299147.jpg,train
2663461524.jpg,train
266350109.jpg,train
2663625805.jpg,train
2664082173.jpg,train
26641342078.jpg,train
26646226853.jpg,train
2665239574.jpg,train
266564504.jpg,train
26670040871.jpg,train
2667202883.jpg,train
26680704825.jpg,train
26685021800.jpg,train
26687530211.jpg,train
26716390332.jpg,train
26742751121.jpg,train
2674743032.jpg,train
26749229176.jpg,train
26749383606.jpg,train
26753760679.jpg,train
2676180852.jpg,train
26764901121.jpg,train
2676912075.jpg,train
2677445867.jpg,train
26774712395.jpg,train
2677726684.jpg,train
2677726942.jpg,train
26787406065.jpg,train
26790229451.jpg,train
267980718.jpg,train
2679832697.jpg,train
2680503127.jpg,train
26805305670.jpg,train
2681459654.jpg,train
268147977.jpg,train
26826126775.jpg,train
268299460.jpg,train
26832066350.jpg,train
26840309464.jpg,train
2687730753.jpg,train
26879734539.jpg,train
26883020245.jpg,train
268939245.jpg,train
2690500615.jpg,train
269116936.jpg,train
26918449020.jpg,train
26918450960.jpg,train
26918452850.jpg,train
26918456150.jpg,train
2692206707.jpg,train
26931534137.jpg,train
269425490.jpg,train
2694337609.jpg,train
26945988224.jpg,train
269493703.jpg,train
269610471.jpg,train
2697685772.jpg,train
26978566095.jpg,train
2698492854.jpg,train
269956178.jpg,train
2701447339.jpg,train
27016222006.jpg,train
2702497076.jpg,train
270324395.jpg,train
2703334449.jpg,train
2704850902.jpg,train
2705505722.jpg,train
2705762898.jpg,train
2708706576.jpg,train
2708917275.jpg,train
27089293451.jpg,train
27097523842.jpg,train
27097524962.jpg,train
27097634542.jpg,train
27097641072.jpg,train
27109677499.jpg,train
2712115050.jpg,train
27124275211.jpg,train
27124371671.jpg,train
27124376171.jpg,train
27124539006.jpg,train
2714426310.jpg,train
2715305042.jpg,train
27169031369.jpg,train
271762306.jpg,train
271924712.jpg,train
27193270705.jpg,train
27193386915.jpg,train
27193388605.jpg,train
27193404575.jpg,train
27193410365.jpg,train
27193421675.jpg,train
2721057449.jpg,train
27216869669.jpg,train
27220699923.jpg,train
272256300.jpg,train
272276300.jpg,train
272316073.jpg,train
272338652.jpg,train
27240443590.jpg,train
27249477630.jpg,train
27251531114.jpg,train
27255333534.jpg,train
2725809555.jpg,train
272673024.jpg,train
27283343104.jpg,train
27286992803.jpg,train
2729795919.jpg,train
2730119742.jpg,train
2732489597.jpg,train
2733252500.jpg,train
2733321912.jpg,train
2733325602.jpg,train
2733326820.jpg,train
27340078524.jpg,train
27340094684.jpg,train
2735678204.jpg,train
2735963538.jpg,train
27361899633.jpg,train
27361965226_e9bbdab8cc_c.jpg,train
27379705077.jpg,train
273853047.jpg,train
2739968076.jpg,train
27415944033.jpg,train
27421479020.jpg,train
27424434056.jpg,train
274336547.jpg,train
27435604822.jpg,train
27441126463.jpg,train
27465300265.jpg,train
27489799224.jpg,train
274957627.jpg,train
274993950.jpg,train
275033473.jpg,train
2750592397.jpg,train
2754391689.jpg,train
27552757502.jpg,train
27552779582.jpg,train
27552917422.jpg,train
2757555926.jpg,train
2759355437.jpg,train
27598823325.jpg,train
276034331.jpg,train
276062309.jpg,train
27607396097.jpg,train
276171348.jpg,train
27618325850.jpg,train
276200341.jpg,train
27623291785.jpg,train
27625799347.jpg,train
27625806057.jpg,train
27637102450.jpg,train
27650904890.jpg,train
27675409316.jpg,train
27679091800.jpg,train
27681714706.jpg,train
27693050336.jpg,train
27722109304.jpg,train
27722193595.jpg,train
2772898321.jpg,train
277402015.jpg,train
2775285570.jpg,train
27786047723.jpg,train
2779624134.jpg,train
2779740087.jpg,train
2779996204.jpg,train
278005194.jpg,train
2780080889.jpg,train
27805959236.jpg,train
278179728.jpg,train
278279155.jpg,train
2783486565.jpg,train
2784046495.jpg,train
27865569304.jpg,train
278681917.jpg,train
2786830848.jpg,train
27875348401.jpg,train
2787647673.jpg,train
278875454.jpg,train
27910443227.jpg,train
27918842364.jpg,train
2792278043.jpg,train
27931537748.jpg,train
27936663054.jpg,train
279449313.jpg,train
279451165.jpg,train
27945782345.jpg,train
2794627549.jpg,train
2794639262.jpg,train
2794723470.jpg,train
279512382.jpg,train
2795608011.jpg,train
27957757795.jpg,train
27960597834.jpg,train
2799803774.jpg,train
27_hrv_passport5.jpg,train
2801474001.jpg,train
280164538.jpg,train
2802346244.jpg,train
2803844665.jpg,train
280599403.jpg,train
2806141442.jpg,train
2806763331.jpg,train
280749028.jpg,train
280763244.jpg,train
2807671031.jpg,train
2807817670.jpg,train
2808274655.jpg,train
28083939284.jpg,train
28084775.jpg,train
28090219373.jpg,train
28090277823.jpg,train
28099784649.jpg,train
28104026612.jpg,train
28104032812.jpg,train
28108751511.jpg,train
28145272393.jpg,train
2815623601.jpg,train
2815640017.jpg,train
281748834.jpg,train
281749039.jpg,train
281749130.jpg,train
281749338.jpg,train
281865818.jpg,train
28196451480.jpg,train
2820093360.jpg,train
28204987987.jpg,train
28205016257.jpg,train
282349475.jpg,train
28246409185.jpg,train
282521369.jpg,train
282571196.jpg,train
2826470396.jpg,train
2826536802.jpg,train
28301101108.jpg,train
2830327266.jpg,train
2831121743.jpg,train
2831543339.jpg,train
2831685602.jpg,train
28323336424.jpg,train
2832380594.jpg,train
2832381364.jpg,train
283261352.jpg,train
283275647.jpg,train
2832984847.jpg,train
2834484196.jpg,train
28382905135.jpg,train
2840773141.jpg,train
2841894015.jpg,train
28428437.jpg,train
28443120395.jpg,train
2845240851.jpg,train
28456164623.jpg,train
28465479700.jpg,train
2846716718.jpg,train
28469686184.jpg,train
28479286197.jpg,train
284952787.jpg,train
28510168294_e593198a9f_c.jpg,train
2852333606.jpg,train
28528168260.jpg,train
28528554047.jpg,train
28534808234.jpg,train
28543858955.jpg,train
28545076751.jpg,train
28546343982.jpg,train
28549769602_33ece723af_c.jpg,train
285553756.jpg,train
2856238384.jpg,train
28575327756.jpg,train
2857608337.jpg,train
28580331514.jpg,train
28586751667.jpg,train
28591726121.jpg,train
28592778986.jpg,train
286042285.jpg,train
28606839618.jpg,train
28610653287.jpg,train
2861411292.jpg,train
2861687929.jpg,train
286195997.jpg,train
28624017628.jpg,train
28626182791.jpg,train
28628348370.jpg,train
2863309415.jpg,train
286350982.jpg,train
2865453194.jpg,train
2865856741.jpg,train
286644944.jpg,train
2867009711.jpg,train
28672405062.jpg,train
28673382306.jpg,train
28688195898.jpg,train
28694705613.jpg,train
28694787682.jpg,train
2870207589.jpg,train
2870213759.jpg,train
2870386480.jpg,train
2870541026.jpg,train
2870877002.jpg,train
2871541579.jpg,train
28717578764.jpg,train
2871923899.jpg,train
287205459.jpg,train
2874610696.jpg,train
2874614228.jpg,train
287516754.jpg,train
28760141841.jpg,train
28762962.jpg,train
2876554639.jpg,train
2876555277.jpg,train
28766074.jpg,train
2877387974.jpg,train
2878874917.jpg,train
287962363.jpg,train
28799579322.jpg,train
28806792081.jpg,train
2884976538.jpg,train
28853867543.jpg,train
28865997043.jpg,train
2887012573.jpg,train
288920869.jpg,train
28900401834.jpg,train
2890312052.jpg,train
2890708096.jpg,train
2890710350.jpg,train
2891189121.jpg,train
289263914.jpg,train
2893032129.jpg,train
28930875151.jpg,train
2894716166.jpg,train
28968536442.jpg,train
28968537282.jpg,train
28968538752.jpg,train
28968539772.jpg,train
28972287491.jpg,train
289764032.jpg,train
28997399801.jpg,train
28_hun_passport6.jpg,train
29002340.jpg,train
29026366517.jpg,train
2903633439.jpg,train
2903637857.jpg,train
2903669331.jpg,train
2904509848.jpg,train
2904879545.jpg,train
29053997616.jpg,train
29067800274.jpg,train
29076201353.jpg,train
2908148507.jpg,train
29086832115.jpg,train
29088445884.jpg,train
29116741260.jpg,train
29124111331.jpg,train
2912480456.jpg,train
2913807688.jpg,train
29160846264.jpg,train
29160887244.jpg,train
291761141.jpg,train
29179160007.jpg,train
2918008077.jpg,train
29184646846.jpg,train
29187633594.jpg,train
29190274801.jpg,train
2919527848.jpg,train
29197184567.jpg,train
29201478698.jpg,train
29202441105.jpg,train
2921264607.jpg,train
29221676211.jpg,train
2922399018.jpg,train
292324039.jpg,train
292424006.jpg,train
292435940.jpg,train
29255502675.jpg,train
292567505.jpg,train
292577110.jpg,train
2927418551.jpg,train
29279146074.jpg,train
29287457678.jpg,train
2929327528.jpg,train
293005767.jpg,train
29301309734.jpg,train
29301309974.jpg,train
29308018.jpg,train
29309112575.jpg,train
29309116975.jpg,train
2932462902.jpg,train
293361170.jpg,train
2934068126.jpg,train
29351997531.jpg,train
29369873011.jpg,train
293840955.jpg,train
29392922585.jpg,train
29416628.jpg,train
29431705785.jpg,train
2943963605.jpg,train
29447277446.jpg,train
2944849191.jpg,train
2945272791.jpg,train
2945920159.jpg,train
2946728002.jpg,train
2948599469.jpg,train
29495967130.jpg,train
2950300.jpg,train
2950463420.jpg,train
2951187128.jpg,train
2951268542.jpg,train
29518024955.jpg,train
2952811264.jpg,train
2953340490.jpg,train
2953452017.jpg,train
295528236.jpg,train
295614912.jpg,train
295658555.jpg,train
29599476713.jpg,train
296000429.jpg,train
29600262588.jpg,train
29602635548.jpg,train
296187259.jpg,train
29634681000.jpg,train
2965371910.jpg,train
296591086.jpg,train
2967118698.jpg,train
296766753.jpg,train
2968026146.jpg,train
2970993575.jpg,train
29720898108.jpg,train
29720900938.jpg,train
29720906468.jpg,train
2972355015.jpg,train
29725005397.jpg,train
29731276210.jpg,train
29740523.jpg,train
297414528.jpg,train
29743698347.jpg,train
29748061843.jpg,train
29759140350.jpg,train
29769470777.jpg,train
2977212434.jpg,train
298104597.jpg,train
29823056451.jpg,train
29827303390.jpg,train
298320439.jpg,train
2983218372.jpg,train
29838986923.jpg,train
29840830634.jpg,train
298556808.jpg,train
2985880.jpg,train
2986605570.jpg,train
2987669745.jpg,train
299272426.jpg,train
299296236.jpg,train
299303642.jpg,train
2993142402.jpg,train
2993182557.jpg,train
2993862243.jpg,train
29953631157.jpg,train
2997092036.jpg,train
29974239254_a4f6aaf1f3_c.jpg,train
299908849.jpg,train
29992316850.jpg,train
29994387925.jpg,train
2999461748.jpg,train
29_irn_drvlic11.jpg,train
30000259228.jpg,train
30009914763.jpg,train
30021050912.jpg,train
30030762944.jpg,train
3003328.jpg,train
30066981511.jpg,train
30078924.jpg,train
30086263.jpg,train
30093104255.jpg,train
30094438676.jpg,train
3010048984.jpg,train
3010393296.jpg,train
3010557684.jpg,train
30110005663.jpg,train
30123623254.jpg,train
3018871477.jpg,train
3018950967.jpg,train
3019507166.jpg,train
302130107.jpg,train
30223819957.jpg,train
30223820377.jpg,train
3024183006.jpg,train
3024639606.jpg,train
3025364393.jpg,train
3025364999.jpg,train
302544831.jpg,train
3026196188.jpg,train
3027505172.jpg,train
3029487152.jpg,train
303096726.jpg,train
3031104555.jpg,train
3031105217.jpg,train
3031110475.jpg,train
3031948858.jpg,train
303281685.jpg,train
303333298.jpg,train
30334381264.jpg,train
303397253.jpg,train
30341198460.jpg,train
3034283851.jpg,train
30343897446.jpg,train
3034880043.jpg,train
30350819916_a654abe1d3_c.jpg,train
30352249365.jpg,train
3036009165.jpg,train
30371009715.jpg,train
30371012135.jpg,train
30376234225.jpg,train
30379564355.jpg,train
30392421270.jpg,train
30408617646.jpg,train
30410314524.jpg,train
3041648421.jpg,train
30430860264.jpg,train
30440750875.jpg,train
3045385920.jpg,train
30477677144.jpg,train
30494774606.jpg,train
3054055780.jpg,train
305449404.jpg,train
30547887490.jpg,train
30547890010.jpg,train
305500397.jpg,train
305597800.jpg,train
3058141321.jpg,train
3058142399.jpg,train
3058143461.jpg,train
3058143783.jpg,train
3058979218.jpg,train
30590528.jpg,train
3062671151.jpg,train
30636101.jpg,train
30636102.jpg,train
30639821447.jpg,train
306428495.jpg,train
306503759.jpg,train
30652968793.jpg,train
30672716417.jpg,train
30672717367.jpg,train
30672731407.jpg,train
30672732287.jpg,train
30672732437.jpg,train
30672743417.jpg,train
30672757437.jpg,train
30688995237.jpg,train
30689000847.jpg,train
30689003787.jpg,train
30689005977.jpg,train
30689006237.jpg,train
30689007237.jpg,train
3069003117.jpg,train
30690192431.jpg,train
3069120489.jpg,train
3070108847.jpg,train
30701294941.jpg,train
30712452547.jpg,train
307255367.jpg,train
30725685594.jpg,train
30730367747.jpg,train
3077790789.jpg,train
30792537427.jpg,train
30792538577.jpg,train
30792597188.jpg,train
30792641018.jpg,train
30794167427.jpg,train
3080000842.jpg,train
3080540399.jpg,train
3080647257.jpg,train
308074526.jpg,train
3082729501.jpg,train
308647489.jpg,train
30870620602.jpg,train
3087404965.jpg,train
30879948765.jpg,train
30898798421.jpg,train
309051471.jpg,train
309119608.jpg,train
3091565298.jpg,train
30931742603.jpg,train
309366588.jpg,train
30948064741.jpg,train
309498553.jpg,train
30983878080.jpg,train
31010260671.jpg,train
3101806233.jpg,train
31039330817.jpg,train
31048129710.jpg,train
31057987276.jpg,train
31065091516.jpg,train
31070785.jpg,train
3107354346.jpg,train
31083428460.jpg,train
3110372549.jpg,train
31127567957.jpg,train
311309866.jpg,train
311323540.jpg,train
3114182664.jpg,train
31145730810.jpg,train
3114589163.jpg,train
311459898.jpg,train
311626944.jpg,train
311641077.jpg,train
311673379.jpg,train
311712816.jpg,train
3117397016.jpg,train
31176975802.jpg,train
31194799520.jpg,train
312345368.jpg,train
312375496.jpg,train
3127315730.jpg,train
31287828263_579fd543dd_c.jpg,train
313053733.jpg,train
31309698456.jpg,train
313212940.jpg,train
31327966258.jpg,train
31327983088.jpg,train
313304317.jpg,train
31342876991.jpg,train
3135586822.jpg,train
31382352670.jpg,train
31398198557_32bcf69c0c_c.jpg,train
31404089466.jpg,train
314165432.jpg,train
314260805.jpg,train
314464296.jpg,train
31451195921.jpg,train
3145215171.jpg,train
314537934.jpg,train
31456669271.jpg,train
31466211403.jpg,train
31466388358.jpg,train
31503741484.jpg,train
3151325497.jpg,train
3151325911.jpg,train
3151326267.jpg,train
3151439563.jpg,train
3151440359.jpg,train
3151484391.jpg,train
3152273002.jpg,train
315327245.jpg,train
31555225288.jpg,train
315654867.jpg,train
3156904803.jpg,train
315765870.jpg,train
31584913077.jpg,train
31588990514.jpg,train
31593350.jpg,train
31596663773.jpg,train
31596978.jpg,train
31602187.jpg,train
31608951200.jpg,train
3161247928.jpg,train
316133603.jpg,train
31624840354.jpg,train
31625780144.jpg,train
3164528372.jpg,train
31651195561.jpg,train
316520487.jpg,train
3165269744.jpg,train
3165443952.jpg,train
31655979543.jpg,train
31656390373.jpg,train
316569627.jpg,train
31657340943.jpg,train
316604579.jpg,train
3167088912.jpg,train
31672508884.jpg,train
31681212918.jpg,train
3168597057.jpg,train
317043908.jpg,train
317149989.jpg,train
31741391948.jpg,train
31741392688.jpg,train
31741394088.jpg,train
31741396088.jpg,train
31741420258.jpg,train
31741431548.jpg,train
31741436058.jpg,train
31741436278.jpg,train
31741437878.jpg,train
31746492935.jpg,train
317507647.jpg,train
31757665038.jpg,train
31757665778.jpg,train
31757666598.jpg,train
31757675958.jpg,train
3176239676.jpg,train
31764554640.jpg,train
31767016518.jpg,train
31767016988.jpg,train
31767017598.jpg,train
31767021068.jpg,train
31767021998.jpg,train
31767022828.jpg,train
31767023538.jpg,train
31767024118.jpg,train
31767024428.jpg,train
31767025668.jpg,train
31767028798.jpg,train
317706928.jpg,train
3177536451.jpg,train
3179402204.jpg,train
31794954983.jpg,train
3179754827.jpg,train
31819330098.jpg,train
318211006.jpg,train
3182494357.jpg,train
3182547.jpg,train
3184269496.jpg,train
31859288670.jpg,train
3186411350.jpg,train
3189155496.jpg,train
3189425112.jpg,train
319088010.jpg,train
31915486462.jpg,train
3192539204.jpg,train
3192783015.jpg,train
319301801.jpg,train
3193251951.jpg,train
3194079054.jpg,train
319433490.jpg,train
3194451239.jpg,train
3194459119.jpg,train
31945076968.jpg,train
3195712173.jpg,train
31965123673.jpg,train
3198698151.jpg,train
319919854.jpg,train
3199551376.jpg,train
31997312138.jpg,train
31998423061.jpg,train
32000116.jpg,train
3200294765.jpg,train
3201423023.jpg,train
32025134947.jpg,train
3203107248.jpg,train
3203816855.jpg,train
3204738490.jpg,train
3207311549.jpg,train
32076118.jpg,train
32090180260.jpg,train
32095940544.jpg,train
32096975561.jpg,train
32103460064.jpg,train
321148159.jpg,train
32135058003.jpg,train
32148942576.jpg,train
3215180025.jpg,train
32167846271.jpg,train
3218249612.jpg,train
32198988740.jpg,train
32209293724.jpg,train
3222387510.jpg,train
3222387516.jpg,train
3223656065.jpg,train
322502768.jpg,train
322515750.jpg,train
322522303.jpg,train
322683157.jpg,train
322775393.jpg,train
3229860193.jpg,train
3230906500.jpg,train
323243942.jpg,train
3232723593.jpg,train
32368052952.jpg,train
323804239.jpg,train
3238799328.jpg,train
32393307618_438e26f4ee_c.jpg,train
324061229.jpg,train
324069627.jpg,train
32430300992.jpg,train
32464695333.jpg,train
32466033366.jpg,train
32468553535.jpg,train
32468949165.jpg,train
3248102653.jpg,train
32481586884.jpg,train
32482509033.jpg,train
3249606791.jpg,train
32496121411.jpg,train
32510352457.jpg,train
3253724879.jpg,train
32538155.jpg,train
325513234.jpg,train
3255331157.jpg,train
32558524548.jpg,train
32565444257.jpg,train
32566089070.jpg,train
325692653.jpg,train
325692656.jpg,train
325692657.jpg,train
325692662.jpg,train
325698609.jpg,train
3258444956.jpg,train
325911716.jpg,train
3260150321.jpg,train
32622349.jpg,train
32629397951.jpg,train
32640845208.jpg,train
32644649.jpg,train
32669601680.jpg,train
326786872.jpg,train
32686069485_3397b1680d_c.jpg,train
32695656498.jpg,train
32695658758.jpg,train
32695659478.jpg,train
32695885648.jpg,train
3271367611.jpg,train
3272754810.jpg,train
3276216303.jpg,train
32775709683.jpg,train
327766426.jpg,train
327815965.jpg,train
3279140339.jpg,train
327959371.jpg,train
327991708.jpg,train
3280262217.jpg,train
32809052158.jpg,train
3281360344.jpg,train
32815086237.jpg,train
3281849017.jpg,train
328263171.jpg,train
3283077434.jpg,train
32839227073.jpg,train
3285385133.jpg,train
328704654.jpg,train
32873902683.jpg,train
3288185638.jpg,train
3291321976.jpg,train
32914542257.jpg,train
32922626807.jpg,train
329431337.jpg,train
32943936702.jpg,train
3296122851.jpg,train
3296123015.jpg,train
329695778.jpg,train
32976946370.jpg,train
329786240.jpg,train
32979613948.jpg,train
329819833.jpg,train
32988729532.jpg,train
3299132094.jpg,train
32996604365.jpg,train
32_lva_passport13.jpg,train
33013685760.jpg,train
33013892550.jpg,train
33017087804.jpg,train
330237225.jpg,train
3303846869.jpg,train
3304123912.jpg,train
3304650984.jpg,train
33061686522.jpg,train
33064378131.jpg,train
330845511.jpg,train
33084950.jpg,train
3309525566.jpg,train
3309674982.jpg,train
330980128.jpg,train
331044296.jpg,train
33110261002.jpg,train
33119859162.jpg,train
33119933271.jpg,train
33122226411.jpg,train
3312758658.jpg,train
3312875669.jpg,train
33131656555.jpg,train
33131970.jpg,train
3313355142.jpg,train
331381252.jpg,train
331407259.jpg,train
33151850166.jpg,train
331557442.jpg,train
3317219167.jpg,train
3317353983.jpg,train
331797466.jpg,train
3324643957.jpg,train
3325567426.jpg,train
332671694.jpg,train
332675996.jpg,train
33279543202.jpg,train
3328830985.jpg,train
3329158915.jpg,train
33302385571.jpg,train
33305025506.jpg,train
33306107650.jpg,train
33307741252.jpg,train
33310249812.jpg,train
333217675.jpg,train
333237217.jpg,train
333282055.jpg,train
3333132530.jpg,train
33354634103.jpg,train
333571832.jpg,train
333700511.jpg,train
33375747218.jpg,train
333857292.jpg,train
33388140636.jpg,train
333891735.jpg,train
3339449963.jpg,train
333954490.jpg,train
33396044.jpg,train
33407198215.jpg,train
3340747205.jpg,train
3340983121.jpg,train
33416053344.jpg,train
3341914252.jpg,train
33420511772.jpg,train
33425532466.jpg,train
33434985.jpg,train
3344023394.jpg,train
33476711896.jpg,train
334771408.jpg,train
3348886053.jpg,train
3350451123.jpg,train
3353803123.jpg,train
3354312307.jpg,train
3355186888.jpg,train
335658546.jpg,train
3358148929.jpg,train
3358149451.jpg,train
33596873930_8ecac42c1a_c.jpg,train
33601941073.jpg,train
33602468580.jpg,train
336143443.jpg,train
33627199832.jpg,train
3364531601.jpg,train
3364769190.jpg,train
33648818721.jpg,train
33656355448.jpg,train
33678818571.jpg,train
33683747648_cf4fb65282_c.jpg,train
336936513.jpg,train
337149325.jpg,train
33715460043.jpg,train
33723875751.jpg,train
337278099.jpg,train
3372811234.jpg,train
3374177997.jpg,train
33750826.jpg,train
33751323.jpg,train
33752807683.jpg,train
337553693.jpg,train
33794356664.jpg,train
337947068.jpg,train
3381279475.jpg,train
33827557.jpg,train
3383161127.jpg,train
33881687043.jpg,train
3388540846.jpg,train
3388741501.jpg,train
33893338263.jpg,train
33896875028.jpg,train
338977596.jpg,train
33901358896.jpg,train
33919597670.jpg,train
3392602880.jpg,train
3392678209.jpg,train
33928743203.jpg,train
3393139904.jpg,train
339332065.jpg,train
339408718.jpg,train
339519819.jpg,train
33970743090.jpg,train
3397240640.jpg,train
3398046845.jpg,train
3398357458.jpg,train
339960344.jpg,train
33_mac_id.jpg,train
3400566921.jpg,train
340156100.jpg,train
34024151.jpg,train
3402943391.jpg,train
3403281716.jpg,train
3403291856.jpg,train
34056027245.jpg,train
34060936555.jpg,train
34070716865.jpg,train
34086319783.jpg,train
3408887218.jpg,train
34099581125.jpg,train
34104807990.jpg,train
3411099623.jpg,train
341174293.jpg,train
3414320385.jpg,train
3414720498.jpg,train
3415258423.jpg,train
3417261303.jpg,train
341759177.jpg,train
34210368230.jpg,train
3421894740.jpg,train
3422506865.jpg,train
3422511711.jpg,train
3422741122.jpg,train
34230856335.jpg,train
3423312408.jpg,train
3423314700.jpg,train
3423315470.jpg,train
3423316666.jpg,train
3423317050.jpg,train
34254780902.jpg,train
34258303.jpg,train
342721790.jpg,train
34278304923.jpg,train
34286500931.jpg,train
343051455.jpg,train
343066904.jpg,train
34311546256.jpg,train
343276358.jpg,train
3432960414.jpg,train
34336327516.jpg,train
3433953380.jpg,train
3439977226.jpg,train
34412921884.jpg,train
34424485006.jpg,train
34444923646.jpg,train
344872752.jpg,train
345024876.jpg,train
3451248614.jpg,train
345244376.jpg,train
345294405.jpg,train
3453445737.jpg,train
34538770.jpg,train
34540208.jpg,train
34543439382.jpg,train
34556650770.jpg,train
3456170269.jpg,train
34568812.jpg,train
3457571345.jpg,train
34576095862.jpg,train
3458053934.jpg,train
345903200.jpg,train
3459356923.jpg,train
3461436682.jpg,train
3464505789.jpg,train
3464816972.jpg,train
346487339.jpg,train
34659813241.jpg,train
346791630.jpg,train
34696151544.jpg,train
34709931254.jpg,train
3471621231.jpg,train
3473088913.jpg,train
34733668924.jpg,train
347393738.jpg,train
3476437.jpg,train
3476873429.jpg,train
3480261184.jpg,train
3481196477.jpg,train
348218232.jpg,train
348459636.jpg,train
34853887802.jpg,train
3487674862.jpg,train
34920044415.jpg,train
349553880.jpg,train
34957823982.jpg,train
3498837.jpg,train
34991347561.jpg,train
34_mda_passport1.jpg,train
35006162132.jpg,train
35008751513.jpg,train
350089218.jpg,train
35020916422.jpg,train
3503629825.jpg,train
3503652363.jpg,train
3505070252.jpg,train
350593958.jpg,train
3506375326.jpg,train
3507058128.jpg,train
35070974242.jpg,train
350765304.jpg,train
3507701556.jpg,train
35081640805.jpg,train
3509093462.jpg,train
351017389.jpg,train
351246698.jpg,train
35133205695.jpg,train
35166811292.jpg,train
35182615143.jpg,train
351898178.jpg,train
35189975401.jpg,train
3520927196.jpg,train
35222355680.jpg,train
35222869590.jpg,train
35222872630.jpg,train
3522801941.jpg,train
35250316990.jpg,train
35254278692_84a10c5cc2_c.jpg,train
352568764.jpg,train
35260179812.jpg,train
352772211.jpg,train
353074127.jpg,train
35313366334.jpg,train
353192766.jpg,train
353473414.jpg,train
353567224.jpg,train
353789922.jpg,train
353807900.jpg,train
3538348784.jpg,train
3538785631.jpg,train
35397784852.jpg,train
353978889.jpg,train
353978896.jpg,train
35401107693.jpg,train
35412239880.jpg,train
35414711212.jpg,train
3541505052.jpg,train
35417224565.jpg,train
354181669.jpg,train
35455303100.jpg,train
35522155.jpg,train
3552750372.jpg,train
355650166.jpg,train
355689493.jpg,train
35570555766.jpg,train
35574313233.jpg,train
3558053253.jpg,train
35582467065.jpg,train
35588380044.jpg,train
3558890388.jpg,train
3560369028.jpg,train
35605895081.jpg,train
3560693840.jpg,train
35633728254.jpg,train
356419325.jpg,train
3565957181.jpg,train
356634768.jpg,train
3566737650.jpg,train
35673465444.jpg,train
3570361178.jpg,train
3570361182.jpg,train
357234106.jpg,train
35768474.jpg,train
35794336285.jpg,train
358145825.jpg,train
35831635643.jpg,train
358319768.jpg,train
358371730.jpg,train
3583911139.jpg,train
35884432301.jpg,train
3590827287.jpg,train
3591343395.jpg,train
359162724.jpg,train
35928055000.jpg,train
3593073556.jpg,train
35932328165.jpg,train
3594223212.jpg,train
359521744.jpg,train
359529396.jpg,train
3595366553.jpg,train
35959595165.jpg,train
35963773282.jpg,train
359647505.jpg,train
35965081854.jpg,train
35969129105.jpg,train
3598228764.jpg,train
359831998.jpg,train
35983929614.jpg,train
35991766572.jpg,train
35991766932.jpg,train
35_nor_drvlic9.jpg,train
3600121327.jpg,train
360019506.jpg,train
360019724.jpg,train
360019847.jpg,train
360019904.jpg,train
360019950.jpg,train
360020065.jpg,train
360034212.jpg,train
36005162772.jpg,train
3602129508.jpg,train
36022877.jpg,train
3605230381.jpg,train
3607222462.jpg,train
36076262832.jpg,train
361036084.jpg,train
3611932929.jpg,train
3613540255.jpg,train
3615149316.jpg,train
361605205.jpg,train
3616368702.jpg,train
361663830.jpg,train
361730653.jpg,train
361767902.jpg,train
361799558.jpg,train
361942402.jpg,train
3620327380.jpg,train
36216185454.jpg,train
36219605274.jpg,train
36222931020.jpg,train
3624879094.jpg,train
362802886.jpg,train
36296179080.jpg,train
363299460.jpg,train
363385668.jpg,train
3633975099.jpg,train
3635430621.jpg,train
36361965475.jpg,train
363776043.jpg,train
363791663.jpg,train
3640489744.jpg,train
364058188.jpg,train
364116779.jpg,train
3641465946.jpg,train
364158709.jpg,train
364245450.jpg,train
364257841.jpg,train
364294725.jpg,train
36435240676.jpg,train
3643838764.jpg,train
36441502705.jpg,train
36449932895.jpg,train
36461759365.jpg,train
364674185.jpg,train
3647548719.jpg,train
36505357.jpg,train
36507101780.jpg,train
365149243.jpg,train
3652387360.jpg,train
365275970.jpg,train
3653292219.jpg,train
365402854.jpg,train
36550435514.jpg,train
365780559.jpg,train
365818284.jpg,train
365837404.jpg,train
3659434505.jpg,train
3659594293.jpg,train
36604252.jpg,train
3663867723.jpg,train
3663978993.jpg,train
366491537.jpg,train
3666364449.jpg,train
3668432701.jpg,train
36686732571.jpg,train
367003948.jpg,train
3670220955.jpg,train
367128727.jpg,train
3671723167.jpg,train
36739395350.jpg,train
36766748.jpg,train
36771747785.jpg,train
3678474879.jpg,train
3679278038.jpg,train
367991293.jpg,train
3680175648.jpg,train
368091026.jpg,train
36809487.jpg,train
36816061376.jpg,train
3681648199.jpg,train
36819934214.jpg,train
3682808412.jpg,train
36837258171.jpg,train
36837258461.jpg,train
3684436461.jpg,train
3685247940.jpg,train
3686200181.jpg,train
36862634366.jpg,train
36870040100.jpg,train
368728169.jpg,train
368844323.jpg,train
3689361448.jpg,train
3690184781.jpg,train
369065865.jpg,train
36908217211.jpg,train
3692396190.jpg,train
36924505114.jpg,train
3692889064.jpg,train
369297648.jpg,train
369303703.jpg,train
3693248244.jpg,train
369339679.jpg,train
36935526295.jpg,train
36940194956.jpg,train
3694333508.jpg,train
369549183.jpg,train
36963218196.jpg,train
3696646349.jpg,train
36_pol_drvlic10.jpg,train
370285189.jpg,train
3702966673.jpg,train
370482280.jpg,train
37051677070.jpg,train
370564610.jpg,train
3706481049.jpg,train
370684513.jpg,train
3707268183.jpg,train
3708209879.jpg,train
370908003.jpg,train
37113777763.jpg,train
371236577.jpg,train
3712905679.jpg,train
3714655166.jpg,train
371467560.jpg,train
3715799670.jpg,train
37189519195_0d5e9a4ab7_c.jpg,train
3718974624.jpg,train
372116364.jpg,train
3721440029.jpg,train
372224232.jpg,train
37241918562_8814ac2018_c.jpg,train
37250204524.jpg,train
3726098481.jpg,train
3726112350.jpg,train
3726557911.jpg,train
3726741131.jpg,train
3726949905.jpg,train
3730549016.jpg,train
37313133.jpg,train
373490245.jpg,train
37356032435.jpg,train
37357507584.jpg,train
3739376361.jpg,train
3741337285.jpg,train
3742131958.jpg,train
37423801.jpg,train
37449189826.jpg,train
3745921586.jpg,train
374763487.jpg,train
37487676642.jpg,train
37505513296.jpg,train
375068276.jpg,train
3751843561.jpg,train
37521009376.jpg,train
375274555.jpg,train
375298955.jpg,train
37533411594.jpg,train
3753503939.jpg,train
3753696898.jpg,train
3756211684.jpg,train
37563234530.jpg,train
3757959444.jpg,train
3758019648.jpg,train
375819730.jpg,train
375850438.jpg,train
375880529.jpg,train
375978662.jpg,train
3760453221.jpg,train
376233293.jpg,train
376239022.jpg,train
376269115.jpg,train
37644672254.jpg,train
376566488.jpg,train
376663366.jpg,train
376685455.jpg,train
376754242.jpg,train
376783753.jpg,train
376790380.jpg,train
3767959657.jpg,train
376967132.jpg,train
37714912174.jpg,train
3772625498.jpg,train
3772894924.jpg,train
377451434.jpg,train
377556028.jpg,train
377594538.jpg,train
3776153772.jpg,train
3778029217.jpg,train
3778408.jpg,train
3778827798.jpg,train
378012425.jpg,train
37803539485.jpg,train
3780382749.jpg,train
3780864853.jpg,train
37811567345.jpg,train
3782046911.jpg,train
37843945171.jpg,train
37848870001.jpg,train
37849014841.jpg,train
378513660.jpg,train
378517237.jpg,train
3785690657.jpg,train
3788855.jpg,train
3790070813.jpg,train
3791187999.jpg,train
379247026.jpg,train
379275181.jpg,train
37988127535.jpg,train
37_prt_id.jpg,train
380358057.jpg,train
38051983566.jpg,train
3806710482.jpg,train
3810556730.jpg,train
3811360240.jpg,train
38114203474.jpg,train
3815370169.jpg,train
381545703.jpg,train
3816459082.jpg,train
3816672521.jpg,train
38167777772.jpg,train
38177229025.jpg,train
381986679.jpg,train
38219395086.jpg,train
3823629973.jpg,train
3824724430.jpg,train
3824884349.jpg,train
3827719229.jpg,train
3828513998.jpg,train
38288113442_19235ce79a_c.jpg,train
382924550.jpg,train
3829307468.jpg,train
382961675.jpg,train
3829817268.jpg,train
38298848.jpg,train
3829887090.jpg,train
3829912643.jpg,train
383407790.jpg,train
3834261245.jpg,train
383457103.jpg,train
3836153455.jpg,train
3836157037.jpg,train
3836430521.jpg,train
383727228.jpg,train
3839168393.jpg,train
38398034122.jpg,train
38413784934.jpg,train
3842573437.jpg,train
3842670412_1.jpg,train
3845435507.jpg,train
384566184.jpg,train
384591633.jpg,train
38464583605.jpg,train
38484039460.jpg,train
384923970.jpg,train
384955681.jpg,train
38498032.jpg,train
3850677518.jpg,train
38510832842.jpg,train
38534987670.jpg,train
3853749717.jpg,train
3854859736.jpg,train
38552760814.jpg,train
3855496767.jpg,train
385631918.jpg,train
385788402.jpg,train
3860681929.jpg,train
386233103.jpg,train
3862480558.jpg,train
386250486.jpg,train
38628001140.jpg,train
386283057.jpg,train
386288911.jpg,train
3864558967.jpg,train
3865119614.jpg,train
3865672380.jpg,train
3866450534.jpg,train
386649787.jpg,train
38699974041.jpg,train
38704664574.jpg,train
3870699339.jpg,train
387231829.jpg,train
3875825045.jpg,train
3876068611.jpg,train
387615955.jpg,train
3878073796.jpg,train
3878731385.jpg,train
3878777119.jpg,train
3880187007.jpg,train
38805332134.jpg,train
3881134375.jpg,train
3882410292.jpg,train
3882544718.jpg,train
38835914342.jpg,train
38852866990.jpg,train
3885326577.jpg,train
3885371281.jpg,train
3885660110.jpg,train
3888489620.jpg,train
389099242.jpg,train
3892135873.jpg,train
3892137215.jpg,train
3893588195.jpg,train
38942800955.jpg,train
38950940614.jpg,train
389989017.jpg,train
389998088.jpg,train
3900229843.jpg,train
3901165746.jpg,train
3903605521.jpg,train
3903980783.jpg,train
3904388986.jpg,train
39058843401.jpg,train
39058884241.jpg,train
390605668.jpg,train
3906219035.jpg,train
3906821885.jpg,train
3907242174.jpg,train
391102967.jpg,train
3911324064.jpg,train
3912297587.jpg,train
39127526004.jpg,train
39128103831.jpg,train
391343922.jpg,train
3915339465.jpg,train
3915420724.jpg,train
3917960494.jpg,train
3918144925.jpg,train
39185376055.jpg,train
3918928946.jpg,train
3920402234.jpg,train
3921111065.jpg,train
39213278552.jpg,train
39216302775_b935ed399e_c.jpg,train
392203703.jpg,train
3922823069.jpg,train
3923262081.jpg,train
392638049.jpg,train
3927291214.jpg,train
3927730463.jpg,train
39278759374.jpg,train
392931009.jpg,train
3929403271.jpg,train
3930281287.jpg,train
393103484.jpg,train
39315614465.jpg,train
39322535424.jpg,train
3933185758.jpg,train
393355172.jpg,train
3933649647.jpg,train
393410688.jpg,train
39352416292.jpg,train
3935302396.jpg,train
393548979.jpg,train
39359819862.jpg,train
3937037442.jpg,train
39378135472.jpg,train
394106193.jpg,train
3941466242.jpg,train
3941619079.jpg,train
394180461.jpg,train
394307818.jpg,train
394433738.jpg,train
394507907.jpg,train
394541340.jpg,train
394777697.jpg,train
394892905.jpg,train
3949607616.jpg,train
3950562241.jpg,train
3950919320.jpg,train
3951387201.jpg,train
395160957.jpg,train
3952307116.jpg,train
39528169894.jpg,train
3953284613.jpg,train
395470856.jpg,train
395649144.jpg,train
395675463.jpg,train
395695151.jpg,train
39571461580.jpg,train
39571461720.jpg,train
3957311986.jpg,train
395947155.jpg,train
396037484.jpg,train
3961118809.jpg,train
396131804.jpg,train
39624957962.jpg,train
39659949781.jpg,train
396697298.jpg,train
396761063.jpg,train
3967666542.jpg,train
39723845320.jpg,train
397404899.jpg,train
397482762.jpg,train
3979240969.jpg,train
397940538.jpg,train
3980433956.jpg,train
39840621352.jpg,train
3984102387.jpg,train
398450305.jpg,train
3984673309.jpg,train
39847217.jpg,train
39850909602.jpg,train
398600204.jpg,train
398851400.jpg,train
3988642810.jpg,train
3988890175.jpg,train
3988890301.jpg,train
3988890355.jpg,train
3988890379.jpg,train
39905583560.jpg,train
39908427783.jpg,train
399134294.jpg,train
39914275471.jpg,train
399153378.jpg,train
39925752380.jpg,train
399343882.jpg,train
399350502.jpg,train
3993834892.jpg,train
39940026404.jpg,train
39949004394.jpg,train
39949434815.jpg,train
399535420.jpg,train
3995682837.jpg,train
39992234660.jpg,train
39_rus_internalpassport7.jpg,train
400083911.jpg,train
4001152315.jpg,train
400268480.jpg,train
400282105.jpg,train
40031373603.jpg,train
40032873333.jpg,train
4004169716.jpg,train
4006347463.jpg,train
40068391840.jpg,train
40091652883.jpg,train
4009205776.jpg,train
4011630878.jpg,train
401280416.jpg,train
4013832113.jpg,train
40141948215.jpg,train
4014226268.jpg,train
401558035.jpg,train
4016311158.jpg,train
4016741.jpg,train
401855975.jpg,train
40197563552.jpg,train
402107038.jpg,train
40213320081.jpg,train
402155308.jpg,train
402481316.jpg,train
402484873.jpg,train
40260191120.jpg,train
40260415774.jpg,train
40277934001.jpg,train
403077894.jpg,train
40317685112.jpg,train
403259209.jpg,train
40344816161.jpg,train
40346786061.jpg,train
4034861809.jpg,train
4035007081.jpg,train
40351145653.jpg,train
403699741.jpg,train
4038567863.jpg,train
403870467.jpg,train
403900901.jpg,train
403919482.jpg,train
403954408.jpg,train
40396127834.jpg,train
40410449491.jpg,train
404328479.jpg,train
404925565.jpg,train
405197273.jpg,train
4052551439.jpg,train
405282646.jpg,train
4055047015.jpg,train
4055314439.jpg,train
4055440361.jpg,train
4056042436.jpg,train
4056225557.jpg,train
405777816.jpg,train
405803270.jpg,train
405818094.jpg,train
4058678764.jpg,train
406392017.jpg,train
4065017106.jpg,train
4065534656.jpg,train
40667016004.jpg,train
40667019824.jpg,train
40667019944.jpg,train
40688553760.jpg,train
4068996309.jpg,train
4069218001.jpg,train
40717742434.jpg,train
4072307695.jpg,train
4073009473.jpg,train
4073101199.jpg,train
4073174174.jpg,train
407450765.jpg,train
407465659.jpg,train
407517995.jpg,train
4077113023.jpg,train
407834077.jpg,train
40784583380.jpg,train
4078835403.jpg,train
407893487.jpg,train
407902096.jpg,train
4079198144.jpg,train
408058843.jpg,train
408171541.jpg,train
40832125352.jpg,train
4084020705.jpg,train
408474614.jpg,train
4085584470.jpg,train
408704812.jpg,train
4087203663.jpg,train
408986.jpg,train
408991000.jpg,train
40900686095.jpg,train
409033433.jpg,train
409176007.jpg,train
40923469633.jpg,train
40927222100.jpg,train
409334458.jpg,train
4093641595.jpg,train
4094119578.jpg,train
409437557.jpg,train
409437558.jpg,train
40952884651.jpg,train
4097816836.jpg,train
409782973.jpg,train
40981022.jpg,train
409979553.jpg,train
41058828842.jpg,train
410737477.jpg,train
4107422089.jpg,train
4107423153.jpg,train
4107425977.jpg,train
4107438385.jpg,train
4107447347.jpg,train
41074748565.jpg,train
4108184314.jpg,train
4108184972.jpg,train
4108192890.jpg,train
4108194858.jpg,train
4108199646.jpg,train
4108202434.jpg,train
4108206096.jpg,train
4108209302.jpg,train
4108212718.jpg,train
41082885204.jpg,train
410846427.jpg,train
411139191.jpg,train
411205051.jpg,train
411260468.jpg,train
4115379755.jpg,train
4115384489.jpg,train
4115396825.jpg,train
4115404271.jpg,train
4115416775.jpg,train
411573736.jpg,train
4116107660.jpg,train
411712359.jpg,train
411754468.jpg,train
4118877640.jpg,train
4118952759.jpg,train
4118952811.jpg,train
4118953007.jpg,train
412045580.jpg,train
4120736788.jpg,train
412088234.jpg,train
4122510484.jpg,train
412294572.jpg,train
41241623154.jpg,train
412470781.jpg,train
412544545.jpg,train
412639904.jpg,train
4126452309.jpg,train
412668275.jpg,train
412766270.jpg,train
412781051.jpg,train
41284243015.jpg,train
412893568.jpg,train
4131957940.jpg,train
4133687137.jpg,train
41338125952.jpg,train
41338126492.jpg,train
4134193132.jpg,train
41366214452.jpg,train
413912794.jpg,train
413913491.jpg,train
413970727.jpg,train
4142929301.jpg,train
4143543349.jpg,train
414500197.jpg,train
41457569.jpg,train
414781433.jpg,train
414931118.jpg,train
414962609.jpg,train
415003887.jpg,train
4151216773.jpg,train
4152343560.jpg,train
4153714694.jpg,train
41539501134.jpg,train
4154720043.jpg,train
415479067.jpg,train
415485316.jpg,train
415530010.jpg,train
4156645682.jpg,train
415899760.jpg,train
415942590.jpg,train
4159607074.jpg,train
415980706.jpg,train
41599928564.jpg,train
4160287859.jpg,train
4161480327.jpg,train
416259611.jpg,train
416325116.jpg,train
4164745668_1.jpg,train
416527783.jpg,train
416531875.jpg,train
41660518235.jpg,train
4166358179.jpg,train
416872168.jpg,train
41687317630.jpg,train
4169370876.jpg,train
416954045.jpg,train
4169734095.jpg,train
4170856928.jpg,train
4171064918.jpg,train
417164551.jpg,train
4172004949.jpg,train
4174286303.jpg,train
417437984.jpg,train
417496623.jpg,train
417563558.jpg,train
41756990614.jpg,train
41758166992.jpg,train
41758199962.jpg,train
4176705096.jpg,train
41774147544.jpg,train
4177551515.jpg,train
4180421046.jpg,train
418056814.jpg,train
418082327.jpg,train
4180902272.jpg,train
4182853039.jpg,train
4182914906.jpg,train
418363834.jpg,train
418392888.jpg,train
418451188.jpg,train
4186036536.jpg,train
4187101048.jpg,train
41876566045.jpg,train
4187818984.jpg,train
418811574.jpg,train
4188744707.jpg,train
4188745417.jpg,train
418914429.jpg,train
4189508022.jpg,train
4189583735.jpg,train
419031449.jpg,train
419132291.jpg,train
41918373564_f264135219_c.jpg,train
4194182230.jpg,train
419508223.jpg,train
419508360.jpg,train
419536767.jpg,train
419697775.jpg,train
41982276104.jpg,train
41995616742.jpg,train
41_srb_passport15.jpg,train
420041234.jpg,train
420145837.jpg,train
420269547.jpg,train
420357783.jpg,train
4203737918.jpg,train
4203883121.jpg,train
4204263511.jpg,train
42048521002.jpg,train
4205713455.jpg,train
4208342574.jpg,train
4208361845.jpg,train
4208557107.jpg,train
42087355202.jpg,train
4209818939.jpg,train
4210220234.jpg,train
421070516.jpg,train
4211085382.jpg,train
42128788114.jpg,train
421444275.jpg,train
4215805433.jpg,train
421708675.jpg,train
421866214.jpg,train
42190676.jpg,train
422175300.jpg,train
4222416150.jpg,train
42229064624.jpg,train
42229213682.jpg,train
4224814900.jpg,train
42265677.jpg,train
422662981.jpg,train
42267044930.jpg,train
42269820824.jpg,train
422737023.jpg,train
423274494.jpg,train
42339233964.jpg,train
42344676502.jpg,train
423471783.jpg,train
4235405559.jpg,train
423602157.jpg,train
4236299879.jpg,train
4237929186.jpg,train
4238036569.jpg,train
423859451.jpg,train
423908453.jpg,train
424428880.jpg,train
424442655.jpg,train
42444828702.jpg,train
42444829682.jpg,train
42444839642.jpg,train
424485222.jpg,train
424513928.jpg,train
424567199.jpg,train
4245769832.jpg,train
4245869078.jpg,train
42477101360.jpg,train
42477101790.jpg,train
42480100821.jpg,train
424817764.jpg,train
424901343.jpg,train
424964332.jpg,train
42496606921.jpg,train
42496612901.jpg,train
42496645591.jpg,train
42496659081.jpg,train
424971934.jpg,train
4249925594.jpg,train
425193014.jpg,train
425303572.jpg,train
4253570303.jpg,train
425374307.jpg,train
425396380.jpg,train
42548020095.jpg,train
425499216.jpg,train
425573332.jpg,train
4255996076.jpg,train
42561744811.jpg,train
4259067402.jpg,train
4259106427.jpg,train
42592162301.jpg,train
425965224.jpg,train
425965359.jpg,train
425965498.jpg,train
426007319.jpg,train
426096669.jpg,train
426098512.jpg,train
426121241.jpg,train
42619745124.jpg,train
426336044.jpg,train
4265382787.jpg,train
42659515955.jpg,train
426837215.jpg,train
427092519.jpg,train
4272305639.jpg,train
42739673.jpg,train
4274149529.jpg,train
4277936429.jpg,train
4279292904.jpg,train
4279335426.jpg,train
4279374508.jpg,train
428043264.jpg,train
428097914.jpg,train
42817381864.jpg,train
428370035.jpg,train
428375213.jpg,train
428504066.jpg,train
4285588605.jpg,train
428655823.jpg,train
42870019500.jpg,train
428717554.jpg,train
4287849846.jpg,train
4287962114.jpg,train
4288756413.jpg,train
4289154522_1.jpg,train
4289162936.jpg,train
428992695.jpg,train
429095239.jpg,train
42909846080.jpg,train
4291361836.jpg,train
429161708.jpg,train
42925826044.jpg,train
429332652.jpg,train
429351229.jpg,train
42939085672.jpg,train
42945063821.jpg,train
429465456.jpg,train
429511053.jpg,train
429545588.jpg,train
429571352.jpg,train
429582500.jpg,train
429731697.jpg,train
429815545.jpg,train
429820905.jpg,train
4299099334.jpg,train
429926362.jpg,train
429942001.jpg,train
429993990.jpg,train
42_svk_id.jpg,train
430006934.jpg,train
430046168.jpg,train
430097260.jpg,train
430113017.jpg,train
430173296.jpg,train
430177668.jpg,train
43022582154.jpg,train
430285857.jpg,train
4303111692.jpg,train
430386395.jpg,train
43043233651.jpg,train
43047666565.jpg,train
430700199.jpg,train
43074175711.jpg,train
4310350316.jpg,train
43120304220.jpg,train
431215875.jpg,train
4312292931.jpg,train
4313042511.jpg,train
4313064667.jpg,train
4313137405.jpg,train
4313184759.jpg,train
4313190855.jpg,train
4313262597.jpg,train
4313262929.jpg,train
4313752472.jpg,train
4313761900.jpg,train
4313767504.jpg,train
4313771736.jpg,train
4313798558.jpg,train
4313805664.jpg,train
4313858850.jpg,train
4313914898.jpg,train
4313931490.jpg,train
4313933130.jpg,train
4313943548.jpg,train
4314162945.jpg,train
4314199883.jpg,train
4314235989.jpg,train
4314262601.jpg,train
4314268961.jpg,train
4314279817.jpg,train
4314407093.jpg,train
4314564711.jpg,train
4314575177.jpg,train
4314643481.jpg,train
4314655985.jpg,train
4314713393.jpg,train
4314719939.jpg,train
4314726627.jpg,train
431473188.jpg,train
4314738953.jpg,train
4314819323.jpg,train
4314844517.jpg,train
4314846043.jpg,train
4314860857.jpg,train
4314883095.jpg,train
4314910343.jpg,train
4314922566.jpg,train
4314926810.jpg,train
4314953012.jpg,train
431498978.jpg,train
4315033885.jpg,train
4315057503.jpg,train
4315076606.jpg,train
4315120396.jpg,train
4315146552.jpg,train
4315147645.jpg,train
4315169351.jpg,train
4315251560.jpg,train
4315290228.jpg,train
4315292898.jpg,train
4315310717.jpg,train
4315319824.jpg,train
4315327871.jpg,train
4315334310.jpg,train
4315345821.jpg,train
4315365347.jpg,train
4315404224.jpg,train
4315418319.jpg,train
4315429738.jpg,train
4315430554.jpg,train
4315439861.jpg,train
4315451682.jpg,train
4315461324.jpg,train
4315505114.jpg,train
4315517474.jpg,train
4315521581.jpg,train
4315525031.jpg,train
4315560449.jpg,train
4315596895.jpg,train
4315612818.jpg,train
4315654076.jpg,train
4315654178.jpg,train
4315667436.jpg,train
4315682588.jpg,train
4315734725.jpg,train
4315738357.jpg,train
4315772420.jpg,train
4315774045.jpg,train
4315785027.jpg,train
4315849241.jpg,train
4315881773.jpg,train
4315893760.jpg,train
4315894754.jpg,train
4315910762.jpg,train
4315934737.jpg,train
4315956440.jpg,train
4315962069.jpg,train
4315971511.jpg,train
4316027892.jpg,train
4316032387.jpg,train
4316048094.jpg,train
4316055603.jpg,train
4316113174.jpg,train
4316138194.jpg,train
4316167804.jpg,train
4316172521.jpg,train
4316181327.jpg,train
4316189508.jpg,train
4316191572.jpg,train
4316261559.jpg,train
4316301791.jpg,train
4316303088.jpg,train
4316308864.jpg,train
4316308962.jpg,train
4316330266.jpg,train
431634204.jpg,train
4316346529.jpg,train
4316347470.jpg,train
4316375220.jpg,train
4316378050.jpg,train
4316422326.jpg,train
4316474122.jpg,train
4316495178.jpg,train
4316497784.jpg,train
4316511804.jpg,train
4316537847.jpg,train
4316553446.jpg,train
4316568553.jpg,train
4316576933.jpg,train
4316581094.jpg,train
4316603069.jpg,train
4316620516.jpg,train
4316681478.jpg,train
4316690214.jpg,train
4316699654.jpg,train
4316742710.jpg,train
4316746694.jpg,train
4316768322.jpg,train
4316779198.jpg,train
4316780822.jpg,train
4316782796.jpg,train
4316794995.jpg,train
4316802596.jpg,train
4316821448.jpg,train
4316837159.jpg,train
4316869515.jpg,train
4316892110.jpg,train
4316945814.jpg,train
4316946305.jpg,train
4316947814.jpg,train
4316959486.jpg,train
4316977942.jpg,train
4316990893.jpg,train
4317024950.jpg,train
4317052152.jpg,train
4317063379.jpg,train
4317142549.jpg,train
4317169017.jpg,train
4317210888.jpg,train
4317229619.jpg,train
4317234877.jpg,train
4317239866.jpg,train
4317251372.jpg,train
4317264114.jpg,train
4317265247.jpg,train
4317270244.jpg,train
4317299378.jpg,train
4317305808.jpg,train
4317314487.jpg,train
4317320764.jpg,train
4317345083.jpg,train
4317364261.jpg,train
4317397848.jpg,train
4317399555.jpg,train
4317406824.jpg,train
4317427975.jpg,train
4317450288.jpg,train
4317454352.jpg,train
4317471888.jpg,train
4317492860.jpg,train
4317505620.jpg,train
4317516006.jpg,train
4317541200.jpg,train
4317548866.jpg,train
4317555142.jpg,train
4317569980.jpg,train
4317573520.jpg,train
4317580886.jpg,train
4317625379.jpg,train
4317667816.jpg,train
4317685022.jpg,train
4317688433.jpg,train
4317701706.jpg,train
4317714844.jpg,train
4317742184.jpg,train
4317765942.jpg,train
4317794173.jpg,train
4317803440.jpg,train
4317811920.jpg,train
4317886310.jpg,train
4317899889.jpg,train
4317985751.jpg,train
4318007278.jpg,train
4318012322.jpg,train
4318022082.jpg,train
4318061143.jpg,train
4318075689.jpg,train
4318099990.jpg,train
4318144162.jpg,train
4318188972.jpg,train
4318311406.jpg,train
4318344712.jpg,train
4318351018.jpg,train
4318426337.jpg,train
4318433612.jpg,train
4318434649.jpg,train
4318453565.jpg,train
4318500924.jpg,train
4318501845.jpg,train
4318506860.jpg,train
4318520469.jpg,train
4318538391.jpg,train
4318589997.jpg,train
4318652553.jpg,train
4318653974.jpg,train
4318691287.jpg,train
4318713657.jpg,train
4318765188.jpg,train
4318768787.jpg,train
4318777438.jpg,train
4318800325.jpg,train
4318832045.jpg,train
4318839948.jpg,train
4318849751.jpg,train
4318851490.jpg,train
4318919772.jpg,train
431892188.jpg,train
4318981221.jpg,train
4318988797.jpg,train
4319008894.jpg,train
4319039923.jpg,train
4319040288.jpg,train
4319045790.jpg,train
4319060163.jpg,train
4319113314.jpg,train
4319206682.jpg,train
4319306245.jpg,train
4319325445.jpg,train
4319342535.jpg,train
4319361659.jpg,train
4319376746.jpg,train
4319384238.jpg,train
4319393075.jpg,train
4319492611.jpg,train
4319517609.jpg,train
4319550611.jpg,train
4319601618.jpg,train
4319604926.jpg,train
4319619835.jpg,train
4319644022.jpg,train
4319667403.jpg,train
4319717220.jpg,train
4319756378.jpg,train
4319765747.jpg,train
4319771405.jpg,train
4319794602.jpg,train
4319797430.jpg,train
4319800915.jpg,train
4319802057.jpg,train
4319809991.jpg,train
4319820686.jpg,train
4319827850.jpg,train
4319883446.jpg,train
4319894548.jpg,train
4319918183.jpg,train
4319934138.jpg,train
4319969841.jpg,train
4320010253.jpg,train
432005198.jpg,train
4320074385.jpg,train
432016768.jpg,train
4320220364.jpg,train
4320223437.jpg,train
432024445.jpg,train
4320308290.jpg,train
4320332697.jpg,train
4320348882.jpg,train
432034910.jpg,train
4320406750.jpg,train
4320591586.jpg,train
4320695715.jpg,train
4320910627.jpg,train
4320920308.jpg,train
4320934652.jpg,train
4321047707.jpg,train
432117092.jpg,train
4321172621.jpg,train
4321289892.jpg,train
4321300864.jpg,train
4321305792.jpg,train
4321388992.jpg,train
432142192.jpg,train
432142396.jpg,train
4321494637.jpg,train
4321554017.jpg,train
4321636954.jpg,train
4321643535.jpg,train
4321694214.jpg,train
4321972218.jpg,train
4321977018.jpg,train
4322017505.jpg,train
4322022476.jpg,train
4322161753.jpg,train
4322278236.jpg,train
4322380906.jpg,train
4322409489.jpg,train
4322462803.jpg,train
4322552582.jpg,train
4322556583.jpg,train
4322603889.jpg,train
4322695480.jpg,train
4322847790.jpg,train
4322848162.jpg,train
4322918720.jpg,train
432293901.jpg,train
4322973415.jpg,train
4322980212.jpg,train
4323011223.jpg,train
4323017809.jpg,train
4323045914.jpg,train
4323095757.jpg,train
4323170091.jpg,train
4323179095.jpg,train
4323219883.jpg,train
4323287568.jpg,train
4323290998.jpg,train
4323310580.jpg,train
4323356673.jpg,train
4323393453.jpg,train
4323431218.jpg,train
4323495079.jpg,train
4323499207.jpg,train
4323539330.jpg,train
4323646815.jpg,train
4323669782.jpg,train
4323710968.jpg,train
4323710976.jpg,train
4323733188.jpg,train
4323748674.jpg,train
4323784916.jpg,train
4323785836.jpg,train
432384029.jpg,train
432384475.jpg,train
4323867553.jpg,train
4323869347.jpg,train
4323909438.jpg,train
4323910112.jpg,train
4323968729.jpg,train
4324329673.jpg,train
4324340057.jpg,train
4324343254.jpg,train
4324346489.jpg,train
4324370126.jpg,train
4324387730.jpg,train
4324388128.jpg,train
4324491832.jpg,train
432459963.jpg,train
4324653466.jpg,train
4324662843.jpg,train
4324685623.jpg,train
4324827936.jpg,train
432497847.jpg,train
432498035.jpg,train
432498095.jpg,train
4325001452.jpg,train
4325109251.jpg,train
4325122337.jpg,train
4325180300.jpg,train
4325196264.jpg,train
4325222563.jpg,train
4325229067.jpg,train
4325283747.jpg,train
4325358063.jpg,train
4325367134.jpg,train
4325370031.jpg,train
4325409274.jpg,train
4325463144.jpg,train
4325506833.jpg,train
4325537011.jpg,train
4325577157.jpg,train
4325594597.jpg,train
432559758.jpg,train
432559760.jpg,train
4325598805.jpg,train
4325659692.jpg,train
4325741352.jpg,train
4325753452.jpg,train
4325754264.jpg,train
4325770633.jpg,train
4325832481.jpg,train
4325851350.jpg,train
4325855996.jpg,train
4325905131.jpg,train
4325957883.jpg,train
4325960214.jpg,train
4326008294.jpg,train
432608910.jpg,train
432609780.jpg,train
4326112114.jpg,train
4326123226.jpg,train
4326124382.jpg,train
4326135379.jpg,train
4326179005.jpg,train
4326246695.jpg,train
4326262515.jpg,train
4326345456.jpg,train
4326353181.jpg,train
4326376325.jpg,train
4326478091.jpg,train
4326546633.jpg,train
4326561407.jpg,train
4326564428.jpg,train
4326575251.jpg,train
4326586429.jpg,train
4326629181.jpg,train
4326663424.jpg,train
4326731428.jpg,train
4326735084.jpg,train
4326832221.jpg,train
4326847889.jpg,train
432685929.jpg,train
4326872308.jpg,train
4326932455.jpg,train
432704432.jpg,train
4327055429.jpg,train
4327171221.jpg,train
4327273752.jpg,train
4327318714.jpg,train
4327346448.jpg,train
4327380124.jpg,train
4327473624.jpg,train
4327488229.jpg,train
4327564929.jpg,train
4327611106.jpg,train
4327666180.jpg,train
4327697940.jpg,train
432771720.jpg,train
432774463.jpg,train
4327783162.jpg,train
432778717.jpg,train
4327790907.jpg,train
4327894777.jpg,train
4327935262.jpg,train
4327995603.jpg,train
4328005803.jpg,train
4328098367.jpg,train
4328123649.jpg,train
4328185940.jpg,train
4328265589.jpg,train
4328301901.jpg,train
4328367337.jpg,train
4328369285.jpg,train
4328400627.jpg,train
4328448696.jpg,train
4328475634.jpg,train
4328512048.jpg,train
4328528439.jpg,train
4328541270.jpg,train
4328676012.jpg,train
4328755866.jpg,train
432879051.jpg,train
4328798794.jpg,train
4328892232.jpg,train
4328913484.jpg,train
4328921457.jpg,train
4328972329.jpg,train
4328976041.jpg,train
4328994450.jpg,train
4329066647.jpg,train
4329070037.jpg,train
4329072157.jpg,train
4329089748.jpg,train
4329122376.jpg,train
4329125030.jpg,train
4329162205.jpg,train
4329191430.jpg,train
4329467416.jpg,train
4329512322.jpg,train
432952992.jpg,train
4329567657.jpg,train
4329672502.jpg,train
4329683257.jpg,train
4329691138.jpg,train
4329699070.jpg,train
4329800819.jpg,train
4329839203.jpg,train
4329909741.jpg,train
4329911613.jpg,train
4329961223.jpg,train
4330003844.jpg,train
4330080108.jpg,train
4330086284.jpg,train
4330274021.jpg,train
4330284600.jpg,train
4330293814.jpg,train
4330351430.jpg,train
4330400088.jpg,train
4330457489.jpg,train
4330493604.jpg,train
4330509577.jpg,train
4330521459.jpg,train
4330541085.jpg,train
433054574.jpg,train
4330559268.jpg,train
433070725.jpg,train
4330734195.jpg,train
4330825689.jpg,train
4330870220.jpg,train
4330897919.jpg,train
433100424.jpg,train
4331016081.jpg,train
4331035384.jpg,train
4331164188.jpg,train
4331175824.jpg,train
4331219291.jpg,train
4331249790.jpg,train
4331249818.jpg,train
4331268331.jpg,train
4331314975.jpg,train
4331375738.jpg,train
4331412247.jpg,train
4331451217.jpg,train
4331460554.jpg,train
4331463978.jpg,train
4331525453.jpg,train
4331535381.jpg,train
4331602639.jpg,train
4331607709.jpg,train
4331613980.jpg,train
4331631753.jpg,train
433175438.jpg,train
4331761710.jpg,train
4331795348.jpg,train
4331820021.jpg,train
4331826703.jpg,train
4331840139.jpg,train
4331900487.jpg,train
4331904346.jpg,train
4331910508.jpg,train
433205118.jpg,train
4332093381.jpg,train
4332093543.jpg,train
433219157.jpg,train
4332208949.jpg,train
4332245047.jpg,train
4332257917.jpg,train
4332276810.jpg,train
4332348575.jpg,train
4332382873.jpg,train
4332393945.jpg,train
4332415175.jpg,train
4332663448.jpg,train
4332690548.jpg,train
433281771.jpg,train
4332914169.jpg,train
433291929.jpg,train
4332926041.jpg,train
4332931542.jpg,train
4333021507.jpg,train
4333072795.jpg,train
4333076264.jpg,train
4333107057.jpg,train
4333114814.jpg,train
4333141062.jpg,train
4333188071.jpg,train
4333222802.jpg,train
4333227980.jpg,train
4333233220.jpg,train
4333240960.jpg,train
4333244582.jpg,train
4333368680.jpg,train
433339664.jpg,train
4333459981.jpg,train
4333492292.jpg,train
4333571533.jpg,train
4333578875.jpg,train
4333614278.jpg,train
4333654514.jpg,train
4333699492.jpg,train
4333832217.jpg,train
4333890878.jpg,train
4333915459.jpg,train
4333933670.jpg,train
4333993025.jpg,train
4334030423.jpg,train
4334031731.jpg,train
4334096882.jpg,train
4334190064.jpg,train
4334246306.jpg,train
4334263157.jpg,train
4334265643.jpg,train
4334291754.jpg,train
4334325219.jpg,train
4334330921.jpg,train
4334348094.jpg,train
4334440013.jpg,train
4334451433.jpg,train
4334463805.jpg,train
433447211.jpg,train
433447372.jpg,train
4334583787.jpg,train
4334587775.jpg,train
4334611673.jpg,train
4334696717.jpg,train
4334740384.jpg,train
4334800569.jpg,train
4334801249.jpg,train
4335018797.jpg,train
4335051564.jpg,train
4335081288.jpg,train
4335154826.jpg,train
4335169914.jpg,train
4335188628.jpg,train
4335204956.jpg,train
4335240804.jpg,train
4335241434.jpg,train
4335447139.jpg,train
4335544734.jpg,train
4335551212.jpg,train
4335646836.jpg,train
4335657723.jpg,train
4335690047.jpg,train
4335762736.jpg,train
4336107692.jpg,train
433610834.jpg,train
4336123188.jpg,train
4336125259.jpg,train
4336130161.jpg,train
4336150230.jpg,train
4336251469.jpg,train
4336257088.jpg,train
4336263968.jpg,train
4336313016.jpg,train
4336324512.jpg,train
4336341909.jpg,train
4336357548.jpg,train
4336361032.jpg,train
4336435349.jpg,train
4336448372.jpg,train
4336449524.jpg,train
4336454248.jpg,train
4336460375.jpg,train
4336537621.jpg,train
4336574602.jpg,train
4336675220.jpg,train
4336677177.jpg,train
4336693793.jpg,train
4336737515.jpg,train
4336763839.jpg,train
4336876232.jpg,train
4336992834.jpg,train
4337101815.jpg,train
4337134149.jpg,train
4337158828.jpg,train
4337161461.jpg,train
4337162276.jpg,train
4337186530.jpg,train
4337187130.jpg,train
4337202275.jpg,train
4337204292.jpg,train
4337207768.jpg,train
4337234093.jpg,train
4337318129.jpg,train
4337329675.jpg,train
4337351061.jpg,train
4337376885.jpg,train
4337381616.jpg,train
4337458067.jpg,train
4337460771.jpg,train
4337476192.jpg,train
4337478642.jpg,train
4337511236.jpg,train
4337569472.jpg,train
4337585506.jpg,train
4337647093.jpg,train
4337709133.jpg,train
433773189.jpg,train
4337733437.jpg,train
433777844.jpg,train
4337820249.jpg,train
4337842946.jpg,train
433784392.jpg,train
4337917181.jpg,train
433792702.jpg,train
4337976302.jpg,train
433799817.jpg,train
4338001569.jpg,train
433803400.jpg,train
4338053193.jpg,train
4338056575.jpg,train
4338089888.jpg,train
4338153993.jpg,train
4338158943.jpg,train
4338255882.jpg,train
4338268887.jpg,train
4338275414.jpg,train
4338298920.jpg,train
4338324431.jpg,train
4338382538.jpg,train
4338398780.jpg,train
433843030_1.jpg,train
4338434416.jpg,train
433843707.jpg,train
4338457809.jpg,train
4338468194.jpg,train
4338494392.jpg,train
4338514640.jpg,train
4338558948.jpg,train
4338799502.jpg,train
4338816686.jpg,train
4338864823.jpg,train
4338890128.jpg,train
4338909298.jpg,train
4338973024.jpg,train
4339003487.jpg,train
4339004451.jpg,train
4339004996.jpg,train
4339032601.jpg,train
4339064806.jpg,train
4339097410.jpg,train
4339109150.jpg,train
4339113538.jpg,train
4339167900.jpg,train
4339201154.jpg,train
4339216371.jpg,train
4339218721.jpg,train
433926440.jpg,train
4339265954.jpg,train
4339296201.jpg,train
4339499593.jpg,train
4339513496.jpg,train
4339552362.jpg,train
433959020.jpg,train
4339658315.jpg,train
4339662088.jpg,train
4339744133.jpg,train
4339792666.jpg,train
433979396.jpg,train
4339804835.jpg,train
4339811107.jpg,train
4339819203.jpg,train
4339840377.jpg,train
4339851905.jpg,train
4339877673.jpg,train
4339892182.jpg,train
4339926103.jpg,train
4339940230.jpg,train
4339949112.jpg,train
4339959988.jpg,train
4340049256.jpg,train
4340084486.jpg,train
4340120858.jpg,train
4340139535.jpg,train
434015329.jpg,train
4340231169.jpg,train
4340235094.jpg,train
4340262433.jpg,train
4340262675.jpg,train
4340267955.jpg,train
434030991.jpg,train
4340341337.jpg,train
4340372298.jpg,train
4340401168.jpg,train
4340415121.jpg,train
4340421329.jpg,train
4340513884.jpg,train
4340542171.jpg,train
434056235.jpg,train
434064920.jpg,train
434072894.jpg,train
4340745655.jpg,train
4340780316.jpg,train
4340781642.jpg,train
4340787598.jpg,train
434082955.jpg,train
4340877700.jpg,train
4340968983.jpg,train
4340969749.jpg,train
4340973720.jpg,train
4340985372.jpg,train
4340999760.jpg,train
4341002168.jpg,train
4341013044.jpg,train
4341137856.jpg,train
434114781.jpg,train
4341150966.jpg,train
4341158880.jpg,train
4341186146.jpg,train
4341215056.jpg,train
4341254402.jpg,train
4341255290.jpg,train
434129425.jpg,train
4341362679.jpg,train
4341375689.jpg,train
4341376251.jpg,train
4341435859.jpg,train
4341485883.jpg,train
4341486783.jpg,train
4341488856.jpg,train
4341489238.jpg,train
4341542467.jpg,train
4341571684.jpg,train
4341595387.jpg,train
434161436.jpg,train
4341704095.jpg,train
4341705638.jpg,train
4341707628.jpg,train
4341737516.jpg,train
4341777162.jpg,train
4341801163.jpg,train
4341845569.jpg,train
434190251.jpg,train
4341917479.jpg,train
4342015469.jpg,train
4342026683.jpg,train
4342063974.jpg,train
4342106996.jpg,train
4342156420.jpg,train
4342231442.jpg,train
4342278620.jpg,train
4342286718.jpg,train
434229958.jpg,train
4342301946.jpg,train
4342302832.jpg,train
4342311151.jpg,train
4342336115.jpg,train
4342337997.jpg,train
4342346076.jpg,train
4342375047.jpg,train
434238677.jpg,train
4342407058.jpg,train
4342424455.jpg,train
4342467575.jpg,train
4342482046.jpg,train
4342487732.jpg,train
4342494166.jpg,train
4342538406.jpg,train
4342577690.jpg,train
4342617283.jpg,train
4342618168.jpg,train
4342619281.jpg,train
434266824.jpg,train
4342719076.jpg,train
4342789011.jpg,train
4342932067.jpg,train
4343005442.jpg,train
4343008553.jpg,train
434302251.jpg,train
434302649.jpg,train
434305400.jpg,train
4343063183.jpg,train
434307199.jpg,train
434307200.jpg,train
434312615.jpg,train
4343128772.jpg,train
4343145215.jpg,train
4343147011.jpg,train
4343170577.jpg,train
4343184582.jpg,train
4343197581.jpg,train
4343208934.jpg,train
4343297430.jpg,train
4343353468.jpg,train
434338143.jpg,train
4343388304.jpg,train
4343411672.jpg,train
434342064.jpg,train
434343148.jpg,train
4343505334.jpg,train
434353343.jpg,train
4343542705.jpg,train
4343542979.jpg,train
434356885.jpg,train
4343580709.jpg,train
4343691938.jpg,train
434369581_1.jpg,train
4343730359.jpg,train
4343743161.jpg,train
4343746192.jpg,train
4343824847.jpg,train
4343833305.jpg,train
4343883061.jpg,train
434390417.jpg,train
4343918779.jpg,train
4343930975.jpg,train
4343936709.jpg,train
434394256.jpg,train
434394334.jpg,train
434394942.jpg,train
4343957255.jpg,train
434401611.jpg,train
434402828.jpg,train
4344032343.jpg,train
4344065749.jpg,train
4344074159.jpg,train
4344085981.jpg,train
434408812.jpg,train
4344091134.jpg,train
434409782.jpg,train
434410951.jpg,train
4344112852.jpg,train
434413104.jpg,train
434414407.jpg,train
434417821.jpg,train
434419731.jpg,train
4344280292.jpg,train
4344280506.jpg,train
4344280680.jpg,train
4344329704.jpg,train
4344375380.jpg,train
4344377956.jpg,train
4344388396.jpg,train
4344403581.jpg,train
4344411246.jpg,train
4344432792.jpg,train
4344469520.jpg,train
4344504408.jpg,train
4344516899.jpg,train
4344520596.jpg,train
4344531492.jpg,train
434458189.jpg,train
434458772.jpg,train
4344591453.jpg,train
4344600122.jpg,train
4344621021.jpg,train
4344701773.jpg,train
4344714927.jpg,train
434474250.jpg,train
4344750143.jpg,train
4344751419.jpg,train
4344757804.jpg,train
4344761198.jpg,train
4344777404.jpg,train
4344797604.jpg,train
434480682.jpg,train
4344822534.jpg,train
4344921578.jpg,train
4344921828.jpg,train
4344977827.jpg,train
4344981165.jpg,train
4345015175.jpg,train
4345017180.jpg,train
4345127994.jpg,train
4345137093.jpg,train
4345157821.jpg,train
4345172748.jpg,train
4345231411.jpg,train
4345231977.jpg,train
4345250482.jpg,train
4345270734.jpg,train
4345279919.jpg,train
434529799.jpg,train
4345312259.jpg,train
4345321203.jpg,train
4345329994.jpg,train
4345349255.jpg,train
4345363611.jpg,train
4345417153.jpg,train
4345420065.jpg,train
4345487080.jpg,train
4345521123.jpg,train
4345522365.jpg,train
434554257.jpg,train
434557843.jpg,train
434558845.jpg,train
4345622141.jpg,train
4345622241.jpg,train
4345630792.jpg,train
4345654576.jpg,train
434567772.jpg,train
4345678474.jpg,train
4345735265.jpg,train
4345735493.jpg,train
434575223.jpg,train
4345801112.jpg,train
4345804322.jpg,train
4345805368.jpg,train
4345829433.jpg,train
4345833795.jpg,train
434584315.jpg,train
4345852217.jpg,train
4345854331.jpg,train
434588725.jpg,train
4345901719.jpg,train
4345949172.jpg,train
4345956450.jpg,train
4345969261.jpg,train
4345970984.jpg,train
4345971626.jpg,train
4345972610.jpg,train
434604816.jpg,train
4346075856.jpg,train
4346138133.jpg,train
434614082.jpg,train
4346162872.jpg,train
4346211560.jpg,train
4346219307.jpg,train
4346275964.jpg,train
4346372141.jpg,train
4346373021.jpg,train
4346379573.jpg,train
434638094.jpg,train
4346402355.jpg,train
4346424471.jpg,train
4346473244.jpg,train
434648089.jpg,train
434649617.jpg,train
4346583432.jpg,train
4346599476.jpg,train
434660865.jpg,train
4346619693.jpg,train
4346620874.jpg,train
4346623139.jpg,train
4346634230.jpg,train
4346655778.jpg,train
434666171.jpg,train
434667203.jpg,train
434667211.jpg,train
434668304.jpg,train
4346690357.jpg,train
434671467.jpg,train
434672128.jpg,train
434673369.jpg,train
434674176.jpg,train
434674767.jpg,train
4346761592.jpg,train
4346763666.jpg,train
434677318.jpg,train
4346798058.jpg,train
4346844293.jpg,train
4346845364.jpg,train
4346868691.jpg,train
434687873.jpg,train
4346881666.jpg,train
434688459.jpg,train
4346907892.jpg,train
434692630.jpg,train
4346934173.jpg,train
4346953705.jpg,train
4346957697.jpg,train
4346964574.jpg,train
4346985085.jpg,train
4347000286.jpg,train
434703718.jpg,train
4347055452.jpg,train
4347135594.jpg,train
4347148967.jpg,train
4347158278.jpg,train
434723307.jpg,train
4347250316.jpg,train
4347271916.jpg,train
434727368.jpg,train
4347285961.jpg,train
4347364148.jpg,train
4347369134.jpg,train
4347369884.jpg,train
4347413802.jpg,train
4347428569.jpg,train
4347433612.jpg,train
4347499039.jpg,train
4347523340.jpg,train
4347526072.jpg,train
4347558681.jpg,train
4347624075.jpg,train
4347627773.jpg,train
4347641489.jpg,train
4347662817.jpg,train
4347675284.jpg,train
4347691817.jpg,train
4347711747.jpg,train
4347718128.jpg,train
4347724466.jpg,train
4347733932.jpg,train
4347738374.jpg,train
4347738656.jpg,train
4347845473.jpg,train
434788867.jpg,train
4347997125.jpg,train
4348065400.jpg,train
4348109525.jpg,train
43481456021.jpg,train
4348181222.jpg,train
434820413.jpg,train
434823331.jpg,train
4348242971.jpg,train
4348243986.jpg,train
4348303048.jpg,train
4348363826.jpg,train
434839023.jpg,train
4348396393.jpg,train
4348405992.jpg,train
4348415499.jpg,train
4348421295.jpg,train
4348425861.jpg,train
4348426457.jpg,train
4348444826.jpg,train
4348445623.jpg,train
434845805.jpg,train
4348488458.jpg,train
4348501527.jpg,train
434851824.jpg,train
4348532615.jpg,train
4348565550.jpg,train
4348568123.jpg,train
434860927.jpg,train
4348624335.jpg,train
434862713.jpg,train
4348676238.jpg,train
434868641.jpg,train
4348728812.jpg,train
4348731219.jpg,train
4348747115.jpg,train
434875136.jpg,train
434880692.jpg,train
4348854223.jpg,train
4348924868.jpg,train
434896235.jpg,train
4349009272.jpg,train
4349010028.jpg,train
434915682.jpg,train
4349158777.jpg,train
4349160951.jpg,train
4349166255.jpg,train
4349177563.jpg,train
4349219171.jpg,train
4349280068.jpg,train
4349285828.jpg,train
4349292973.jpg,train
4349298981.jpg,train
4349309232.jpg,train
4349310691.jpg,train
4349317652.jpg,train
4349338201.jpg,train
4349342215.jpg,train
4349414473.jpg,train
4349421326.jpg,train
434953327.jpg,train
434955816.jpg,train
434957833.jpg,train
4349593756.jpg,train
4349618400.jpg,train
434963878.jpg,train
434966795.jpg,train
4349679189.jpg,train
4349699477.jpg,train
4349703610.jpg,train
434970929.jpg,train
4349722576.jpg,train
4349739499.jpg,train
434975800.jpg,train
4349769551.jpg,train
434979305.jpg,train
4349796395.jpg,train
4349825519.jpg,train
4349880711.jpg,train
4349882333.jpg,train
4349885598.jpg,train
4349986242.jpg,train
4350011675.jpg,train
4350046817.jpg,train
4350051252.jpg,train
435006319.jpg,train
4350066248.jpg,train
4350075228.jpg,train
4350077444.jpg,train
4350077858.jpg,train
4350115715.jpg,train
4350116179.jpg,train
4350127006.jpg,train
435012871.jpg,train
4350164662.jpg,train
4350198914.jpg,train
435023591.jpg,train
435026923.jpg,train
435026929.jpg,train
4350269963.jpg,train
435028233.jpg,train
4350315483.jpg,train
4350363657.jpg,train
4350375196.jpg,train
4350378236.jpg,train
4350408094.jpg,train
435047127.jpg,train
4350478860.jpg,train
4350479788.jpg,train
435048211.jpg,train
4350525000.jpg,train
4350527336.jpg,train
4350537396.jpg,train
4350537968.jpg,train
4350545555.jpg,train
4350570744.jpg,train
4350575406.jpg,train
4350634542.jpg,train
4350640529.jpg,train
4350670367.jpg,train
4350751949.jpg,train
4350770205.jpg,train
4350775251.jpg,train
4350779440.jpg,train
4350792833.jpg,train
4350801959.jpg,train
4350810918.jpg,train
4350826015.jpg,train
435082944.jpg,train
4350841885.jpg,train
4350871574.jpg,train
4350879387.jpg,train
435090444.jpg,train
435090446.jpg,train
435091538.jpg,train
4350960995.jpg,train
4350966189.jpg,train
4350967335.jpg,train
435097248.jpg,train
435098677.jpg,train
4351016950.jpg,train
4351051015.jpg,train
435105563.jpg,train
4351110313.jpg,train
435113181.jpg,train
4351160724.jpg,train
4351194691.jpg,train
435122813.jpg,train
435124212.jpg,train
4351269154.jpg,train
4351274940.jpg,train
4351283043.jpg,train
4351286321.jpg,train
4351315761.jpg,train
4351338537.jpg,train
4351381424.jpg,train
4351391224.jpg,train
4351427327.jpg,train
4351448190.jpg,train
4351477395.jpg,train
435148240.jpg,train
4351498207.jpg,train
4351501422.jpg,train
4351505951.jpg,train
4351506065.jpg,train
435150773.jpg,train
4351513309.jpg,train
4351531896.jpg,train
4351563252.jpg,train
4351577588.jpg,train
4351691168.jpg,train
4351710199.jpg,train
4351714828.jpg,train
435174671.jpg,train
4351783747.jpg,train
4351786562.jpg,train
4351800560.jpg,train
4351880451.jpg,train
4351892392.jpg,train
4351908197.jpg,train
4351909816.jpg,train
4351911739.jpg,train
4351924993.jpg,train
4351939966.jpg,train
435195427.jpg,train
4351961358.jpg,train
4352022604.jpg,train
4352024240.jpg,train
4352061303.jpg,train
4352151202.jpg,train
4352151591.jpg,train
435218732.jpg,train
435218736.jpg,train
4352249968.jpg,train
4352259558.jpg,train
4352279950.jpg,train
4352285906.jpg,train
4352294864.jpg,train
435233711.jpg,train
435242889.jpg,train
4352445249.jpg,train
4352489830.jpg,train
4352545256.jpg,train
4352559906.jpg,train
4352566643.jpg,train
435259516.jpg,train
4352622451.jpg,train
4352649917.jpg,train
435265879.jpg,train
4352672886.jpg,train
4352674310.jpg,train
435268280.jpg,train
4352729658.jpg,train
4352733912.jpg,train
435273716.jpg,train
435273724.jpg,train
435274921.jpg,train
4352755673.jpg,train
435276840.jpg,train
4352786091.jpg,train
435282057.jpg,train
435283816.jpg,train
435285652.jpg,train
435286730.jpg,train
435288433.jpg,train
435299752.jpg,train
4353027221.jpg,train
435306019.jpg,train
435309049.jpg,train
435309620.jpg,train
435312744.jpg,train
4353131123.jpg,train
4353135983.jpg,train
435316550.jpg,train
435317020.jpg,train
4353191412.jpg,train
4353212825.jpg,train
435324958.jpg,train
4353317131.jpg,train
4353338101.jpg,train
435338663.jpg,train
435341570.jpg,train
435341623.jpg,train
4353423799.jpg,train
4353428552.jpg,train
435344810.jpg,train
435347698.jpg,train
435347890.jpg,train
435352859.jpg,train
4353561121.jpg,train
4353658104.jpg,train
4353660960.jpg,train
4353661528.jpg,train
4353676261.jpg,train
4353712017.jpg,train
4353747119.jpg,train
4353748225.jpg,train
4353796262.jpg,train
4353816194.jpg,train
4353816894.jpg,train
435383711.jpg,train
4353847522.jpg,train
435387736.jpg,train
4353883490.jpg,train
4353931029.jpg,train
4353934580.jpg,train
4353965231.jpg,train
4353988264.jpg,train
4354000011.jpg,train
4354000596.jpg,train
4354041288.jpg,train
4354051390.jpg,train
4354053244.jpg,train
4354064684.jpg,train
4354087755.jpg,train
4354096299.jpg,train
4354099031.jpg,train
4354145353.jpg,train
435418890.jpg,train
435418907.jpg,train
435424016.jpg,train
435424034.jpg,train
4354301462.jpg,train
435430342.jpg,train
4354315837.jpg,train
4354354312.jpg,train
435440024.jpg,train
43544136882.jpg,train
435445485.jpg,train
4354455660.jpg,train
4354500692.jpg,train
435450245.jpg,train
4354524555.jpg,train
4354564198.jpg,train
4354588488.jpg,train
435460873.jpg,train
4354634063.jpg,train
435465384.jpg,train
4354683729.jpg,train
435469899.jpg,train
4354720847.jpg,train
4354723476.jpg,train
4354735483.jpg,train
4354747366.jpg,train
4354752051.jpg,train
435476585.jpg,train
4354779773.jpg,train
435480211.jpg,train
4354812313.jpg,train
4354839401.jpg,train
4354847691.jpg,train
4354868786.jpg,train
4354915247.jpg,train
4354917503.jpg,train
4354927507.jpg,train
435494472.jpg,train
435494747.jpg,train
4354951920.jpg,train
4354966224.jpg,train
4355015426.jpg,train
4355021408.jpg,train
435502406.jpg,train
4355033839.jpg,train
4355056368.jpg,train
4355060576.jpg,train
4355061840.jpg,train
4355065924.jpg,train
4355092428.jpg,train
435513141.jpg,train
4355146167.jpg,train
435516126.jpg,train
435516775.jpg,train
4355186827.jpg,train
4355199922.jpg,train
4355206297.jpg,train
435525076.jpg,train
435525169.jpg,train
4355304573.jpg,train
4355337544.jpg,train
4355377590.jpg,train
435538223.jpg,train
4355387603.jpg,train
4355399815.jpg,train
4355412552.jpg,train
4355421745.jpg,train
4355422176.jpg,train
435543415.jpg,train
435543585.jpg,train
4355440932.jpg,train
4355442343.jpg,train
435545830.jpg,train
4355458681.jpg,train
4355471138.jpg,train
4355471444.jpg,train
4355483061.jpg,train
4355483846.jpg,train
4355485330.jpg,train
4355488730.jpg,train
435550820.jpg,train
4355523294.jpg,train
4355533056.jpg,train
4355537791.jpg,train
4355560629.jpg,train
4355568701.jpg,train
435559487.jpg,train
4355647080.jpg,train
4355650646.jpg,train
4355701490.jpg,train
4355703629.jpg,train
4355733863.jpg,train
4355741628.jpg,train
435574361.jpg,train
4355772342.jpg,train
4355791015.jpg,train
4355792146.jpg,train
4355796778.jpg,train
4355841377.jpg,train
4355841789.jpg,train
4355842906.jpg,train
4355845416.jpg,train
4355857163.jpg,train
4355863683.jpg,train
4355875493.jpg,train
435594539.jpg,train
4355945880.jpg,train
4355950793.jpg,train
4355954345.jpg,train
4356007899.jpg,train
4356078731.jpg,train
4356090774.jpg,train
435614880.jpg,train
435616944.jpg,train
4356246479.jpg,train
435625224.jpg,train
4356272429.jpg,train
435629509.jpg,train
4356296636.jpg,train
4356357477.jpg,train
4356357845.jpg,train
4356376621.jpg,train
4356382591.jpg,train
4356427322.jpg,train
4356499533.jpg,train
4356504677.jpg,train
435653228.jpg,train
4356547467.jpg,train
4356572393.jpg,train
4356593205.jpg,train
4356600934.jpg,train
4356611088.jpg,train
435668584.jpg,train
4356691679.jpg,train
4356708412.jpg,train
4356713593.jpg,train
435673465.jpg,train
4356734834.jpg,train
4356736398.jpg,train
4356736450.jpg,train
4356747883.jpg,train
4356760051.jpg,train
4356766309.jpg,train
4356767651.jpg,train
4356796004.jpg,train
4356802723.jpg,train
435683174.jpg,train
4356831976.jpg,train
435683485.jpg,train
4356836078.jpg,train
4356874241.jpg,train
4356877191.jpg,train
435688747.jpg,train
435688782.jpg,train
435693720.jpg,train
435693758.jpg,train
435694477.jpg,train
435695984.jpg,train
4356967011.jpg,train
4356998107.jpg,train
435700292.jpg,train
435700295.jpg,train
4357016701.jpg,train
435703103.jpg,train
4357041513.jpg,train
4357069519.jpg,train
4357071933.jpg,train
435708330.jpg,train
435708346.jpg,train
4357085293.jpg,train
4357085555.jpg,train
4357091137.jpg,train
4357093700.jpg,train
4357094924.jpg,train
4357112763.jpg,train
435712252.jpg,train
4357123578.jpg,train
435712532.jpg,train
435712780.jpg,train
4357153059.jpg,train
435716925.jpg,train
435720568.jpg,train
435724908.jpg,train
4357251276.jpg,train
4357251378.jpg,train
4357251696.jpg,train
4357251786.jpg,train
4357253042.jpg,train
4357265486.jpg,train
4357280306.jpg,train
4357307734.jpg,train
4357352513.jpg,train
4357367574.jpg,train
435739618.jpg,train
4357400726.jpg,train
435740218.jpg,train
4357418459.jpg,train
4357438254.jpg,train
4357463625.jpg,train
435746897.jpg,train
435746964.jpg,train
4357470793.jpg,train
435757206.jpg,train
435757218.jpg,train
4357582667.jpg,train
435762066.jpg,train
4357625830.jpg,train
4357628153.jpg,train
435764064.jpg,train
4357643780.jpg,train
435764381.jpg,train
4357659160.jpg,train
435769506_1.jpg,train
435769523.jpg,train
435769534.jpg,train
4357708676.jpg,train
4357710334.jpg,train
4357711120.jpg,train
4357732542.jpg,train
4357737240.jpg,train
4357746853.jpg,train
4357747923.jpg,train
4357756648.jpg,train
4357771870.jpg,train
4357817396.jpg,train
4357818729.jpg,train
4357820527.jpg,train
4357825190.jpg,train
4357841320.jpg,train
4357848582.jpg,train
4357857108.jpg,train
4357857134.jpg,train
435785786.jpg,train
4357865093.jpg,train
4357867044.jpg,train
435791377.jpg,train
435791445.jpg,train
4357979767.jpg,train
435800064.jpg,train
4358007772.jpg,train
4358019558.jpg,train
435805333.jpg,train
4358056770.jpg,train
4358074491.jpg,train
4358079881.jpg,train
4358086815.jpg,train
435810557.jpg,train
4358155321.jpg,train
4358172667.jpg,train
4358201578.jpg,train
4358206195.jpg,train
4358208423.jpg,train
435821501.jpg,train
4358221080.jpg,train
4358232765.jpg,train
4358336113.jpg,train
4358340797.jpg,train
4358348255.jpg,train
4358348495.jpg,train
4358378229.jpg,train
435838692.jpg,train
4358400201.jpg,train
4358401113.jpg,train
435845827.jpg,train
4358464487.jpg,train
4358484748.jpg,train
4358485539.jpg,train
4358487973.jpg,train
4358490371.jpg,train
4358493103.jpg,train
4358495599.jpg,train
4358499312.jpg,train
4358510741.jpg,train
435851088.jpg,train
4358600386.jpg,train
4358620579.jpg,train
4358620898.jpg,train
4358621124.jpg,train
435862574.jpg,train
4358643171.jpg,train
4358647679.jpg,train
4358683211.jpg,train
4358694127.jpg,train
4358695831.jpg,train
4358723592.jpg,train
4358734860.jpg,train
4358774821.jpg,train
435879543.jpg,train
4358803733.jpg,train
4358831219.jpg,train
4358854299.jpg,train
4358864673.jpg,train
4358877190.jpg,train
4358888550.jpg,train
435890524.jpg,train
4358912634.jpg,train
4358948149.jpg,train
4358975946.jpg,train
4358976090.jpg,train
4358981761.jpg,train
4358987101.jpg,train
4358995755.jpg,train
4359045407.jpg,train
4359081148.jpg,train
4359094845.jpg,train
4359096579.jpg,train
4359100090.jpg,train
4359114982.jpg,train
4359119996.jpg,train
435913698.jpg,train
4359144543.jpg,train
4359144777.jpg,train
4359163130.jpg,train
4359174561.jpg,train
4359188448.jpg,train
4359193912.jpg,train
4359216705.jpg,train
4359243067.jpg,train
4359257855.jpg,train
435926929.jpg,train
4359287566.jpg,train
4359296918.jpg,train
4359313823.jpg,train
4359316089.jpg,train
4359324959.jpg,train
4359327769.jpg,train
4359375265.jpg,train
4359386799.jpg,train
4359417511.jpg,train
4359418470.jpg,train
4359428170.jpg,train
4359432809.jpg,train
4359446349.jpg,train
4359446990.jpg,train
4359450715.jpg,train
4359491134.jpg,train
4359517889.jpg,train
4359525851.jpg,train
4359530870.jpg,train
435953610.jpg,train
4359546171.jpg,train
4359618041.jpg,train
435966331.jpg,train
4359688313.jpg,train
4359688351.jpg,train
435972621.jpg,train
4359777361.jpg,train
4359787011.jpg,train
4359787085.jpg,train
4359814747.jpg,train
4359828408.jpg,train
4359913721.jpg,train
435993611.jpg,train
4359961577.jpg,train
4360006906.jpg,train
4360054017.jpg,train
4360074252.jpg,train
4360132407.jpg,train
4360139983.jpg,train
4360141129.jpg,train
4360163815.jpg,train
4360177328.jpg,train
4360187773.jpg,train
4360188408.jpg,train
4360189590.jpg,train
4360189598.jpg,train
43602022745.jpg,train
4360203903.jpg,train
4360209010.jpg,train
4360234520.jpg,train
4360247752.jpg,train
4360249888.jpg,train
4360268414.jpg,train
4360270580.jpg,train
4360273456.jpg,train
4360287134.jpg,train
436029597.jpg,train
4360298603.jpg,train
4360303575.jpg,train
4360315516.jpg,train
4360336396.jpg,train
4360352803.jpg,train
436036346.jpg,train
4360366340.jpg,train
4360379483.jpg,train
4360389964.jpg,train
4360403107.jpg,train
4360410691.jpg,train
4360416579.jpg,train
4360474261.jpg,train
4360474713.jpg,train
4360513964.jpg,train
4360519630.jpg,train
4360522222.jpg,train
4360564151.jpg,train
4360575630.jpg,train
4360629544.jpg,train
4360630796.jpg,train
4360654514.jpg,train
4360669491.jpg,train
4360680065.jpg,train
436068622.jpg,train
4360695162.jpg,train
4360798761.jpg,train
4360799856.jpg,train
4360801597.jpg,train
4360803794.jpg,train
4360804962.jpg,train
4360808277.jpg,train
4360815868.jpg,train
4360855503.jpg,train
4360892544.jpg,train
4360914239.jpg,train
4360954567.jpg,train
436096797.jpg,train
4360987117.jpg,train
4361001076.jpg,train
4361021578.jpg,train
4361045762.jpg,train
4361054081.jpg,train
4361060175.jpg,train
4361067875.jpg,train
4361069580.jpg,train
4361076874.jpg,train
4361079680.jpg,train
4361111564.jpg,train
4361117084.jpg,train
4361142265.jpg,train
4361159548.jpg,train
4361191081.jpg,train
4361193089.jpg,train
4361204544.jpg,train
436121104.jpg,train
4361213573.jpg,train
4361214390.jpg,train
4361215017.jpg,train
4361227940.jpg,train
4361256217.jpg,train
4361314036.jpg,train
4361357069.jpg,train
4361382544.jpg,train
4361441471.jpg,train
4361459364.jpg,train
4361465753.jpg,train
4361474026.jpg,train
4361509073.jpg,train
436150974.jpg,train
4361520269.jpg,train
436153078.jpg,train
4361540849.jpg,train
4361556699.jpg,train
4361564730.jpg,train
4361590798.jpg,train
4361609871.jpg,train
4361629102.jpg,train
4361630184.jpg,train
436163394.jpg,train
4361678583.jpg,train
4361691128.jpg,train
4361725925.jpg,train
4361739699.jpg,train
4361778110.jpg,train
4361791172.jpg,train
4361795964.jpg,train
4361796754.jpg,train
4361806400.jpg,train
4361822430.jpg,train
4361836474.jpg,train
436185193.jpg,train
436187349.jpg,train
4361873711.jpg,train
436187818.jpg,train
4361894218.jpg,train
4361915919.jpg,train
4361917701.jpg,train
4362004773.jpg,train
4362010135.jpg,train
4362010683.jpg,train
4362011857.jpg,train
4362027208.jpg,train
4362037413.jpg,train
4362052810.jpg,train
4362053880.jpg,train
4362054601.jpg,train
436205500.jpg,train
4362067947.jpg,train
436208639.jpg,train
4362090355.jpg,train
436209767.jpg,train
4362101342.jpg,train
436210356.jpg,train
4362112217.jpg,train
4362146796.jpg,train
4362153753.jpg,train
4362158591.jpg,train
4362184969.jpg,train
436223109.jpg,train
436223200.jpg,train
436223220.jpg,train
436223225.jpg,train
4362248380.jpg,train
4362272117.jpg,train
4362284132.jpg,train
4362327180.jpg,train
4362345571.jpg,train
4362347663.jpg,train
4362352357.jpg,train
4362355398.jpg,train
4362372047.jpg,train
4362376397.jpg,train
4362407146.jpg,train
4362413792.jpg,train
436241548.jpg,train
4362452073.jpg,train
4362463296.jpg,train
4362500070.jpg,train
4362504429.jpg,train
436254419.jpg,train
436254435.jpg,train
4362566905.jpg,train
4362570768.jpg,train
4362577678.jpg,train
4362582476.jpg,train
4362590290.jpg,train
436259708.jpg,train
436260630.jpg,train
4362611577.jpg,train
4362620428.jpg,train
4362628851.jpg,train
436263798.jpg,train
4362656907.jpg,train
4362657809.jpg,train
4362662513.jpg,train
436269013.jpg,train
436270338.jpg,train
4362709060.jpg,train
4362715255.jpg,train
436273387.jpg,train
436274321.jpg,train
436277120.jpg,train
4362779501.jpg,train
436278194.jpg,train
436278254_1.jpg,train
4362827767.jpg,train
4362858252.jpg,train
4362876593.jpg,train
4362886209.jpg,train
4362912325.jpg,train
436293797.jpg,train
4362946309.jpg,train
4362947347.jpg,train
4362954299.jpg,train
4362961690.jpg,train
4362966864.jpg,train
4362967358.jpg,train
436302433.jpg,train
4363030220.jpg,train
4363031731.jpg,train
4363036726.jpg,train
436303912.jpg,train
4363057615.jpg,train
4363065913.jpg,train
436308959.jpg,train
4363095841.jpg,train
4363096718.jpg,train
4363102811.jpg,train
4363131982.jpg,train
4363140988.jpg,train
436315062.jpg,train
436316901.jpg,train
436316928.jpg,train
436316928_1.jpg,train
436317351.jpg,train
436318934.jpg,train
4363240030.jpg,train
4363247130.jpg,train
4363291174.jpg,train
436329916.jpg,train
4363361052.jpg,train
436337701.jpg,train
436341216.jpg,train
4363433892.jpg,train
4363437447.jpg,train
4363440873.jpg,train
4363443410.jpg,train
436344402.jpg,train
4363448244.jpg,train
436346788.jpg,train
4363471906.jpg,train
4363472204.jpg,train
436351126.jpg,train
4363514880.jpg,train
4363549036.jpg,train
436356063.jpg,train
4363573119.jpg,train
4363599628.jpg,train
4363625290.jpg,train
4363631797.jpg,train
4363647803.jpg,train
436365683.jpg,train
4363686670.jpg,train
4363735607.jpg,train
4363770166.jpg,train
436380855.jpg,train
4363848586.jpg,train
4363850997.jpg,train
4363879400.jpg,train
4363933699.jpg,train
4363943557.jpg,train
4363947055.jpg,train
4363951938.jpg,train
4363958755.jpg,train
4363970308.jpg,train
4364065440.jpg,train
4364067828.jpg,train
4364086379.jpg,train
4364088946.jpg,train
4364095367.jpg,train
436415004.jpg,train
436416135.jpg,train
436417545.jpg,train
4364184002.jpg,train
4364187762.jpg,train
436419421.jpg,train
4364209710.jpg,train
436424332.jpg,train
4364246838.jpg,train
4364305941.jpg,train
4364327875.jpg,train
4364337835.jpg,train
4364337961.jpg,train
4364352136.jpg,train
4364372043.jpg,train
4364387995.jpg,train
4364391076.jpg,train
4364392122.jpg,train
4364405696.jpg,train
4364429549.jpg,train
4364481477.jpg,train
4364494013.jpg,train
4364528031.jpg,train
4364530832.jpg,train
436455565.jpg,train
4364559236.jpg,train
4364566364.jpg,train
436456755.jpg,train
4364620021.jpg,train
436467133.jpg,train
4364681647.jpg,train
436470884.jpg,train
4364729219.jpg,train
4364762491.jpg,train
4364790161.jpg,train
436481070.jpg,train
4364880902.jpg,train
4364881468.jpg,train
4364883486.jpg,train
436495283_1.jpg,train
436495327.jpg,train
4364957045.jpg,train
436496299.jpg,train
4364972626.jpg,train
4365049764.jpg,train
4365053326.jpg,train
4365055987.jpg,train
436509734.jpg,train
436509921.jpg,train
436515202.jpg,train
436515241.jpg,train
4365160799.jpg,train
4365162275.jpg,train
4365163127.jpg,train
4365166923.jpg,train
4365169399.jpg,train
436517915.jpg,train
436517940.jpg,train
4365195383.jpg,train
4365196619.jpg,train
4365200666.jpg,train
4365203180.jpg,train
4365222824.jpg,train
4365251546.jpg,train
4365252054.jpg,train
4365267806.jpg,train
436528061.jpg,train
4365352801.jpg,train
4365383945.jpg,train
4365384193.jpg,train
4365395718.jpg,train
4365407336.jpg,train
4365412795.jpg,train
4365416898.jpg,train
4365426024.jpg,train
4365439811.jpg,train
4365447087.jpg,train
4365455659.jpg,train
436547379.jpg,train
436549140.jpg,train
4365493450.jpg,train
4365531406.jpg,train
4365539438.jpg,train
4365561107.jpg,train
4365566897.jpg,train
4365574155.jpg,train
4365667457.jpg,train
4365687753.jpg,train
4365694558.jpg,train
4365716462.jpg,train
4365736742.jpg,train
4365754266.jpg,train
4365754628.jpg,train
4365758735.jpg,train
4365792966.jpg,train
4365793285.jpg,train
4365804683.jpg,train
4365805247.jpg,train
4365820302.jpg,train
4365839617.jpg,train
4365916384.jpg,train
4365919068.jpg,train
4365926300.jpg,train
4365935362.jpg,train
4365937624.jpg,train
436595967.jpg,train
4365967081.jpg,train
4365987378.jpg,train
4365992213.jpg,train
436600205.jpg,train
436601258.jpg,train
4366023794.jpg,train
4366025951.jpg,train
4366054839.jpg,train
4366057355.jpg,train
4366108393.jpg,train
4366115555.jpg,train
4366133050.jpg,train
4366187825.jpg,train
436619156.jpg,train
4366200906.jpg,train
4366213935.jpg,train
4366235009.jpg,train
4366235145.jpg,train
4366239629.jpg,train
4366243553.jpg,train
4366247909.jpg,train
4366254283.jpg,train
4366274621.jpg,train
4366276288.jpg,train
4366314612.jpg,train
4366342264.jpg,train
4366343037.jpg,train
4366343300.jpg,train
436635153.jpg,train
4366353538.jpg,train
436636364.jpg,train
4366376588.jpg,train
4366401706.jpg,train
436641873.jpg,train
4366432450.jpg,train
4366436917.jpg,train
4366445617.jpg,train
4366461917.jpg,train
4366476952.jpg,train
4366484198.jpg,train
4366490525.jpg,train
4366491191.jpg,train
436649169.jpg,train
4366496223.jpg,train
4366499991.jpg,train
4366505969.jpg,train
4366506209.jpg,train
4366531766.jpg,train
4366533870.jpg,train
4366542066.jpg,train
4366596405.jpg,train
4366606257.jpg,train
4366614369.jpg,train
4366629579.jpg,train
4366645787.jpg,train
4366674463.jpg,train
436668480.jpg,train
4366709575.jpg,train
4366756933.jpg,train
4366758601.jpg,train
4366762931.jpg,train
4366765340.jpg,train
4366765689.jpg,train
4366766676.jpg,train
4366769930.jpg,train
4366816521.jpg,train
4366816922.jpg,train
4366853258.jpg,train
4366885049.jpg,train
4366888631.jpg,train
4366908736.jpg,train
4366916791.jpg,train
4366922375.jpg,train
4366949252.jpg,train
4366961134.jpg,train
4366961968.jpg,train
4366977699.jpg,train
4366987380.jpg,train
4366996208.jpg,train
4367003575.jpg,train
436701163.jpg,train
4367017840.jpg,train
4367067510.jpg,train
4367068022.jpg,train
436707046.jpg,train
436707048.jpg,train
4367084164.jpg,train
4367084868.jpg,train
436709147.jpg,train
4367097227.jpg,train
4367108560.jpg,train
4367166955.jpg,train
4367173341.jpg,train
4367174810.jpg,train
4367185796.jpg,train
4367212929.jpg,train
4367222969.jpg,train
436723000.jpg,train
4367234752.jpg,train
436724282.jpg,train
4367250254.jpg,train
436730732_1.jpg,train
436730738.jpg,train
4367309398.jpg,train
4367311678.jpg,train
436731544.jpg,train
4367317686.jpg,train
4367319739.jpg,train
4367329887.jpg,train
4367348194.jpg,train
4367355223.jpg,train
4367355999.jpg,train
4367357939.jpg,train
4367362592.jpg,train
4367364897.jpg,train
4367376016.jpg,train
4367377674.jpg,train
4367383353.jpg,train
4367393029.jpg,train
4367403319.jpg,train
4367420252.jpg,train
4367421351.jpg,train
4367427517.jpg,train
4367445015.jpg,train
436747308.jpg,train
4367487589.jpg,train
4367491690.jpg,train
4367497109.jpg,train
436752103.jpg,train
4367563964.jpg,train
4367564596.jpg,train
4367582229.jpg,train
4367595015.jpg,train
4367645017.jpg,train
4367645331.jpg,train
4367665902.jpg,train
4367670782.jpg,train
4367673403.jpg,train
4367673840.jpg,train
436772821.jpg,train
4367736791.jpg,train
4367752582.jpg,train
4367754916.jpg,train
4367760215.jpg,train
436782960.jpg,train
436782960_1.jpg,train
436783156_1.jpg,train
436783159.jpg,train
436783180.jpg,train
436783682.jpg,train
436783684.jpg,train
4367843107.jpg,train
436786601.jpg,train
436787681.jpg,train
436787721.jpg,train
4367881643.jpg,train
4367959504.jpg,train
4367967226.jpg,train
4367968790.jpg,train
4367973027.jpg,train
4367991081.jpg,train
4367991605.jpg,train
436799343.jpg,train
436799373.jpg,train
436799562.jpg,train
4368002092.jpg,train
4368003749.jpg,train
436801055.jpg,train
4368013514.jpg,train
4368025153.jpg,train
4368025623.jpg,train
4368028020.jpg,train
4368029429.jpg,train
436803716_1.jpg,train
436803729.jpg,train
4368040668.jpg,train
4368061228.jpg,train
4368076240.jpg,train
4368105210.jpg,train
4368160294.jpg,train
4368188178.jpg,train
4368193271.jpg,train
4368223121.jpg,train
436826333.jpg,train
4368264798.jpg,train
4368286808.jpg,train
4368286967.jpg,train
4368332288.jpg,train
4368340298.jpg,train
436834568.jpg,train
436836863.jpg,train
4368382539.jpg,train
4368412167.jpg,train
4368439911.jpg,train
4368441951.jpg,train
4368445520.jpg,train
4368467288.jpg,train
4368469667.jpg,train
4368475181.jpg,train
4368501089.jpg,train
4368506735.jpg,train
4368522311.jpg,train
4368544548.jpg,train
436855544.jpg,train
4368578258.jpg,train
436858110.jpg,train
4368581289.jpg,train
4368592662.jpg,train
4368649485.jpg,train
436867346.jpg,train
4368713230.jpg,train
4368746273.jpg,train
4368751549.jpg,train
4368786573.jpg,train
436878706.jpg,train
4368807045.jpg,train
4368818166.jpg,train
4368833593.jpg,train
4368835935.jpg,train
4368868693.jpg,train
436886952.jpg,train
4368875807.jpg,train
4368875815.jpg,train
4368876436.jpg,train
4368878532.jpg,train
4368882869.jpg,train
436889076.jpg,train
436889087.jpg,train
4368956725.jpg,train
436898423.jpg,train
4369023694.jpg,train
4369032821.jpg,train
4369033978.jpg,train
4369050262.jpg,train
436905449.jpg,train
436905470.jpg,train
4369156698.jpg,train
436916783.jpg,train
4369189836.jpg,train
4369206372.jpg,train
4369213304.jpg,train
4369223632.jpg,train
4369230820.jpg,train
4369237510.jpg,train
436924415.jpg,train
436925920.jpg,train
4369259367.jpg,train
4369262132.jpg,train
4369269926.jpg,train
4369303953.jpg,train
4369342371.jpg,train
43693491.jpg,train
4369365203.jpg,train
4369398772.jpg,train
4369400351.jpg,train
4369402964.jpg,train
4369403477.jpg,train
4369403962.jpg,train
4369406852.jpg,train
4369430562.jpg,train
436944703.jpg,train
4369492307.jpg,train
4369508645.jpg,train
436953390.jpg,train
4369551020.jpg,train
4369560602.jpg,train
4369579944.jpg,train
4369624186.jpg,train
4369625384.jpg,train
4369625690.jpg,train
4369625836.jpg,train
4369627167.jpg,train
4369627745.jpg,train
4369628770.jpg,train
4369634579.jpg,train
4369655730.jpg,train
4369694741.jpg,train
4369730160.jpg,train
4369746083.jpg,train
4369747434.jpg,train
4369752803.jpg,train
4369768811.jpg,train
4369783269.jpg,train
4369785194.jpg,train
4369787660.jpg,train
4369826831.jpg,train
4369847913.jpg,train
4369891509.jpg,train
436990653.jpg,train
436990669.jpg,train
4369914263.jpg,train
4369968218.jpg,train
436996878.jpg,train
4369981765.jpg,train
4369992317.jpg,train
4369999595.jpg,train
4370008496.jpg,train
4370030167.jpg,train
4370045522.jpg,train
4370062939.jpg,train
4370088582.jpg,train
4370088958.jpg,train
4370093677.jpg,train
4370095211.jpg,train
4370138978.jpg,train
4370146481.jpg,train
4370148259.jpg,train
4370152159.jpg,train
437017249.jpg,train
437027623.jpg,train
4370291565.jpg,train
437029267.jpg,train
4370339943.jpg,train
4370341691.jpg,train
4370351822.jpg,train
4370363253.jpg,train
4370371521.jpg,train
4370397587.jpg,train
4370405581.jpg,train
4370405779.jpg,train
4370407488.jpg,train
437044433_1.jpg,train
4370445782.jpg,train
4370458992.jpg,train
437049388.jpg,train
4370502560.jpg,train
4370505667.jpg,train
4370506652.jpg,train
4370507044.jpg,train
4370520636.jpg,train
4370524480.jpg,train
4370531602.jpg,train
4370532124.jpg,train
4370538546.jpg,train
4370538733.jpg,train
437055245.jpg,train
437055879.jpg,train
4370559307.jpg,train
437056249.jpg,train
4370587453.jpg,train
4370609064.jpg,train
4370636381.jpg,train
4370645779.jpg,train
4370650853.jpg,train
437066048.jpg,train
437068017.jpg,train
4370724417.jpg,train
437073329.jpg,train
4370736774.jpg,train
4370741070.jpg,train
437074569.jpg,train
4370748435.jpg,train
4370749654.jpg,train
437075180.jpg,train
437075191.jpg,train
4370765075.jpg,train
4370772044.jpg,train
4370781226.jpg,train
437081037.jpg,train
437081212.jpg,train
437081268.jpg,train
437083450.jpg,train
4370838879.jpg,train
437089140.jpg,train
4370895550.jpg,train
4370908342.jpg,train
4370932677.jpg,train
4370933734.jpg,train
4370936050.jpg,train
437094270.jpg,train
437094688.jpg,train
4370952079.jpg,train
4370983555.jpg,train
4370986831.jpg,train
4370988692.jpg,train
437099492.jpg,train
4371022494.jpg,train
4371023058.jpg,train
4371030695.jpg,train
4371042891.jpg,train
437104491.jpg,train
437104502.jpg,train
4371054293.jpg,train
437106116.jpg,train
4371066302.jpg,train
437111198.jpg,train
437111205.jpg,train
437111421.jpg,train
4371117732.jpg,train
4371127474.jpg,train
4371129995.jpg,train
4371155578.jpg,train
437116517.jpg,train
4371200576.jpg,train
437121539.jpg,train
4371215595.jpg,train
4371235725.jpg,train
4371259230.jpg,train
437128703.jpg,train
4371291720.jpg,train
4371298465.jpg,train
4371313332.jpg,train
4371322774.jpg,train
4371342963.jpg,train
437134593.jpg,train
4371381179.jpg,train
4371384314.jpg,train
437140519.jpg,train
4371432659.jpg,train
4371468699.jpg,train
4371473273.jpg,train
4371491771.jpg,train
4371503365.jpg,train
4371523355.jpg,train
4371529781.jpg,train
437153336.jpg,train
4371538877.jpg,train
4371539719.jpg,train
4371540334.jpg,train
4371540875.jpg,train
4371542927.jpg,train
4371554086.jpg,train
4371556947.jpg,train
4371563079.jpg,train
4371582358.jpg,train
4371586842.jpg,train
437158877.jpg,train
4371601132.jpg,train
4371605729.jpg,train
437163525.jpg,train
4371637167.jpg,train
4371643489.jpg,train
4371643683.jpg,train
4371645865.jpg,train
4371685170.jpg,train
4371701968.jpg,train
4371707483.jpg,train
4371762800.jpg,train
437176392.jpg,train
4371777331.jpg,train
4371777933.jpg,train
4371797790.jpg,train
4371807153.jpg,train
4371810824.jpg,train
437182308.jpg,train
4371823963.jpg,train
4371831333.jpg,train
4371836457.jpg,train
4371839827.jpg,train
4371847945.jpg,train
437185142.jpg,train
4371862496.jpg,train
4371876863.jpg,train
4371879549.jpg,train
4371881053.jpg,train
4371894759.jpg,train
437190482.jpg,train
4371910693.jpg,train
4371943273.jpg,train
4371944028.jpg,train
4371948512.jpg,train
4371955786.jpg,train
4371956942.jpg,train
4371976706.jpg,train
4371980871.jpg,train
4371981790.jpg,train
4371995633.jpg,train
4372003737.jpg,train
4372027683.jpg,train
437205671.jpg,train
4372057195.jpg,train
4372067631.jpg,train
4372092013.jpg,train
437209913.jpg,train
437210097.jpg,train
4372135972.jpg,train
4372168049.jpg,train
4372171572.jpg,train
4372178234.jpg,train
4372179043.jpg,train
4372195915.jpg,train
4372250750.jpg,train
4372254684.jpg,train
4372268704.jpg,train
4372275560.jpg,train
4372276551.jpg,train
4372299374.jpg,train
4372301902.jpg,train
4372310976.jpg,train
4372340435.jpg,train
4372371538.jpg,train
4372386052.jpg,train
4372435448.jpg,train
4372465691.jpg,train
4372510789.jpg,train
4372514096.jpg,train
437252088.jpg,train
4372542557.jpg,train
4372554914.jpg,train
437257701.jpg,train
4372580010.jpg,train
437258542.jpg,train
437258559.jpg,train
4372586515.jpg,train
4372604580.jpg,train
4372612341.jpg,train
4372618131.jpg,train
4372628898.jpg,train
4372632334.jpg,train
437264465.jpg,train
437264472.jpg,train
4372677468.jpg,train
4372698131.jpg,train
4372699026.jpg,train
4372714978.jpg,train
437272549.jpg,train
437272572.jpg,train
4372726931.jpg,train
4372728711.jpg,train
4372733648.jpg,train
4372743533.jpg,train
4372743691.jpg,train
4372791347.jpg,train
4372811227.jpg,train
437283939.jpg,train
437284343.jpg,train
437284842.jpg,train
4372854484.jpg,train
4372856028.jpg,train
4372857200.jpg,train
4372869920.jpg,train
4372874767.jpg,train
4372882331.jpg,train
4372888432.jpg,train
4372891061.jpg,train
437289824.jpg,train
4372906812.jpg,train
437290977.jpg,train
437290982.jpg,train
4372911729.jpg,train
4372913853.jpg,train
4372924924.jpg,train
4372926894.jpg,train
4372940407.jpg,train
437296980.jpg,train
4373020719.jpg,train
437302876.jpg,train
4373028840.jpg,train
437303237.jpg,train
4373057725.jpg,train
4373059329.jpg,train
4373060613.jpg,train
4373063982.jpg,train
4373065154.jpg,train
4373068325.jpg,train
437309284.jpg,train
437309297.jpg,train
437309300.jpg,train
4373101516.jpg,train
437310219.jpg,train
4373103127.jpg,train
4373109669.jpg,train
4373133983.jpg,train
4373155607.jpg,train
4373175244.jpg,train
4373201303.jpg,train
4373238047.jpg,train
4373287475.jpg,train
4373289376.jpg,train
437329037.jpg,train
4373295649.jpg,train
4373296506.jpg,train
4373297859.jpg,train
4373329707.jpg,train
4373350456.jpg,train
4373358844.jpg,train
4373371655.jpg,train
4373377495.jpg,train
4373405461.jpg,train
4373413450.jpg,train
4373415194.jpg,train
437343789.jpg,train
4373441606.jpg,train
4373455046.jpg,train
4373479866.jpg,train
4373485222.jpg,train
4373498717.jpg,train
4373500508.jpg,train
4373501650.jpg,train
4373530151.jpg,train
4373532065.jpg,train
437353568.jpg,train
4373541777.jpg,train
437356335.jpg,train
4373565954.jpg,train
4373566852.jpg,train
4373573132.jpg,train
4373593844.jpg,train
437361506.jpg,train
4373639907.jpg,train
4373668338.jpg,train
4373687211.jpg,train
4373695016.jpg,train
4373697122.jpg,train
437371108.jpg,train
4373730227.jpg,train
4373771598.jpg,train
4373777142.jpg,train
4373789858.jpg,train
4373799162.jpg,train
437382083.jpg,train
4373825137.jpg,train
4373827063.jpg,train
4373829013.jpg,train
4373829855.jpg,train
4373830396.jpg,train
4373841305.jpg,train
4373849754.jpg,train
4373851073.jpg,train
43738656831.jpg,train
4373882292.jpg,train
4373905072.jpg,train
4373911294.jpg,train
4373912988.jpg,train
437392615.jpg,train
4373958835.jpg,train
4373959725.jpg,train
4373970235.jpg,train
4373971701.jpg,train
4373972385.jpg,train
4373989709.jpg,train
4374001509.jpg,train
4374011467.jpg,train
4374023359.jpg,train
437402675.jpg,train
437403056.jpg,train
4374046278.jpg,train
4374052682.jpg,train
4374054701.jpg,train
4374065290.jpg,train
437408180.jpg,train
4374103145.jpg,train
4374106431.jpg,train
4374114177.jpg,train
4374128405.jpg,train
4374130984.jpg,train
4374134533.jpg,train
4374181933.jpg,train
4374186986.jpg,train
4374187659.jpg,train
4374189288.jpg,train
4374198325.jpg,train
4374221669.jpg,train
4374228542.jpg,train
4374245154.jpg,train
4374262733.jpg,train
4374263293.jpg,train
4374269527.jpg,train
4374278933.jpg,train
4374280649.jpg,train
4374281712.jpg,train
4374308242.jpg,train
4374331078.jpg,train
4374332811.jpg,train
4374353067.jpg,train
4374395011.jpg,train
4374397962.jpg,train
4374406964.jpg,train
4374410570.jpg,train
4374429272.jpg,train
4374450738.jpg,train
4374453936.jpg,train
4374454247.jpg,train
4374476494.jpg,train
4374486318.jpg,train
4374493915.jpg,train
4374515789.jpg,train
4374567033.jpg,train
4374575671.jpg,train
4374580518.jpg,train
4374584030.jpg,train
4374584560.jpg,train
4374586420.jpg,train
4374593458.jpg,train
4374607762.jpg,train
4374624791.jpg,train
4374642862.jpg,train
4374667311.jpg,train
4374667707.jpg,train
4374670696.jpg,train
4374698262.jpg,train
4374699034.jpg,train
437472557.jpg,train
437473200.jpg,train
4374734734.jpg,train
4374744505.jpg,train
4374744731.jpg,train
437474530.jpg,train
4374751744.jpg,train
4374815617.jpg,train
437481999.jpg,train
4374826261.jpg,train
4374829443.jpg,train
4374831227.jpg,train
437485323.jpg,train
4374862622.jpg,train
4374865206.jpg,train
4374867430.jpg,train
4374888090.jpg,train
4374889933.jpg,train
4374904882.jpg,train
437491342.jpg,train
4374931738.jpg,train
4374946130.jpg,train
4374951702.jpg,train
4374951978.jpg,train
4374961878.jpg,train
4374962868.jpg,train
437497077.jpg,train
4374971818.jpg,train
4374981804.jpg,train
4374999973.jpg,train
4375002605.jpg,train
4375032768.jpg,train
4375033160.jpg,train
4375046838.jpg,train
4375053897.jpg,train
4375057166.jpg,train
4375059888.jpg,train
4375077859.jpg,train
4375082859.jpg,train
4375085138.jpg,train
4375097276.jpg,train
4375099060.jpg,train
4375138333.jpg,train
4375143579.jpg,train
4375144882.jpg,train
4375145614.jpg,train
4375145686.jpg,train
4375146210.jpg,train
4375148286.jpg,train
4375149173.jpg,train
4375149741.jpg,train
4375151983.jpg,train
437517033.jpg,train
4375180995.jpg,train
437521738.jpg,train
437521751.jpg,train
437521752.jpg,train
437522256.jpg,train
437523809.jpg,train
4375261291.jpg,train
4375261717.jpg,train
4375264722.jpg,train
437529220.jpg,train
4375301052.jpg,train
4375305697.jpg,train
4375306667.jpg,train
4375316770.jpg,train
4375319542.jpg,train
4375324920.jpg,train
4375325842.jpg,train
4375362385.jpg,train
4375364961.jpg,train
4375371362.jpg,train
43753735145.jpg,train
43753739125.jpg,train
43753742715.jpg,train
4375391664.jpg,train
4375396498.jpg,train
4375400341.jpg,train
4375405316.jpg,train
4375407099.jpg,train
4375409439.jpg,train
4375431725.jpg,train
4375469939.jpg,train
4375477761.jpg,train
4375484072.jpg,train
4375490298.jpg,train
437549483.jpg,train
437550799.jpg,train
4375509766.jpg,train
437551168.jpg,train
4375545108.jpg,train
4375564531.jpg,train
4375567101.jpg,train
4375575451.jpg,train
437558702.jpg,train
4375587821.jpg,train
4375603266.jpg,train
437561429.jpg,train
4375615772.jpg,train
4375634156.jpg,train
4375639497.jpg,train
4375671621.jpg,train
4375719210.jpg,train
4375745.jpg,train
4375758925.jpg,train
4375770582.jpg,train
4375781716.jpg,train
4375781971.jpg,train
437578844.jpg,train
4375820609.jpg,train
4375827251.jpg,train
4375827809.jpg,train
4375831813.jpg,train
4375835818.jpg,train
4375842812.jpg,train
4375847483.jpg,train
437585275.jpg,train
4375869463.jpg,train
4375872147.jpg,train
437589257.jpg,train
4375892812.jpg,train
4375912225.jpg,train
4375924318.jpg,train
4375929908.jpg,train
4375949249.jpg,train
437595582.jpg,train
4375960589.jpg,train
4375984635.jpg,train
4375989524.jpg,train
4375995976.jpg,train
4375996735.jpg,train
4376006758.jpg,train
4376007127.jpg,train
4376007558.jpg,train
437601930.jpg,train
4376045080.jpg,train
4376051768.jpg,train
4376054840.jpg,train
4376081207.jpg,train
4376086312.jpg,train
4376102320.jpg,train
4376102496.jpg,train
4376107426.jpg,train
4376129455.jpg,train
4376132829.jpg,train
4376149063.jpg,train
4376153845.jpg,train
4376157993.jpg,train
4376175646.jpg,train
4376184911.jpg,train
4376185437.jpg,train
4376202757.jpg,train
4376207972.jpg,train
4376220709.jpg,train
4376222201.jpg,train
4376222370.jpg,train
4376231630.jpg,train
4376233091.jpg,train
4376234230.jpg,train
4376244775.jpg,train
4376256163.jpg,train
4376265691.jpg,train
4376285969.jpg,train
4376302824.jpg,train
4376313538.jpg,train
4376322295.jpg,train
4376328462.jpg,train
4376332372.jpg,train
4376336395.jpg,train
4376342378.jpg,train
4376345365.jpg,train
4376361057.jpg,train
4376361343.jpg,train
4376368867.jpg,train
4376369731.jpg,train
4376383511.jpg,train
4376402001.jpg,train
4376407975.jpg,train
4376415860.jpg,train
4376417356.jpg,train
4376425751.jpg,train
4376428323.jpg,train
4376432141.jpg,train
4376442969.jpg,train
4376519163.jpg,train
437652834.jpg,train
4376529769.jpg,train
4376534147.jpg,train
4376539043.jpg,train
4376554781.jpg,train
4376569945.jpg,train
437659369.jpg,train
437659691.jpg,train
4376600738.jpg,train
4376603139.jpg,train
437660858.jpg,train
4376612245.jpg,train
4376613567.jpg,train
4376615041.jpg,train
4376615362.jpg,train
4376623322.jpg,train
4376628635.jpg,train
4376649605.jpg,train
4376651351.jpg,train
4376654507.jpg,train
437665838.jpg,train
4376664175.jpg,train
4376674535.jpg,train
4376688458.jpg,train
4376693376.jpg,train
4376693561.jpg,train
4376718469.jpg,train
4376728078.jpg,train
4376730608.jpg,train
437673247.jpg,train
4376732732.jpg,train
4376738880.jpg,train
4376743288.jpg,train
4376743573.jpg,train
4376743593.jpg,train
4376745237.jpg,train
4376754978.jpg,train
4376755140.jpg,train
4376771843.jpg,train
4376801510.jpg,train
4376812763.jpg,train
4376814938.jpg,train
4376833824.jpg,train
4376840594.jpg,train
437684086.jpg,train
4376842980.jpg,train
4376856493.jpg,train
4376871112.jpg,train
4376875448.jpg,train
4376879080.jpg,train
4376889401.jpg,train
437689047.jpg,train
4376898078.jpg,train
437690365.jpg,train
4376924750.jpg,train
4376930501.jpg,train
4376933732.jpg,train
4376936512.jpg,train
4376967150.jpg,train
4376973020.jpg,train
4376978402.jpg,train
4376993452.jpg,train
4377003677.jpg,train
4377003699.jpg,train
4377005716.jpg,train
4377006979.jpg,train
437701380.jpg,train
4377014706.jpg,train
4377016781.jpg,train
4377021859.jpg,train
4377022253.jpg,train
4377023363.jpg,train
4377032000.jpg,train
4377035205.jpg,train
4377044101.jpg,train
4377080001.jpg,train
4377083304.jpg,train
4377087210.jpg,train
4377100618.jpg,train
4377102623.jpg,train
437713641.jpg,train
4377140179.jpg,train
437714044.jpg,train
4377148806.jpg,train
4377156092.jpg,train
4377163722.jpg,train
4377178744.jpg,train
4377182737.jpg,train
437719366.jpg,train
4377200680.jpg,train
4377206759.jpg,train
4377213255.jpg,train
4377234093.jpg,train
4377235331.jpg,train
4377236560.jpg,train
4377240211.jpg,train
4377240591.jpg,train
4377246830.jpg,train
4377250600.jpg,train
4377263867.jpg,train
4377273069.jpg,train
4377280847.jpg,train
4377284446.jpg,train
4377284959.jpg,train
437728540.jpg,train
437728946.jpg,train
4377291327.jpg,train
4377297820.jpg,train
4377298727.jpg,train
4377301708.jpg,train
4377318894.jpg,train
4377323020.jpg,train
4377327221.jpg,train
4377330571.jpg,train
4377333525.jpg,train
437733540.jpg,train
437733544.jpg,train
437734134.jpg,train
4377345563.jpg,train
4377355733.jpg,train
4377359839.jpg,train
4377360028.jpg,train
437736128.jpg,train
437736292.jpg,train
4377370352.jpg,train
4377371746.jpg,train
4377372088.jpg,train
437737397.jpg,train
4377382275.jpg,train
4377387657.jpg,train
4377387813.jpg,train
4377391522.jpg,train
4377397605.jpg,train
437741147.jpg,train
4377411484.jpg,train
437741432.jpg,train
4377415496.jpg,train
4377426430.jpg,train
4377428986.jpg,train
437743221.jpg,train
437744440.jpg,train
437744679.jpg,train
4377454549.jpg,train
4377469934.jpg,train
4377471597.jpg,train
4377493778.jpg,train
437752043.jpg,train
4377530118.jpg,train
4377539042.jpg,train
4377541014.jpg,train
437754533.jpg,train
437754649.jpg,train
437754838.jpg,train
4377552140.jpg,train
4377553635.jpg,train
4377555608.jpg,train
437755622.jpg,train
4377571696.jpg,train
4377577735.jpg,train
437759024.jpg,train
437760251.jpg,train
4377627988.jpg,train
4377628566.jpg,train
4377629724.jpg,train
437763029.jpg,train
437763030_1.jpg,train
437763594.jpg,train
4377662269.jpg,train
4377665871.jpg,train
4377667418.jpg,train
4377679272.jpg,train
437768154.jpg,train
437768160.jpg,train
437768584.jpg,train
4377709990.jpg,train
4377713177.jpg,train
437772997.jpg,train
437773141.jpg,train
4377733359.jpg,train
4377739296.jpg,train
4377742892.jpg,train
4377760877.jpg,train
4377766554.jpg,train
4377766923.jpg,train
4377777311.jpg,train
4377784840.jpg,train
4377789993.jpg,train
4377792575.jpg,train
4377815133.jpg,train
4377846158.jpg,train
437784893.jpg,train
4377855177.jpg,train
4377863409.jpg,train
4377867157.jpg,train
4377891181.jpg,train
437789995.jpg,train
437791285.jpg,train
437791667.jpg,train
4377919083.jpg,train
4377929301.jpg,train
4377934762.jpg,train
4377944664.jpg,train
4377946098.jpg,train
4377965704.jpg,train
437796689.jpg,train
437797265.jpg,train
4377972814.jpg,train
4377973748.jpg,train
4377977568.jpg,train
4377992920.jpg,train
4378007813.jpg,train
4378017229.jpg,train
4378018907.jpg,train
437803301.jpg,train
4378046672.jpg,train
4378047224.jpg,train
4378050365.jpg,train
4378051084.jpg,train
4378051772.jpg,train
4378053905.jpg,train
4378057639.jpg,train
4378083614.jpg,train
4378097563.jpg,train
4378105266.jpg,train
4378111900.jpg,train
4378117699.jpg,train
4378119676.jpg,train
4378137478.jpg,train
4378141773.jpg,train
4378143007.jpg,train
4378158038.jpg,train
4378178891.jpg,train
4378179809.jpg,train
4378190589.jpg,train
4378207579.jpg,train
4378212839.jpg,train
4378214310.jpg,train
4378233410.jpg,train
4378238353.jpg,train
4378248976.jpg,train
4378260581.jpg,train
4378269257.jpg,train
4378269303.jpg,train
4378282945.jpg,train
4378289673.jpg,train
4378298526.jpg,train
4378325778.jpg,train
4378331707.jpg,train
4378332635.jpg,train
4378338479.jpg,train
4378352303.jpg,train
4378355317.jpg,train
4378359489.jpg,train
4378361066.jpg,train
4378362385.jpg,train
4378392331.jpg,train
4378395925.jpg,train
4378405596.jpg,train
4378407149.jpg,train
4378409654.jpg,train
4378416652.jpg,train
4378425731.jpg,train
4378437860.jpg,train
4378443573.jpg,train
4378452015.jpg,train
4378454443.jpg,train
4378455665.jpg,train
4378458422.jpg,train
4378472799.jpg,train
4378484999.jpg,train
437851534.jpg,train
437852763.jpg,train
4378528480.jpg,train
4378529116.jpg,train
4378532838.jpg,train
4378533240.jpg,train
4378534196.jpg,train
4378541460.jpg,train
4378542502.jpg,train
4378542810.jpg,train
4378546395.jpg,train
4378552886.jpg,train
4378555200.jpg,train
4378555636.jpg,train
4378563822.jpg,train
4378565276.jpg,train
437856792.jpg,train
437856852.jpg,train
4378584917.jpg,train
4378620208.jpg,train
4378626266.jpg,train
4378662685.jpg,train
4378666876.jpg,train
4378675131.jpg,train
4378680522.jpg,train
4378682724.jpg,train
437869855.jpg,train
437869973.jpg,train
437871225.jpg,train
4378713323.jpg,train
4378737359.jpg,train
4378739757.jpg,train
4378743379.jpg,train
4378748583.jpg,train
4378748603.jpg,train
4378754258.jpg,train
437875753.jpg,train
4378759036.jpg,train
437876111.jpg,train
4378763698.jpg,train
4378764254.jpg,train
4378765808.jpg,train
4378778865.jpg,train
4378785968.jpg,train
4378789335.jpg,train
4378803310.jpg,train
4378805504.jpg,train
4378809530.jpg,train
437881400.jpg,train
4378815415.jpg,train
437882056.jpg,train
437882401.jpg,train
4378836661.jpg,train
4378864656.jpg,train
4378867394.jpg,train
4378876232.jpg,train
4378892957.jpg,train
4378894022.jpg,train
4378898308.jpg,train
4378911699.jpg,train
4378919808.jpg,train
4378922318.jpg,train
4378927515.jpg,train
4378943853.jpg,train
4378946429.jpg,train
4378948024.jpg,train
4378979407.jpg,train
437898351.jpg,train
4378986251.jpg,train
4378989203.jpg,train
4378989231.jpg,train
4378995128.jpg,train
4378999748.jpg,train
4379011729.jpg,train
4379012249.jpg,train
4379012943.jpg,train
4379018816.jpg,train
4379041315.jpg,train
4379043098.jpg,train
4379045834.jpg,train
437905348.jpg,train
4379054522.jpg,train
4379070394.jpg,train
4379071304.jpg,train
4379072680.jpg,train
4379086713.jpg,train
4379095126.jpg,train
4379099411.jpg,train
4379100261.jpg,train
4379103000.jpg,train
4379105672.jpg,train
4379107867.jpg,train
4379119294.jpg,train
4379119316.jpg,train
4379121129.jpg,train
4379128565.jpg,train
4379131938.jpg,train
4379133817.jpg,train
4379144832.jpg,train
4379168513.jpg,train
4379176292.jpg,train
4379181026.jpg,train
4379189695.jpg,train
4379191297.jpg,train
4379195153.jpg,train
4379197031.jpg,train
4379198312.jpg,train
4379198474.jpg,train
4379216381.jpg,train
4379220723.jpg,train
437922424.jpg,train
4379237554.jpg,train
4379249622.jpg,train
4379251174.jpg,train
4379257330.jpg,train
4379260514.jpg,train
4379268331.jpg,train
4379270837.jpg,train
4379273989.jpg,train
4379274185.jpg,train
4379274874.jpg,train
4379277123.jpg,train
4379280673.jpg,train
4379283948.jpg,train
4379289446.jpg,train
4379291472.jpg,train
4379292757.jpg,train
4379302193.jpg,train
4379302688.jpg,train
4379310169.jpg,train
437931370.jpg,train
4379328649.jpg,train
4379331044.jpg,train
4379332941.jpg,train
4379361339.jpg,train
4379361768.jpg,train
4379364112.jpg,train
4379367506.jpg,train
4379368627.jpg,train
4379369687.jpg,train
4379371025.jpg,train
4379376135.jpg,train
4379380143.jpg,train
4379392041.jpg,train
4379395886.jpg,train
4379404453.jpg,train
4379411804.jpg,train
4379412606.jpg,train
4379419540.jpg,train
437941970.jpg,train
437941974.jpg,train
4379434039.jpg,train
437944883.jpg,train
437944891.jpg,train
4379455988.jpg,train
4379458629.jpg,train
4379471282.jpg,train
4379478713.jpg,train
4379481105.jpg,train
4379485887.jpg,train
4379500370.jpg,train
4379502728.jpg,train
4379518699.jpg,train
4379531506.jpg,train
437953258.jpg,train
4379533554.jpg,train
4379534132.jpg,train
4379536564.jpg,train
4379544014.jpg,train
4379545358.jpg,train
4379550993.jpg,train
4379559961.jpg,train
4379569654.jpg,train
4379579639.jpg,train
4379584692.jpg,train
4379586062.jpg,train
437959263.jpg,train
437959762.jpg,train
437959772.jpg,train
4379603453.jpg,train
43796089550.jpg,train
43796090230.jpg,train
43796096530.jpg,train
43796098940.jpg,train
43796100000.jpg,train
43796102390.jpg,train
43796102650.jpg,train
43796103430.jpg,train
43796103660.jpg,train
43796104210.jpg,train
4379620053.jpg,train
4379621037.jpg,train
4379630894.jpg,train
4379640762.jpg,train
437965057.jpg,train
4379653009.jpg,train
4379653880.jpg,train
4379659877.jpg,train
4379661845.jpg,train
4379676653.jpg,train
4379677769.jpg,train
437968059.jpg,train
4379682089.jpg,train
4379682271.jpg,train
4379683351.jpg,train
4379685621.jpg,train
4379692988.jpg,train
4379694144.jpg,train
4379696235.jpg,train
4379698324.jpg,train
4379705148.jpg,train
4379717203.jpg,train
437973366.jpg,train
4379750890.jpg,train
4379756669.jpg,train
4379758655.jpg,train
4379775519.jpg,train
4379784208.jpg,train
4379809699.jpg,train
4379813718.jpg,train
4379814089.jpg,train
4379815237.jpg,train
437983436.jpg,train
4379840241.jpg,train
4379841988.jpg,train
4379842116.jpg,train
4379844524.jpg,train
4379848088.jpg,train
4379849968.jpg,train
437986366.jpg,train
4379873366.jpg,train
4379884303.jpg,train
4379884863.jpg,train
4379887036.jpg,train
4379889014.jpg,train
4379893847.jpg,train
4379901045.jpg,train
4379926280.jpg,train
4379929765.jpg,train
4379930761.jpg,train
4379937319.jpg,train
4379937427.jpg,train
4379938825.jpg,train
4379940123.jpg,train
4379941145.jpg,train
4379945750.jpg,train
4379948325.jpg,train
4379949018.jpg,train
4379950004.jpg,train
4379951695.jpg,train
4379969996.jpg,train
4379970114.jpg,train
4379971166.jpg,train
4379975006.jpg,train
4379975730.jpg,train
4379988739.jpg,train
4379993571.jpg,train
4379995218.jpg,train
4379998413.jpg,train
4380001979.jpg,train
4380011719.jpg,train
4380020294.jpg,train
4380027818.jpg,train
4380029255.jpg,train
4380035164.jpg,train
4380035682.jpg,train
4380037674.jpg,train
4380037782.jpg,train
4380042411.jpg,train
4380042871.jpg,train
4380043117.jpg,train
4380047432.jpg,train
4380048756.jpg,train
4380050935.jpg,train
4380058111.jpg,train
4380060610.jpg,train
4380066942.jpg,train
4380067508.jpg,train
4380092196.jpg,train
4380094601.jpg,train
4380114318.jpg,train
4380116248.jpg,train
4380116986.jpg,train
4380122518.jpg,train
4380126128.jpg,train
4380127712.jpg,train
4380128705.jpg,train
4380130049.jpg,train
4380131342.jpg,train
4380132192.jpg,train
4380148512.jpg,train
4380164137.jpg,train
4380169408.jpg,train
4380171274.jpg,train
4380172614.jpg,train
4380199278.jpg,train
4380219344.jpg,train
4380220266.jpg,train
4380237346.jpg,train
4380238308.jpg,train
4380248907.jpg,train
4380252845.jpg,train
4380262465.jpg,train
4380310188.jpg,train
4380310226.jpg,train
4380313749.jpg,train
4380325896.jpg,train
4380330498.jpg,train
4380339235.jpg,train
4380351183.jpg,train
4380352112.jpg,train
4380353063.jpg,train
4380358148.jpg,train
4380361344.jpg,train
4380365940.jpg,train
4380374968.jpg,train
4380375384.jpg,train
4380375488.jpg,train
4380375656.jpg,train
4380381003.jpg,train
4380396388.jpg,train
4380396401.jpg,train
4380396473.jpg,train
4380397626.jpg,train
4380398777.jpg,train
4380401803.jpg,train
4380408265.jpg,train
4380408333.jpg,train
4380408861.jpg,train
4380421392.jpg,train
4380422719.jpg,train
4380424815.jpg,train
4380433756.jpg,train
4380434528.jpg,train
4380437051.jpg,train
4380457166.jpg,train
4380459143.jpg,train
4380470299.jpg,train
4380474585.jpg,train
4380488975.jpg,train
4380494825.jpg,train
4380495826.jpg,train
4380505537.jpg,train
4380511083.jpg,train
4380513298.jpg,train
4380516480.jpg,train
4380517751.jpg,train
4380525795.jpg,train
4380544138.jpg,train
4380559951.jpg,train
4380564148.jpg,train
4380576512.jpg,train
4380578617.jpg,train
4380579204.jpg,train
4380579848.jpg,train
4380580746.jpg,train
4380582729.jpg,train
4380583471.jpg,train
4380607053.jpg,train
4380608141.jpg,train
4380608414.jpg,train
4380615070.jpg,train
4380616188.jpg,train
4380623785.jpg,train
4380626506.jpg,train
4380633111.jpg,train
4380648570.jpg,train
4380663059.jpg,train
4380663473.jpg,train
4380667107.jpg,train
4380668215.jpg,train
4380672553.jpg,train
4380674668.jpg,train
4380687595.jpg,train
4380692713.jpg,train
4380695084.jpg,train
4380706665.jpg,train
4380707351.jpg,train
4380708756.jpg,train
4380710094.jpg,train
4380713068.jpg,train
4380717531.jpg,train
4380717757.jpg,train
4380717858.jpg,train
4380724902.jpg,train
4380727552.jpg,train
4380735973.jpg,train
4380739563.jpg,train
4380756018.jpg,train
4380761625.jpg,train
4380766555.jpg,train
4380768214.jpg,train
4380768481.jpg,train
438077921.jpg,train
4380783626.jpg,train
4380789078.jpg,train
4380790668.jpg,train
4380795870.jpg,train
4380806052.jpg,train
4380811308.jpg,train
4380815873.jpg,train
4380820958.jpg,train
4380823103.jpg,train
4380826790.jpg,train
438082733.jpg,train
4380846154.jpg,train
4380847724.jpg,train
4380856402.jpg,train
4380856637.jpg,train
4380862101.jpg,train
4380884659.jpg,train
4380885793.jpg,train
4380888295.jpg,train
4380890521.jpg,train
4380898302.jpg,train
4380898803.jpg,train
4380902225.jpg,train
4380913432.jpg,train
4380914525.jpg,train
4380930989.jpg,train
4380940392.jpg,train
4380947707.jpg,train
4380948684.jpg,train
4380957329.jpg,train
4380957659.jpg,train
4380970101.jpg,train
4380973838.jpg,train
4380974218.jpg,train
4380990911.jpg,train
4381001026.jpg,train
4381001560.jpg,train
4381003286.jpg,train
4381014472.jpg,train
4381017571.jpg,train
4381020306.jpg,train
4381023200.jpg,train
4381025576.jpg,train
4381026676.jpg,train
4381030172.jpg,train
4381032354.jpg,train
4381040165.jpg,train
4381054983.jpg,train
4381055675.jpg,train
4381057003.jpg,train
4381066379.jpg,train
4381069026.jpg,train
4381084300.jpg,train
4381104910.jpg,train
4381107267.jpg,train
4381125233.jpg,train
4381135498.jpg,train
4381145183.jpg,train
4381150468.jpg,train
4381154738.jpg,train
4381167569.jpg,train
4381176008.jpg,train
4381195030.jpg,train
4381199034.jpg,train
4381204266.jpg,train
4381219781.jpg,train
4381225252.jpg,train
4381226446.jpg,train
4381226824.jpg,train
4381230220.jpg,train
4381241811.jpg,train
4381243809.jpg,train
4381245890.jpg,train
4381247042.jpg,train
4381248069.jpg,train
4381248978.jpg,train
4381253215.jpg,train
4381254957.jpg,train
4381257225.jpg,train
4381259532.jpg,train
4381259666.jpg,train
4381261068.jpg,train
4381313150.jpg,train
4381317339.jpg,train
4381317352.jpg,train
4381325768.jpg,train
4381331918.jpg,train
4381336381.jpg,train
4381337292.jpg,train
4381344918.jpg,train
4381361201.jpg,train
4381386353.jpg,train
4381403941.jpg,train
4381405885.jpg,train
4381418360.jpg,train
4381432057.jpg,train
4381453220.jpg,train
4381454344.jpg,train
4381456662.jpg,train
4381468159.jpg,train
4381472462.jpg,train
4381488904.jpg,train
4381493275.jpg,train
4381497083.jpg,train
4381509082.jpg,train
4381510165.jpg,train
4381510397.jpg,train
4381514972.jpg,train
4381521445.jpg,train
4381522589.jpg,train
4381524374.jpg,train
4381538449.jpg,train
438155092.jpg,train
4381581294.jpg,train
4381582010.jpg,train
4381585200.jpg,train
4381596407.jpg,train
4381600181.jpg,train
4381600987.jpg,train
4381603719.jpg,train
4381657950.jpg,train
4381670152.jpg,train
4381672607.jpg,train
4381672929.jpg,train
4381673722.jpg,train
4381682326.jpg,train
4381685358.jpg,train
4381685524.jpg,train
4381688660.jpg,train
4381691207.jpg,train
4381711476.jpg,train
4381711857.jpg,train
4381712231.jpg,train
4381712979.jpg,train
4381713202.jpg,train
4381735058.jpg,train
4381739768.jpg,train
4381742839.jpg,train
4381743761.jpg,train
4381756600.jpg,train
4381778344.jpg,train
4381787039.jpg,train
4381791041.jpg,train
4381793680.jpg,train
4381795311.jpg,train
4381797090.jpg,train
4381798442.jpg,train
4381798979.jpg,train
4381801104.jpg,train
4381802987.jpg,train
4381819561.jpg,train
4381821012.jpg,train
4381824056.jpg,train
4381824094.jpg,train
4381834008.jpg,train
4381839079.jpg,train
4381839497.jpg,train
4381862927.jpg,train
4381883073.jpg,train
4381888526.jpg,train
4381888597.jpg,train
4381888792.jpg,train
4381899186.jpg,train
4381911930.jpg,train
4381924353.jpg,train
4381940122.jpg,train
4381955590.jpg,train
4381957659.jpg,train
4381970959.jpg,train
4381990955.jpg,train
4381994448.jpg,train
4381999260.jpg,train
4382000584.jpg,train
4382005690.jpg,train
4382011452.jpg,train
4382049914.jpg,train
4382090700.jpg,train
4382094218.jpg,train
4382096385.jpg,train
4382106290.jpg,train
4382108961.jpg,train
4382111454.jpg,train
4382116205.jpg,train
4382119347.jpg,train
4382119735.jpg,train
4382133659.jpg,train
4382144986.jpg,train
4382152325.jpg,train
4382160802.jpg,train
4382190444.jpg,train
4382191447.jpg,train
4382209230.jpg,train
4382213831.jpg,train
4382263540.jpg,train
4382275724.jpg,train
4382276446.jpg,train
4382276852.jpg,train
4382283012.jpg,train
4382284828.jpg,train
4382297504.jpg,train
4382299742.jpg,train
4382305745.jpg,train
4382307565.jpg,train
4382308807.jpg,train
4382310402.jpg,train
4382314670.jpg,train
4382339968.jpg,train
4382340017.jpg,train
4382342500.jpg,train
4382358076.jpg,train
4382386259.jpg,train
4382403642.jpg,train
4382412339.jpg,train
4382414885.jpg,train
4382441816.jpg,train
4382454566.jpg,train
4382459245.jpg,train
4382471434.jpg,train
4382471651.jpg,train
4382472430.jpg,train
4382474880.jpg,train
4382500632.jpg,train
4382514491.jpg,train
4382548725.jpg,train
4382550184.jpg,train
4382564986.jpg,train
4382567575.jpg,train
4382575577.jpg,train
4382576629.jpg,train
4382579832.jpg,train
4382582522.jpg,train
4382588849.jpg,train
4382590259.jpg,train
4382595050.jpg,train
4382616702.jpg,train
4382626411.jpg,train
4382627363.jpg,train
4382633539.jpg,train
4382635857.jpg,train
4382641867.jpg,train
4382642709.jpg,train
4382650601.jpg,train
4382674248.jpg,train
4382674374.jpg,train
4382682564.jpg,train
4382691553.jpg,train
4382724780.jpg,train
4382746103.jpg,train
4382752804.jpg,train
4382753627.jpg,train
4382754171.jpg,train
4382765925.jpg,train
4382767782.jpg,train
4382786121.jpg,train
4382789608.jpg,train
4382789734.jpg,train
4382790310.jpg,train
4382790958.jpg,train
4382807559.jpg,train
4382821394.jpg,train
4382822028.jpg,train
4382849573.jpg,train
4382865995.jpg,train
4382868433.jpg,train
4382870885.jpg,train
4382874979.jpg,train
4382876178.jpg,train
4382876514.jpg,train
4382879333.jpg,train
4382911215.jpg,train
4382924446.jpg,train
4382929464.jpg,train
4382970507.jpg,train
4382983170.jpg,train
4382998342.jpg,train
4383015061.jpg,train
4383015779.jpg,train
4383018915.jpg,train
4383030678.jpg,train
4383064212.jpg,train
438307043.jpg,train
4383095520.jpg,train
4383098726.jpg,train
438309985.jpg,train
4383128159.jpg,train
4383131953.jpg,train
4383178355.jpg,train
4383196573.jpg,train
4383200399.jpg,train
4383205478.jpg,train
4383216182.jpg,train
4383267007.jpg,train
4383268151.jpg,train
4383268821.jpg,train
4383273362.jpg,train
4383273671.jpg,train
4383274206.jpg,train
4383281162.jpg,train
4383282426.jpg,train
4383286667.jpg,train
4383299157.jpg,train
4383299917.jpg,train
4383300499.jpg,train
4383302695.jpg,train
4383313126.jpg,train
438333698.jpg,train
4383340079.jpg,train
4383343547.jpg,train
4383345015.jpg,train
4383346079.jpg,train
4383349096.jpg,train
4383374179.jpg,train
4383383586.jpg,train
4383392930.jpg,train
4383395432.jpg,train
4383400492.jpg,train
4383417809.jpg,train
4383420137.jpg,train
4383447128.jpg,train
4383448234.jpg,train
4383450253.jpg,train
4383452063.jpg,train
4383452899.jpg,train
4383467903.jpg,train
4383468065.jpg,train
4383488227.jpg,train
4383498226.jpg,train
4383507446.jpg,train
4383512014.jpg,train
4383512176.jpg,train
4383515022.jpg,train
4383523672.jpg,train
4383524490.jpg,train
4383528703.jpg,train
4383532594.jpg,train
4383544572.jpg,train
4383562021.jpg,train
4383562996.jpg,train
4383568969.jpg,train
4383631820.jpg,train
4383650959.jpg,train
4383654083.jpg,train
4383657032.jpg,train
4383670945.jpg,train
4383670970.jpg,train
4383671099.jpg,train
4383688475.jpg,train
4383689433.jpg,train
4383716209.jpg,train
4383730936.jpg,train
4383739357.jpg,train
4383758193.jpg,train
4383765189.jpg,train
4383766711.jpg,train
4383774410.jpg,train
4383775042.jpg,train
4383775598.jpg,train
438377685.jpg,train
4383777451.jpg,train
4383779384.jpg,train
4383783200.jpg,train
4383784192.jpg,train
4383784782.jpg,train
4383788396.jpg,train
4383809441.jpg,train
4383832517.jpg,train
4383833497.jpg,train
4383836148.jpg,train
4383838890.jpg,train
4383860957.jpg,train
4383880213.jpg,train
4383949090.jpg,train
4383956992.jpg,train
4383990508.jpg,train
4383992309.jpg,train
4383993302.jpg,train
4383995589.jpg,train
4384001841.jpg,train
4384029814.jpg,train
4384030021.jpg,train
4384035292.jpg,train
4384035976.jpg,train
4384037060.jpg,train
4384046524.jpg,train
4384056805.jpg,train
4384062406.jpg,train
4384078594.jpg,train
4384080516.jpg,train
4384099298.jpg,train
4384100044.jpg,train
4384101518.jpg,train
4384119017.jpg,train
4384125869.jpg,train
4384165359.jpg,train
4384166651.jpg,train
4384236425.jpg,train
4384241019.jpg,train
4384248030.jpg,train
4384267936.jpg,train
4384278591.jpg,train
4384287289.jpg,train
4384305113.jpg,train
4384315635.jpg,train
4384322812.jpg,train
4384323335.jpg,train
4384330452.jpg,train
4384393095.jpg,train
4384396051.jpg,train
4384416038.jpg,train
4384425309.jpg,train
4384441432.jpg,train
4384459470.jpg,train
4384476413.jpg,train
4384481812.jpg,train
4384492419.jpg,train
4384497900.jpg,train
4384505108.jpg,train
4384515363.jpg,train
4384516997.jpg,train
4384517865.jpg,train
4384520867.jpg,train
4384529179.jpg,train
4384531837.jpg,train
4384554035.jpg,train
4384562427.jpg,train
4384649425.jpg,train
4384660680.jpg,train
4384686154.jpg,train
4384692926.jpg,train
4384718946.jpg,train
4384720385.jpg,train
4384720947.jpg,train
4384746438.jpg,train
4384766632.jpg,train
4384768046.jpg,train
4384852684.jpg,train
4384875818.jpg,train
4384904715.jpg,train
4384928434.jpg,train
4384959775.jpg,train
4384982797.jpg,train
4385002944.jpg,train
4385003552.jpg,train
4385017335.jpg,train
4385033395.jpg,train
4385040942.jpg,train
4385051782.jpg,train
4385064762.jpg,train
4385077518.jpg,train
4385083706.jpg,train
4385104666.jpg,train
4385106481.jpg,train
4385117843.jpg,train
4385117926.jpg,train
4385126222.jpg,train
4385133267.jpg,train
4385136376.jpg,train
4385138626.jpg,train
4385157956.jpg,train
4385162576.jpg,train
4385180262.jpg,train
4385207419.jpg,train
4385220330.jpg,train
4385222508.jpg,train
438522547.jpg,train
4385226603.jpg,train
4385279374.jpg,train
4385293136.jpg,train
4385294450.jpg,train
4385307922.jpg,train
4385319842.jpg,train
4385323430.jpg,train
4385409994.jpg,train
438541006.jpg,train
4385434383.jpg,train
4385477686.jpg,train
4385481572.jpg,train
4385526635.jpg,train
4385559283.jpg,train
4385650068.jpg,train
4385650712.jpg,train
4385675208.jpg,train
4385703610.jpg,train
4385704489.jpg,train
4385704550.jpg,train
4385705199.jpg,train
4385708461.jpg,train
4385729701.jpg,train
4385756224.jpg,train
4385775869.jpg,train
4385778710.jpg,train
4385778862.jpg,train
43857944984.jpg,train
4385797556.jpg,train
4385822454.jpg,train
4385836639.jpg,train
4385853872.jpg,train
4385854726.jpg,train
4385884680.jpg,train
4385899064.jpg,train
4385900138.jpg,train
438590421.jpg,train
4385924649.jpg,train
4385926245.jpg,train
4385926551.jpg,train
4385982081.jpg,train
4385982605.jpg,train
4385986841.jpg,train
4386019669.jpg,train
4386123366.jpg,train
438614253.jpg,train
438614544.jpg,train
4386158052.jpg,train
4386196334.jpg,train
4386203256.jpg,train
4386203796.jpg,train
4386252688.jpg,train
4386253852.jpg,train
4386412476.jpg,train
4386479884.jpg,train
4386588094.jpg,train
4386688934.jpg,train
438669846.jpg,train
4386777160.jpg,train
4386777922.jpg,train
438685709.jpg,train
4386898467.jpg,train
4386956389.jpg,train
438696583.jpg,train
438701015.jpg,train
438707447.jpg,train
438729497.jpg,train
438734324.jpg,train
438738956.jpg,train
438758767.jpg,train
438762745.jpg,train
4387643234.jpg,train
4387716324.jpg,train
4387716574.jpg,train
4387716692.jpg,train
4387716820.jpg,train
438801448.jpg,train
438858254.jpg,train
438858512.jpg,train
438866078.jpg,train
438868416.jpg,train
4388714534.jpg,train
438892795.jpg,train
438896427.jpg,train
438918611.jpg,train
438922274.jpg,train
438932063.jpg,train
4389599555.jpg,train
43897245785.jpg,train
438976333.jpg,train
438991240.jpg,train
439005011.jpg,train
439010730.jpg,train
43901905200.jpg,train
439082151.jpg,train
439115178.jpg,train
439143513.jpg,train
43915196220.jpg,train
4391539381.jpg,train
4391758966.jpg,train
4391805594.jpg,train
4391808464.jpg,train
439211770.jpg,train
439222019.jpg,train
439240026.jpg,train
439240031.jpg,train
439251031.jpg,train
439262726.jpg,train
439268263.jpg,train
439268272.jpg,train
439281866.jpg,train
4392837487.jpg,train
4392911649.jpg,train
439294318.jpg,train
439314608.jpg,train
439318215.jpg,train
439318236.jpg,train
439318238.jpg,train
439321337.jpg,train
4393274054.jpg,train
4393591960.jpg,train
4393593394.jpg,train
439367125.jpg,train
4394099797.jpg,train
43944785285.jpg,train
439508939.jpg,train
439526914.jpg,train
439527368.jpg,train
4395865519.jpg,train
439587630.jpg,train
439598600.jpg,train
439599490.jpg,train
4396254669.jpg,train
439625859.jpg,train
4396471809.jpg,train
4397134615.jpg,train
4397152393.jpg,train
4397635765.jpg,train
439764474.jpg,train
4397907302.jpg,train
4398343568.jpg,train
4398393372.jpg,train
4398436497.jpg,train
439849182.jpg,train
43986000.jpg,train
4398769388.jpg,train
439879253.jpg,train
439886430.jpg,train
439895123.jpg,train
439908660.jpg,train
439927965.jpg,train
439936566.jpg,train
4399673633.jpg,train
4399677997.jpg,train
43_tur_id.jpg,train
440034618.jpg,train
4400364583.jpg,train
4400580252.jpg,train
4400614651.jpg,train
440096565.jpg,train
440097174.jpg,train
440101166.jpg,train
440108601.jpg,train
440108601_1.jpg,train
440119455_1.jpg,train
440125365.jpg,train
440127087.jpg,train
440127670.jpg,train
440127675.jpg,train
440133134.jpg,train
440139789.jpg,train
440139801.jpg,train
440143941.jpg,train
440155364.jpg,train
4401562173.jpg,train
44018735550.jpg,train
440224531.jpg,train
4402458119.jpg,train
4402461537.jpg,train
4402544485.jpg,train
440341130.jpg,train
4403794072.jpg,train
4404173817.jpg,train
440445913.jpg,train
440450644.jpg,train
440452100.jpg,train
440483306.jpg,train
4404937400.jpg,train
440500427.jpg,train
440560945.jpg,train
440597516.jpg,train
440602199.jpg,train
440609886.jpg,train
4406186543.jpg,train
440621659.jpg,train
4406272081.jpg,train
440628900.jpg,train
440628911.jpg,train
440636621.jpg,train
440639105.jpg,train
440641404.jpg,train
440649478.jpg,train
440650876.jpg,train
440656217.jpg,train
440667884.jpg,train
440683435.jpg,train
440691851.jpg,train
440693258.jpg,train
4406947328.jpg,train
4406950626.jpg,train
4406952306.jpg,train
440697515.jpg,train
4407012186.jpg,train
4407013904.jpg,train
4407013918.jpg,train
4407040130.jpg,train
4407040906.jpg,train
4407124930.jpg,train
440715914.jpg,train
440718658.jpg,train
440742376.jpg,train
440743023.jpg,train
440745270.jpg,train
440745719.jpg,train
440746268.jpg,train
440756724.jpg,train
4407597803.jpg,train
4407599351.jpg,train
4407599869.jpg,train
440765209.jpg,train
440781260.jpg,train
440793537.jpg,train
440793538.jpg,train
4408321408.jpg,train
4408321781.jpg,train
440848147.jpg,train
4408536283.jpg,train
440863293.jpg,train
4408663717.jpg,train
440873421.jpg,train
4408786213.jpg,train
440883220.jpg,train
440904715.jpg,train
4409094980.jpg,train
4409115727.jpg,train
440920719.jpg,train
440944803.jpg,train
440950734.jpg,train
440954310.jpg,train
4409554378.jpg,train
440965468.jpg,train
440974895.jpg,train
440975662.jpg,train
441003567.jpg,train
441007014.jpg,train
4410346130.jpg,train
4410538072.jpg,train
4410855831.jpg,train
4411052191.jpg,train
4411503357.jpg,train
4411503853.jpg,train
4411619983.jpg,train
44117046171.jpg,train
44117051951.jpg,train
4411812363.jpg,train
4411949828.jpg,train
4412184247.jpg,train
4412272984.jpg,train
4412369677.jpg,train
4412370139.jpg,train
4412582976.jpg,train
4412584088.jpg,train
4413016323.jpg,train
4413137688.jpg,train
4413137990.jpg,train
44134373934.jpg,train
4414697391.jpg,train
4415177285.jpg,train
4415198432.jpg,train
4415317321.jpg,train
4415653693.jpg,train
4415831873.jpg,train
4415951646.jpg,train
4415995674.jpg,train
4415995797.jpg,train
4416204451.jpg,train
4416574713.jpg,train
4416792580.jpg,train
4417117149.jpg,train
4417267451.jpg,train
4417272901.jpg,train
4417420230.jpg,train
4417609991.jpg,train
4417633118.jpg,train
4417634154.jpg,train
4417690180.jpg,train
4417975989.jpg,train
4418033503.jpg,train
4418034137.jpg,train
4418348864.jpg,train
4418464121.jpg,train
4418703999.jpg,train
4418720429.jpg,train
4419435137.jpg,train
4419469696.jpg,train
4419705963.jpg,train
4420018018.jpg,train
4420062639.jpg,train
4420065831.jpg,train
4420075484.jpg,train
4420109779.jpg,train
4420147712.jpg,train
4420461447.jpg,train
4420468602.jpg,train
4420682130.jpg,train
4420721537.jpg,train
4420722703.jpg,train
4420783164.jpg,train
4420969770.jpg,train
4421413981.jpg,train
4421416615.jpg,train
4421442992.jpg,train
4421443316.jpg,train
4421443708.jpg,train
4421462550.jpg,train
4421463410.jpg,train
4421497797.jpg,train
4421854886.jpg,train
4421918351.jpg,train
4421954167.jpg,train
4422291628.jpg,train
4422521715.jpg,train
4422683264.jpg,train
4422683632.jpg,train
4422969031.jpg,train
4422970047.jpg,train
4423093547.jpg,train
4423102115.jpg,train
4423285914.jpg,train
4423366619.jpg,train
4423367137.jpg,train
4423372309.jpg,train
4423509364.jpg,train
4423510510.jpg,train
4423726696.jpg,train
4423847121.jpg,train
4424138016.jpg,train
4424310065.jpg,train
4424366963.jpg,train
4424521983.jpg,train
44253619005.jpg,train
4425809425.jpg,train
4425919852.jpg,train
4425997806.jpg,train
4426063431.jpg,train
4426182122.jpg,train
442725074.jpg,train
4428743861.jpg,train
44291194750.jpg,train
4429829447.jpg,train
443205894.jpg,train
44326050850.jpg,train
4435090563.jpg,train
4435862470.jpg,train
444052866.jpg,train
44416654530.jpg,train
4443147251.jpg,train
44446032224.jpg,train
44450649085.jpg,train
44450658985.jpg,train
4445142723.jpg,train
4445415385.jpg,train
4445592299.jpg,train
4446366266.jpg,train
44478366845.jpg,train
4448359051.jpg,train
4450018852.jpg,train
4450636729.jpg,train
4452374261.jpg,train
44527043952.jpg,train
4454189581.jpg,train
445655934.jpg,train
44577132291.jpg,train
4457759532.jpg,train
4459744054.jpg,train
44599477472.jpg,train
4460329.jpg,train
4460386.jpg,train
4460690631.jpg,train
4460916178.jpg,train
44613265632.jpg,train
44613268592.jpg,train
4461427201.jpg,train
4462949576.jpg,train
44640471.jpg,train
4464061775.jpg,train
44641155024.jpg,train
4465155111.jpg,train
4465922532.jpg,train
4465929994.jpg,train
4465976529.jpg,train
44685946432.jpg,train
4469284282.jpg,train
44696901062_b493ef2093_c.jpg,train
44699897005.jpg,train
44699897565.jpg,train
44699918555.jpg,train
44699922575.jpg,train
44699923055.jpg,train
44699923905.jpg,train
44699926335.jpg,train
44699929915.jpg,train
44716359415.jpg,train
44716363645.jpg,train
44716365555.jpg,train
44719160141.jpg,train
44722525985.jpg,train
44742460375.jpg,train
44751518250.jpg,train
44751519960.jpg,train
44751521100.jpg,train
44751552020.jpg,train
44751557750.jpg,train
447516031.jpg,train
44759988.jpg,train
44783384210.jpg,train
4479079664.jpg,train
4479232978.jpg,train
4480147418.jpg,train
4481816713.jpg,train
44818858955.jpg,train
44818861785.jpg,train
4484097879.jpg,train
4484507344.jpg,train
44850382.jpg,train
4485256653.jpg,train
4486345697.jpg,train
44889131794.jpg,train
4489203093.jpg,train
44905321224.jpg,train
44905321714.jpg,train
44905323074.jpg,train
44905326234.jpg,train
44905326614.jpg,train
44914540174.jpg,train
44914540524.jpg,train
44914540934.jpg,train
4494007639.jpg,train
4494379584.jpg,train
44960497925.jpg,train
44960864725.jpg,train
4497501054.jpg,train
4497691930.jpg,train
4498266814.jpg,train
4499470740.jpg,train
44_ukr_id.jpg,train
4500611626.jpg,train
45007707544.jpg,train
45007708204.jpg,train
45007710064.jpg,train
4501641482.jpg,train
45030962074.jpg,train
450715959.jpg,train
4508639159.jpg,train
45097511364.jpg,train
4510797226.jpg,train
4514747.jpg,train
4514870175.jpg,train
45149464994.jpg,train
4516967412.jpg,train
45173438672.jpg,train
4518239431.jpg,train
45195207382.jpg,train
45210285455.jpg,train
45230966971.jpg,train
4525590349.jpg,train
45258058785.jpg,train
4531762220.jpg,train
453287745.jpg,train
4533601637.jpg,train
45340078842.jpg,train
45346932455.jpg,train
453495473.jpg,train
4535271659.jpg,train
45364920731.jpg,train
45375063905.jpg,train
4538203344.jpg,train
45383228224.jpg,train
45405274931.jpg,train
454167914.jpg,train
4544179233.jpg,train
45444274471.jpg,train
454561306.jpg,train
45461643.jpg,train
4546264335.jpg,train
4551360362.jpg,train
45532014001.jpg,train
45536899492.jpg,train
45541937754_c4fb1fa654_c.jpg,train
45563056592.jpg,train
45563064462.jpg,train
45563064802.jpg,train
45563071232.jpg,train
45563072512.jpg,train
45563073252.jpg,train
45563074882.jpg,train
45563111742.jpg,train
45579390112.jpg,train
45613661521.jpg,train
45613676261.jpg,train
45613679111.jpg,train
45613682081.jpg,train
45613682321.jpg,train
45613682781.jpg,train
45613684701.jpg,train
45613685061.jpg,train
45613694761.jpg,train
45613697941.jpg,train
45613698231.jpg,train
45613700241.jpg,train
45613701701.jpg,train
45613702191.jpg,train
45613703291.jpg,train
4562484134.jpg,train
45629925681.jpg,train
45629930391.jpg,train
45639362131.jpg,train
45639365261.jpg,train
45639365711.jpg,train
45639367911.jpg,train
4565953104.jpg,train
456610201.jpg,train
45670574732.jpg,train
4568343572.jpg,train
4569101805.jpg,train
45698676055.jpg,train
45722395512.jpg,train
45732878951.jpg,train
45732892021.jpg,train
45732896151.jpg,train
4573328662.jpg,train
4573329068.jpg,train
4575355721.jpg,train
4577978933.jpg,train
4578174668.jpg,train
45789729814.jpg,train
4580613771.jpg,train
458190483.jpg,train
45824166392.jpg,train
4582473941.jpg,train
45829414562.jpg,train
4583186657.jpg,train
45845305504.jpg,train
45845336464.jpg,train
45848250542_028a75d2e4_c.jpg,train
4585088333.jpg,train
4585111497.jpg,train
4585113775.jpg,train
458581748.jpg,train
4586808352.jpg,train
458705453.jpg,train
4588510268.jpg,train
45890199711.jpg,train
459426956.jpg,train
4598539292.jpg,train
4599081651.jpg,train
45_ukr_passport18.jpg,train
4600034999.jpg,train
46016595701.jpg,train
4603416522.jpg,train
4603765687.jpg,train
46037967735_e76a8dcee0_c.jpg,train
46055851012.jpg,train
4606954370.jpg,train
46078364415.jpg,train
46086606162.jpg,train
461082659.jpg,train
4615250078.jpg,train
461687868.jpg,train
4618854442.jpg,train
461928955.jpg,train
4621811962.jpg,train
46237457732.jpg,train
4626590995.jpg,train
4627069572.jpg,train
4627403389.jpg,train
46301678742.jpg,train
4632084514.jpg,train
463268806.jpg,train
46356724534.jpg,train
46365585532.jpg,train
46373011231.jpg,train
46387950192.jpg,train
4640807294.jpg,train
46409360.jpg,train
4643324004.jpg,train
46438691561.jpg,train
4645930159.jpg,train
4646261651.jpg,train
4647314626.jpg,train
4647393528.jpg,train
46477995335.jpg,train
46487855675.jpg,train
46517275742.jpg,train
4652166275.jpg,train
46533975261.jpg,train
4653653992.jpg,train
465421653.jpg,train
4655141893.jpg,train
46554549254.jpg,train
46566931392.jpg,train
4659831494.jpg,train
46602443204.jpg,train
4661485206.jpg,train
466155505.jpg,train
466228930.jpg,train
466447634.jpg,train
4664684615.jpg,train
46650437491.jpg,train
46671911705.jpg,train
46684011534.jpg,train
4668813399.jpg,train
4669922530.jpg,train
4670518587.jpg,train
46717389352.jpg,train
46779580572.jpg,train
46807151444.jpg,train
46809419695.jpg,train
4682415722.jpg,train
4684440381.jpg,train
4684502109.jpg,train
4688897298.jpg,train
46889567475_536dc742b3_c.jpg,train
46928062362.jpg,train
4694107114.jpg,train
469517349.jpg,train
4695798218.jpg,train
46978015132_083424a5df_c.jpg,train
4697888849.jpg,train
46989403321.jpg,train
46989980521.jpg,train
4699090760.jpg,train
4699271430.jpg,train
46_ury_passport10.jpg,train
4700095111.jpg,train
47010591011_277cd30e6e_c.jpg,train
4702409879.jpg,train
4707303358.jpg,train
4708610344.jpg,train
4708846442.jpg,train
4709426721.jpg,train
47104559912.jpg,train
4710801022.jpg,train
47111442994.jpg,train
4711683443.jpg,train
47117453.jpg,train
4711762886.jpg,train
47128110912.jpg,train
4715223612.jpg,train
47158770.jpg,train
4716910562.jpg,train
47171061.jpg,train
47179882211.jpg,train
47181439132.jpg,train
4723453754.jpg,train
47262151321.jpg,train
4726612844.jpg,train
4728258539.jpg,train
4728261753.jpg,train
4728912102.jpg,train
4728912748.jpg,train
4728916028.jpg,train
4729009038.jpg,train
4730013613.jpg,train
4730019233.jpg,train
4730657702.jpg,train
4730662294.jpg,train
4732615653.jpg,train
4732615761.jpg,train
4732616501.jpg,train
4732616591.jpg,train
4733260068.jpg,train
4736833250.jpg,train
4737595119.jpg,train
4738067552.jpg,train
4738232490.jpg,train
473985150.jpg,train
4741560955.jpg,train
4741565845.jpg,train
4742100937.jpg,train
4742196238.jpg,train
47467860542.jpg,train
4750642112.jpg,train
4751331988.jpg,train
4751867442.jpg,train
4757308672.jpg,train
4757309142.jpg,train
47609059272.jpg,train
4762623638.jpg,train
47677049381.jpg,train
47697973091.jpg,train
47697973321.jpg,train
47706002432.jpg,train
4771762552.jpg,train
4772458941.jpg,train
4772566652.jpg,train
477256818.jpg,train
47725929781.jpg,train
47729462452.jpg,train
4773760783.jpg,train
4773761347.jpg,train
4775857617.jpg,train
4775861587.jpg,train
4775868315.jpg,train
4775873775.jpg,train
4775877101.jpg,train
4775897425.jpg,train
47763223.jpg,train
4776500138.jpg,train
4776515104.jpg,train
4776536968.jpg,train
4776541196.jpg,train
47810527051_22a76c21a2_c.jpg,train
4782116002.jpg,train
4783651022.jpg,train
47843598311.jpg,train
4785221771.jpg,train
4785792525.jpg,train
47858867171.jpg,train
4786293169.jpg,train
4789184659.jpg,train
4790375346.jpg,train
479326132.jpg,train
4793867833.jpg,train
4794150806.jpg,train
47959688222.jpg,train
47959694617.jpg,train
479771464.jpg,train
47983569753.jpg,train
47983578313.jpg,train
47984818691.jpg,train
47985012127.jpg,train
47993248631.jpg,train
480076547.jpg,train
48012910581.jpg,train
48021891422.jpg,train
48030491171.jpg,train
4803377493.jpg,train
4804538381.jpg,train
48045992726.jpg,train
48046076827.jpg,train
48046076837.jpg,train
48047975123.jpg,train
48059873408.jpg,train
48067362141.jpg,train
4808299622.jpg,train
480846481.jpg,train
4808623455.jpg,train
48088171658.jpg,train
48089476477.jpg,train
48095405918.jpg,train
4810456782.jpg,train
48112682178.jpg,train
48112682908.jpg,train
48122133631.jpg,train
48122150531.jpg,train
48122156606.jpg,train
48122165483.jpg,train
48122177273.jpg,train
48122185613.jpg,train
48122194098.jpg,train
48122196328.jpg,train
48122226627.jpg,train
48122229087.jpg,train
48122249387.jpg,train
48122254147.jpg,train
48163478.jpg,train
48164194721.jpg,train
48164291287.jpg,train
48165998436.jpg,train
481690539.jpg,train
48171128521.jpg,train
4817470785.jpg,train
4817501189.jpg,train
4817516735.jpg,train
4817550455.jpg,train
48210316141.jpg,train
4822958406.jpg,train
48241423602.jpg,train
4825207473.jpg,train
48254736201.jpg,train
48262234197_d8b9049888_c.jpg,train
48263253927.jpg,train
4826704814.jpg,train
48272181467.jpg,train
482781202.jpg,train
4827847913.jpg,train
4827851887.jpg,train
4827852691.jpg,train
4828456180.jpg,train
4828457642.jpg,train
48292912371.jpg,train
4829526493.jpg,train
48306162627.jpg,train
48324762441.jpg,train
48324908876_a1781fb41a_c.jpg,train
4832907307.jpg,train
48371550296.jpg,train
48372574456_2f79343171_c.jpg,train
48376613471.jpg,train
4839596858.jpg,train
4840255526.jpg,train
4841230777.jpg,train
4841846466.jpg,train
48431284887.jpg,train
48455729591_84ce9101ee_c.jpg,train
4845646974.jpg,train
4848304391.jpg,train
48490814617.jpg,train
4849877148.jpg,train
48504526601.jpg,train
48504701912.jpg,train
4851924476.jpg,train
4852082873.jpg,train
485242595.jpg,train
48524716042.jpg,train
4854487047.jpg,train
485537098.jpg,train
4855755416.jpg,train
4857981604.jpg,train
48587573447.jpg,train
4860078666.jpg,train
48605692051.jpg,train
48616166423.jpg,train
48616175578.jpg,train
48616176383.jpg,train
48616187113.jpg,train
48616189843.jpg,train
48616195593.jpg,train
48616195823.jpg,train
48616200278.jpg,train
48616205408.jpg,train
48616208038.jpg,train
48616222778.jpg,train
48616224698.jpg,train
48616284098.jpg,train
48616513666.jpg,train
48616520726.jpg,train
48616526491.jpg,train
48616535936.jpg,train
48616538626.jpg,train
48616552651.jpg,train
48616553286.jpg,train
48616559946.jpg,train
48616570411.jpg,train
48616659852.jpg,train
48616667147.jpg,train
48616672722.jpg,train
48616682177.jpg,train
48616683807.jpg,train
48616692072.jpg,train
48616697412.jpg,train
48616720302.jpg,train
48616720702.jpg,train
48625232627.jpg,train
48647670732.jpg,train
486665930.jpg,train
4867153250.jpg,train
4868602193.jpg,train
4869222774.jpg,train
4871476306.jpg,train
48735128006.jpg,train
48736348077.jpg,train
48743456833.jpg,train
48743955327.jpg,train
48743967012.jpg,train
4875764909.jpg,train
4875909045.jpg,train
4878632989.jpg,train
4878633637.jpg,train
4878633997.jpg,train
4878634083.jpg,train
4878635327.jpg,train
4878653577.jpg,train
4879243062.jpg,train
4879243804.jpg,train
4879263192.jpg,train
4879612043.jpg,train
488058845.jpg,train
488121691.jpg,train
48819626612.jpg,train
4883530017.jpg,train
48841079472.jpg,train
48845087036_5d056d0019_c.jpg,train
4884745303.jpg,train
4885002817.jpg,train
4885575450.jpg,train
48858731952.jpg,train
4886958652.jpg,train
48873916677.jpg,train
4887591687.jpg,train
4887639970.jpg,train
4888548269.jpg,train
48901538577.jpg,train
48912451631.jpg,train
4891320081.jpg,train
48949379953_1e75594af7_c.jpg,train
489519407.jpg,train
4895641071.jpg,train
48961209332.jpg,train
48968170037.jpg,train
48976638921.jpg,train
49012396942.jpg,train
49045179603.jpg,train
4905326639.jpg,train
4905330075.jpg,train
49056477007.jpg,train
4905923340.jpg,train
4906004536.jpg,train
49065802007.jpg,train
49075756727.jpg,train
49077939.jpg,train
4909263791.jpg,train
49096252306_5f51757d44_c.jpg,train
49096291118_bc69034a9b_c.jpg,train
49100398497.jpg,train
49132905663.jpg,train
4914750059.jpg,train
4914998239.jpg,train
4916052776.jpg,train
49179038308.jpg,train
4923241839.jpg,train
49234438561.jpg,train
4923836890.jpg,train
4923840562.jpg,train
49243252631.jpg,train
49247065283.jpg,train
49250551452.jpg,train
4927224807.jpg,train
4927821290.jpg,train
49280413531.jpg,train
4929279238.jpg,train
49294033428.jpg,train
4930328297.jpg,train
493103744.jpg,train
493114913.jpg,train
49343884187.jpg,train
49347337997.jpg,train
4935466209.jpg,train
49355512601.jpg,train
49383737426.jpg,train
4938973155.jpg,train
4940748376.jpg,train
4942626498.jpg,train
49427098756.jpg,train
49440118933.jpg,train
49440337411.jpg,train
4945638619.jpg,train
4947838713.jpg,train
49489537436.jpg,train
49493438658.jpg,train
494949883.jpg,train
49495481426.jpg,train
49507264756.jpg,train
49527675307.jpg,train
495384376.jpg,train
49555457216.jpg,train
49556202188.jpg,train
495592939.jpg,train
49589725182.jpg,train
495996963.jpg,train
49603123252.jpg,train
49615270212_772f26046e_c.jpg,train
49621718953.jpg,train
49621720888.jpg,train
49621722278.jpg,train
49621754838.jpg,train
49621755938.jpg,train
49622266296.jpg,train
49622540582.jpg,train
49622543687.jpg,train
49625925646.jpg,train
49627691693.jpg,train
49628737823.jpg,train
49628767858.jpg,train
49628872731.jpg,train
49629246866.jpg,train
49629546257.jpg,train
49645372961.jpg,train
49645588321.jpg,train
49646839458.jpg,train
4965293331.jpg,train
4965893674.jpg,train
4965893876.jpg,train
49688867971.jpg,train
4970996662.jpg,train
4971013702.jpg,train
49714921753.jpg,train
4972651169.jpg,train
4972652293.jpg,train
497265717.jpg,train
4973267414.jpg,train
49738359923.jpg,train
49740620208.jpg,train
49751186638.jpg,train
49751723246.jpg,train
49751723436.jpg,train
49751723981.jpg,train
49752054357.jpg,train
49752054792.jpg,train
49765992326.jpg,train
49769642733.jpg,train
49777763917.jpg,train
49781551476.jpg,train
49782514292.jpg,train
49787048136.jpg,train
4978912819.jpg,train
49790922231_22a78a1cf2_c.jpg,train
4980276988.jpg,train
4981396411.jpg,train
49814483778.jpg,train
49815273823.jpg,train
49819308067.jpg,train
49827879938.jpg,train
49837572521.jpg,train
49838042512.jpg,train
49839768773.jpg,train
49839867216.jpg,train
49871858451.jpg,train
49873361322.jpg,train
49874370993.jpg,train
49874440448.jpg,train
49874876626.jpg,train
49874965116.jpg,train
49874969781.jpg,train
49875008706.jpg,train
49875229647.jpg,train
49875232282.jpg,train
49875236262.jpg,train
49875317877.jpg,train
4988045066.jpg,train
49883572593.jpg,train
49883982021.jpg,train
4988470476.jpg,train
498963186.jpg,train
4990245058.jpg,train
4990304182.jpg,train
4991255287.jpg,train
49914345923.jpg,train
4992418988.jpg,train
49929529638.jpg,train
49935805333.jpg,train
49935928106.jpg,train
49940111658.jpg,train
49966981013.jpg,train
49967874948.jpg,train
49972176441.jpg,train
49974935587.jpg,train
49978246718.jpg,train
49978682186.jpg,train
49979584312.jpg,train
49986852782.jpg,train
4998707429.jpg,train
50002908276.jpg,train
50028367768_953178a67b_c.jpg,train
50039888078_88fb5d4722_c.jpg,train
50046403973.jpg,train
50047257597.jpg,train
50049362262.jpg,train
50054242678.jpg,train
50074002291.jpg,train
50085155486.jpg,train
50107568272.jpg,train
50112824853.jpg,train
501131879.jpg,train
5011898584.jpg,train
50119430013.jpg,train
50126726358.jpg,train
50126780658.jpg,train
50135601832.jpg,train
50136889601.jpg,train
50137473951.jpg,train
5013901367.jpg,train
50142629227.jpg,train
50149063138.jpg,train
5016933275.jpg,train
50191980883.jpg,train
50215112261.jpg,train
5022000649.jpg,train
50224569663.jpg,train
50227958926.jpg,train
50238887502.jpg,train
5024453790.jpg,train
50248533538.jpg,train
5028193218.jpg,train
5028373845.jpg,train
50312932916.jpg,train
50314101143.jpg,train
503215101.jpg,train
503331346.jpg,train
50335333076.jpg,train
50337455337_4dcb1be33c_c.jpg,train
50337745381.jpg,train
50371025016.jpg,train
5037177627.jpg,train
50374726557.jpg,train
503816589.jpg,train
5038702908.jpg,train
5038764815.jpg,train
5039385858.jpg,train
50399659338.jpg,train
50432692051.jpg,train
5043454641.jpg,train
50439161752_49694dd68f_c.jpg,train
5047004187.jpg,train
5047004499.jpg,train
5047017139.jpg,train
50476176757.jpg,train
50486370322.jpg,train
50487702766.jpg,train
50519570013_1869bd2185_c.jpg,train
50520781232.jpg,train
50533663967.jpg,train
50535854268.jpg,train
50536575751.jpg,train
50536727762.jpg,train
50536728472.jpg,train
50539336248.jpg,train
50539337378.jpg,train
5055329911.jpg,train
5055795290.jpg,train
5056176561.jpg,train
50562989683.jpg,train
50567838237.jpg,train
50570754327.jpg,train
505709020.jpg,train
50575304772.jpg,train
50580400401_cdfc3b7316_c.jpg,train
50592489408.jpg,train
50594211878.jpg,train
50594624051_dbe719eac6_c.jpg,train
50598005973.jpg,train
5059967517.jpg,train
50613311006_242fda47d9_c.jpg,train
5061526031.jpg,train
50617012673.jpg,train
50617013553.jpg,train
50617014308.jpg,train
5062021679.jpg,train
50623006712_ed9d407e96_c.jpg,train
5063052118.jpg,train
50636248987.jpg,train
50637202271.jpg,train
50637270797.jpg,train
50640389057.jpg,train
50645298566.jpg,train
50650053838.jpg,train
5065616596.jpg,train
5065825505.jpg,train
5066888105.jpg,train
50670455861.jpg,train
5067070.jpg,train
506715968.jpg,train
50675535153.jpg,train
50677322166.jpg,train
5068303472.jpg,train
50689906938.jpg,train
50698302558.jpg,train
506997208.jpg,train
5070388088.jpg,train
50707120581.jpg,train
50734194298.jpg,train
50740781386.jpg,train
50742951352.jpg,train
50744901753.jpg,train
50746520977.jpg,train
50759309458.jpg,train
50780567.jpg,train
50783480301_a3fdab173f_c.jpg,train
5078513409.jpg,train
50786328078.jpg,train
50798443052.jpg,train
5081338416.jpg,train
5081937808.jpg,train
5083375426.jpg,train
50842194403.jpg,train
50843384063.jpg,train
50859523322.jpg,train
50864386716.jpg,train
50864462151.jpg,train
5087473962.jpg,train
50876957603.jpg,train
50877772447.jpg,train
50882208882.jpg,train
50892267866.jpg,train
50902135402.jpg,train
50937478323.jpg,train
50938276857.jpg,train
509418610.jpg,train
5096097226.jpg,train
50976769101.jpg,train
5098092725.jpg,train
50991443628.jpg,train
50992607841.jpg,train
51040401387_62b5e9a72c_c.jpg,train
51048077131.jpg,train
51059655816.jpg,train
5106685108.jpg,train
5108422410.jpg,train
51096571299.jpg,train
510968921.jpg,train
5111142983.jpg,train
5111222739.jpg,train
51112269336.jpg,train
51114452865.jpg,train
5113317658.jpg,train
5114284515.jpg,train
51150058182.jpg,train
5115018622.jpg,train
51150555772.jpg,train
51151391536.jpg,train
51152176279.jpg,train
51154271644.jpg,train
51171779713.jpg,train
5118250751.jpg,train
51184184714.jpg,train
51185537682.jpg,train
51186450418.jpg,train
51197718366.jpg,train
51204434049.jpg,train
5120762043.jpg,train
5121222967.jpg,train
5121302467.jpg,train
5121416319.jpg,train
51215258431.jpg,train
51217365198.jpg,train
51219987687.jpg,train
5123029614.jpg,train
51234669071.jpg,train
5124327198.jpg,train
5125595443.jpg,train
5125937922.jpg,train
51282265012.jpg,train
51282502138.jpg,train
51285685145.jpg,train
5128763402.jpg,train
51297469704.jpg,train
513140607.jpg,train
51322727777.jpg,train
51324758170.jpg,train
5132584205.jpg,train
51347945040.jpg,train
51348696180.jpg,train
5135345403.jpg,train
51357019822.jpg,train
513773137.jpg,train
51381510563.jpg,train
51407565081.jpg,train
514093439.jpg,train
514157386.jpg,train
51421420559.jpg,train
51425665652.jpg,train
51430592282.jpg,train
5143728009.jpg,train
514424424.jpg,train
5144433208.jpg,train
51485896292.jpg,train
51513867969.jpg,train
515305066.jpg,train
51540405218.jpg,train
51580886303.jpg,train
51597041920.jpg,train
5160323644.jpg,train
516196908.jpg,train
516234139.jpg,train
51631898667.jpg,train
51664707875.jpg,train
51684346833.jpg,train
51686167.jpg,train
51689946457.jpg,train
51691648885.jpg,train
51692689688.jpg,train
516935163.jpg,train
51696968751.jpg,train
51707539381.jpg,train
5171000347.jpg,train
51714295247.jpg,train
51714443126.jpg,train
51714815417.jpg,train
51714815647.jpg,train
51714815677.jpg,train
51715105894.jpg,train
51715613881.jpg,train
51715877498.jpg,train
5172077380.jpg,train
51722562939.jpg,train
51731174549.jpg,train
51734475473.jpg,train
51738136017.jpg,train
51738956431.jpg,train
51739195453.jpg,train
51739595194.jpg,train
51739846290.jpg,train
5174472275.jpg,train
51749332314.jpg,train
5175077030.jpg,train
5175488788.jpg,train
517790204.jpg,train
51788733417.jpg,train
5178917745.jpg,train
517905090.jpg,train
517926811.jpg,train
51795825803.jpg,train
5181306659.jpg,train
5181306667.jpg,train
5181913492.jpg,train
5184341193.jpg,train
5184341271.jpg,train
5184341337.jpg,train
518571384.jpg,train
5185807458.jpg,train
5186644650.jpg,train
51866685337.jpg,train
5188230457.jpg,train
5189006255.jpg,train
51903718165.jpg,train
519049820.jpg,train
51908808847.jpg,train
51924487898.jpg,train
51928390004.jpg,train
5193121034.jpg,train
51935182033.jpg,train
51938622593.jpg,train
51941049239.jpg,train
51943325636.jpg,train
51945879870.jpg,train
51947282710.jpg,train
51954009268.jpg,train
519593785.jpg,train
51962985498.jpg,train
5196702062.jpg,train
51967024772.jpg,train
51984377242.jpg,train
51984383522.jpg,train
5199217493.jpg,train
5199218421.jpg,train
5199226633.jpg,train
51997051625.jpg,train
52022235726.jpg,train
5205132750.jpg,train
52055781967.jpg,train
52064398154.jpg,train
52064420421.jpg,train
52065869004.jpg,train
52066671996.jpg,train
52073594237.jpg,train
52077136241.jpg,train
52079239986.jpg,train
5208781203.jpg,train
52094602665.jpg,train
52103100957.jpg,train
5210381038.jpg,train
52116904456.jpg,train
52130703689.jpg,train
52135058826.jpg,train
52135058866.jpg,train
5214379366.jpg,train
52151193710.jpg,train
52158585208.jpg,train
52181977971.jpg,train
52183068771.jpg,train
5218550634.jpg,train
52191748889.jpg,train
52202681946.jpg,train
52210442491.jpg,train
5222330064.jpg,train
52225485717.jpg,train
5222829905.jpg,train
5223002477.jpg,train
52230380300.jpg,train
52238164499.jpg,train
5224650969.jpg,train
5224661355.jpg,train
52252125767.jpg,train
5225446252.jpg,train
522634470.jpg,train
52273086983.jpg,train
52274101483.jpg,train
52277388373.jpg,train
52282748085.jpg,train
5228724875.jpg,train
5228732260.jpg,train
52292192031.jpg,train
52294113980.jpg,train
52297866169.jpg,train
52300239832.jpg,train
52316089.jpg,train
52318037367.jpg,train
5232016872.jpg,train
52327566641.jpg,train
5232983946.jpg,train
52341982267.jpg,train
52347277264.jpg,train
52352592576.jpg,train
52354782132.jpg,train
52357669966.jpg,train
52357692272.jpg,train
52370711868.jpg,train
52373782061.jpg,train
5237407070.jpg,train
5237407338.jpg,train
5237408010.jpg,train
5237776503.jpg,train
5239366800.jpg,train
52401984756.jpg,train
52405285138.jpg,train
52417623124.jpg,train
52423756480.jpg,train
524256193.jpg,train
52427624273.jpg,train
52436830709.jpg,train
52441287931.jpg,train
5244465547.jpg,train
5244465787.jpg,train
52446406091.jpg,train
5245064988.jpg,train
52451044981.jpg,train
52451045376.jpg,train
52459921141.jpg,train
5246869176.jpg,train
5247253879.jpg,train
5247259685.jpg,train
5247259903.jpg,train
52477007019.jpg,train
5247861126.jpg,train
5247862304.jpg,train
524846608.jpg,train
52493152358.jpg,train
52507454969.jpg,train
52516409298.jpg,train
52519006473.jpg,train
52519832207.jpg,train
52533193298.jpg,train
52546508533.jpg,train
52563051946.jpg,train
52567121485.jpg,train
52568517086.jpg,train
52570172637.jpg,train
52572141211.jpg,train
52572655773.jpg,train
5257385018.jpg,train
52573982127.jpg,train
52574808855.jpg,train
52583667785.jpg,train
52586695715.jpg,train
52586801668.jpg,train
525943351.jpg,train
52602959937.jpg,train
5260707079.jpg,train
5261293951.jpg,train
5261377202.jpg,train
52628297501.jpg,train
52629424886.jpg,train
52630034304.jpg,train
52640103456.jpg,train
52640358729.jpg,train
52640536130.jpg,train
52640536900.jpg,train
52640537990.jpg,train
52640538860.jpg,train
52640538955.jpg,train
52640575333.jpg,train
52640575613.jpg,train
52640578783.jpg,train
5264803467.jpg,train
52648252939.jpg,train
5264880515.jpg,train
5265550811.jpg,train
5265589409.jpg,train
52664367114.jpg,train
52669675766.jpg,train
5267055858.jpg,train
5268571597.jpg,train
52688694980.jpg,train
52695966682.jpg,train
52702452881.jpg,train
52710578400.jpg,train
52710643118.jpg,train
52710727620.jpg,train
52726658924.jpg,train
52736644380.jpg,train
52742194740.jpg,train
52743507936.jpg,train
52748070073.jpg,train
52750321232.jpg,train
52750321597.jpg,train
52750769952.jpg,train
52750856451.jpg,train
52751097574.jpg,train
52751265045.jpg,train
52751266095.jpg,train
52751349238.jpg,train
52753015224.jpg,train
52753015439.jpg,train
52753015469.jpg,train
52753185945.jpg,train
52753185995.jpg,train
52753186025.jpg,train
52753270648.jpg,train
52754169352.jpg,train
52754169367.jpg,train
52754169472.jpg,train
52754710341.jpg,train
52754710371.jpg,train
52754710421.jpg,train
52754710456.jpg,train
52754953949.jpg,train
52754954024.jpg,train
52755115805.jpg,train
52755115865.jpg,train
52755198433.jpg,train
52755198538.jpg,train
52756228177.jpg,train
52756228327.jpg,train
52756765371.jpg,train
52756765441.jpg,train
52756765466.jpg,train
52756765481.jpg,train
52757012004.jpg,train
52757012029.jpg,train
52757172025.jpg,train
52757249963.jpg,train
52757250023.jpg,train
52757250058.jpg,train
52757250153.jpg,train
52757250183.jpg,train
52757250233.jpg,train
52760288195.jpg,train
52760325614.jpg,train
5276108877.jpg,train
52763669802.jpg,train
5277049887.jpg,train
527717171.jpg,train
5277638596.jpg,train
52776765492.jpg,train
527788184.jpg,train
52787366351.jpg,train
52806844165.jpg,train
52816031248.jpg,train
5283520154.jpg,train
52835869639.jpg,train
52842903641.jpg,train
52842904541.jpg,train
52843307425.jpg,train
52843345673.jpg,train
52843346768.jpg,train
5285908697.jpg,train
52871519774.jpg,train
52884851013.jpg,train
5288502414.jpg,train
52890425.jpg,train
52896378288.jpg,train
52904004861.jpg,train
52905355499.jpg,train
52909782590.jpg,train
5291061058.jpg,train
52912770104.jpg,train
52913066588.jpg,train
52915667710.jpg,train
52917277452.jpg,train
52918317793.jpg,train
52918317798.jpg,train
52919027740.jpg,train
52920745519.jpg,train
52920745559.jpg,train
52921038303.jpg,train
52935834921.jpg,train
52938227287.jpg,train
52939278713.jpg,train
52942260486.jpg,train
52947111563.jpg,train
52948451400.jpg,train
52950966986.jpg,train
52960353090.jpg,train
52961971182.jpg,train
52968943287.jpg,train
52968943407.jpg,train
52969538481.jpg,train
52969679189.jpg,train
52969679424.jpg,train
52969905180.jpg,train
52969912555.jpg,train
52969912815.jpg,train
52969912835.jpg,train
52969913010.jpg,train
52969913480.jpg,train
52992396361.jpg,train
52993030428.jpg,train
5301698611.jpg,train
53033270177.jpg,train
53040422.jpg,train
53054653686.jpg,train
53060016396.jpg,train
53061588295.jpg,train
53063226124.jpg,train
530652370.jpg,train
53070188054.jpg,train
53081802618.jpg,train
53085728764.jpg,train
53102199199.jpg,train
53106275116.jpg,train
53114265527.jpg,train
53115272870.jpg,train
5313952227.jpg,train
53140239386.jpg,train
53141027465.jpg,train
53152631837.jpg,train
53168287868.jpg,train
53182974550.jpg,train
53195428004.jpg,train
53195706558.jpg,train
5322862827.jpg,train
5323132583.jpg,train
5326219868.jpg,train
5326257405.jpg,train
53265479790.jpg,train
532673807.jpg,train
53278044662.jpg,train
5328883790.jpg,train
5329262271.jpg,train
53295554799.jpg,train
53298443092.jpg,train
53305193053.jpg,train
5334084681.jpg,train
53343355930.jpg,train
53343883989.jpg,train
53346026581.jpg,train
53348234181.jpg,train
53357549468.jpg,train
53372571364.jpg,train
53374593731.jpg,train
533762294.jpg,train
534099478.jpg,train
53413736901.jpg,train
53417770861.jpg,train
53421878424.jpg,train
5342794984.jpg,train
5344214846.jpg,train
53442858213.jpg,train
5344351799.jpg,train
5344351871.jpg,train
53467637646.jpg,train
53472076862.jpg,train
53473122993.jpg,train
53473279539.jpg,train
53473296419.jpg,train
53486552.jpg,train
53487920027.jpg,train
53500308103.jpg,train
5350444694.jpg,train
53505821703.jpg,train
5351414355.jpg,train
53514499651.jpg,train
5351980324.jpg,train
5352008880.jpg,train
5352010768.jpg,train
53524920349.jpg,train
53527455760.jpg,train
53529292890.jpg,train
5354135310.jpg,train
5354366185.jpg,train
5355035359.jpg,train
5355819861.jpg,train
5356433798.jpg,train
5356655566.jpg,train
53574204427.jpg,train
53575279078.jpg,train
53589080071.jpg,train
53595778872.jpg,train
5360602213.jpg,train
53609540752.jpg,train
5361135278.jpg,train
53632991097.jpg,train
53633883861.jpg,train
53640874124.jpg,train
53640875344.jpg,train
5364176357.jpg,train
53648822828.jpg,train
53649065685.jpg,train
53652628871.jpg,train
53652976849.jpg,train
53662443815.jpg,train
53669373786.jpg,train
5367747243.jpg,train
5369407559.jpg,train
5369407793.jpg,train
5370015638.jpg,train
5370608754.jpg,train
537281745.jpg,train
5375465997.jpg,train
5375554453.jpg,train
5379141571.jpg,train
5380959463.jpg,train
5381525574.jpg,train
5384272038.jpg,train
5384675828.jpg,train
538653777.jpg,train
5393008353.jpg,train
539445022.jpg,train
5395107578.jpg,train
5399063543.jpg,train
5399134012.jpg,train
5400187085.jpg,train
540268730.jpg,train
5402773016.jpg,train
5408900986.jpg,train
5410535091.jpg,train
5411098315.jpg,train
5412553279.jpg,train
541289178.jpg,train
5412909451.jpg,train
5412973795.jpg,train
5413039435.jpg,train
5413517712.jpg,train
5414723795.jpg,train
5414726331.jpg,train
5415399689.jpg,train
5416545970.jpg,train
54201507.jpg,train
5420370374.jpg,train
542579610.jpg,train
5425937819.jpg,train
5425938349.jpg,train
5426538582.jpg,train
5426540692.jpg,train
5427708122.jpg,train
5428180347.jpg,train
543122371.jpg,train
5433060116.jpg,train
5433362496.jpg,train
543336354.jpg,train
5433666802.jpg,train
543368780.jpg,train
543390026.jpg,train
5436380135.jpg,train
5437042401.jpg,train
5438986170.jpg,train
5442396764.jpg,train
544292038.jpg,train
54429282.jpg,train
5449422898.jpg,train
5452290655.jpg,train
5453075571.jpg,train
5453352439.jpg,train
5454537195.jpg,train
54553358.jpg,train
5456616654.jpg,train
5456616702.jpg,train
5458858248.jpg,train
5459659478.jpg,train
5459841483.jpg,train
5460369564.jpg,train
5463724315.jpg,train
546602947.jpg,train
5466758236.jpg,train
5470890328.jpg,train
5473809436.jpg,train
5473918533.jpg,train
54745311.jpg,train
5474706665.jpg,train
5479413851.jpg,train
5479897112.jpg,train
5480124944.jpg,train
5483484163.jpg,train
5490448041.jpg,train
5490955606.jpg,train
5491179688.jpg,train
549276326.jpg,train
5494248581.jpg,train
5494640912.jpg,train
5494640996.jpg,train
5498281891.jpg,train
5501903564.jpg,train
5502230892.jpg,train
55034279.jpg,train
5504273065.jpg,train
5507046305.jpg,train
5507706539.jpg,train
5513497392.jpg,train
5516558627.jpg,train
5519618386.jpg,train
5521886693.jpg,train
552342258.jpg,train
5529212204.jpg,train
5535875227.jpg,train
5536487592.jpg,train
5536734407.jpg,train
5537854606.jpg,train
5538501202.jpg,train
554079369.jpg,train
5546189567.jpg,train
5550006.jpg,train
55512490.jpg,train
5552536843.jpg,train
5554248848.jpg,train
5555963708.jpg,train
5556076652.jpg,train
5559359296.jpg,train
5563979321.jpg,train
5565030464.jpg,train
5567093202.jpg,train
5567344997.jpg,train
556922968.jpg,train
557084028.jpg,train
557084056.jpg,train
5571082234.jpg,train
5571541428.jpg,train
5572071335.jpg,train
5572838818.jpg,train
5573177722.jpg,train
5574182371.jpg,train
5575430095.jpg,train
5576639435.jpg,train
5577224314.jpg,train
55773983.jpg,train
5581644540.jpg,train
5581991167.jpg,train
5585946042.jpg,train
55873093.jpg,train
558867635.jpg,train
5589174465.jpg,train
5592199107.jpg,train
5592802763.jpg,train
5595366913.jpg,train
5595367453.jpg,train
5595672378.jpg,train
5595950646.jpg,train
5595950830.jpg,train
5595950928.jpg,train
5595951134.jpg,train
5601398577.jpg,train
5602683836.jpg,train
5602720285.jpg,train
5606605043.jpg,train
5607970164.jpg,train
5608438551.jpg,train
5613762604.jpg,train
5615249575.jpg,train
5617865679.jpg,train
5625803079.jpg,train
5626499485.jpg,train
5626963824.jpg,train
5627769725.jpg,train
5632256204.jpg,train
56328821.jpg,train
5634723773.jpg,train
5637001206.jpg,train
5641500648.jpg,train
5646073265.jpg,train
5646663518.jpg,train
5648765117.jpg,train
5649323436.jpg,train
5654183917.jpg,train
5654691526.jpg,train
5657539127.jpg,train
5659045227.jpg,train
5661943945.jpg,train
5664567675.jpg,train
5668282400.jpg,train
5671415612.jpg,train
5671556324.jpg,train
5671893778.jpg,train
5672007405.jpg,train
5672901543.jpg,train
5674346269.jpg,train
5674476510.jpg,train
5675281866.jpg,train
5676558105.jpg,train
5678990213.jpg,train
5681644025.jpg,train
568210207.jpg,train
5682277798.jpg,train
5683300630.jpg,train
5684719731.jpg,train
5684727517.jpg,train
5686176589.jpg,train
5692321705.jpg,train
5692780514.jpg,train
5693875193.jpg,train
56965624.jpg,train
5703852461.jpg,train
5703875635.jpg,train
5704637626.jpg,train
5707484716.jpg,train
5712358834.jpg,train
5715791256.jpg,train
5716109551.jpg,train
5716485496.jpg,train
57210126.jpg,train
5721606303.jpg,train
5722268773.jpg,train
5725213410.jpg,train
5727366747.jpg,train
5730654567.jpg,train
57315233.jpg,train
5732847885.jpg,train
5735666083.jpg,train
5736764207.jpg,train
5738759954.jpg,train
57395919.jpg,train
5739874817.jpg,train
5739876769.jpg,train
5739900797.jpg,train
5740368142.jpg,train
5740452030.jpg,train
5742611246.jpg,train
5747191817.jpg,train
5747707810.jpg,train
5747740590.jpg,train
5749060369.jpg,train
575178037.jpg,train
5752396612.jpg,train
5754239383.jpg,train
5760049409.jpg,train
5763558569.jpg,train
5774317604.jpg,train
5776176743.jpg,train
5787870230.jpg,train
5788194028.jpg,train
5788331508.jpg,train
5790089322.jpg,train
5791256720.jpg,train
57915834.jpg,train
5795404380.jpg,train
5798447176.jpg,train
579854793.jpg,train
5803784501.jpg,train
5803784651.jpg,train
5804342514.jpg,train
5804343436.jpg,train
58047592.jpg,train
5809139.jpg,train
5810772378.jpg,train
5811649245.jpg,train
5812783482.jpg,train
5826990782.jpg,train
5830582757.jpg,train
5835667613.jpg,train
5836990409.jpg,train
5839222831.jpg,train
5839840943.jpg,train
5842265809.jpg,train
5855969095.jpg,train
5856251159.jpg,train
5863616270.jpg,train
5864800613.jpg,train
5865343270.jpg,train
5866205358.jpg,train
5868323324.jpg,train
587174641.jpg,train
5877029333.jpg,train
5878014998.jpg,train
5879833850.jpg,train
5880901899.jpg,train
5882462104.jpg,train
5882495654.jpg,train
5884180614.jpg,train
5887362167.jpg,train
5893132212.jpg,train
5893432399.jpg,train
5902921706.jpg,train
5905192851.jpg,train
5905385138.jpg,train
5906466551.jpg,train
5906486375.jpg,train
5906540949.jpg,train
5906600611.jpg,train
5906624395.jpg,train
5906630651.jpg,train
5906640835.jpg,train
5906718003.jpg,train
5906785229.jpg,train
5906941993.jpg,train
5906996411.jpg,train
5907034494.jpg,train
5907069953.jpg,train
5907070818.jpg,train
5907084459.jpg,train
5907193300.jpg,train
5907246854.jpg,train
5907248296.jpg,train
5907281680.jpg,train
5907423506.jpg,train
5907532794.jpg,train
5907727711.jpg,train
5908624526.jpg,train
5908973770.jpg,train
5911389115.jpg,train
5913155349.jpg,train
5914054712.jpg,train
5915434438.jpg,train
5917360259.jpg,train
5923477569.jpg,train
5930327238.jpg,train
5931410080.jpg,train
5940887336.jpg,train
5943474912.jpg,train
5944890959.jpg,train
594684981.jpg,train
5951273344.jpg,train
5951277248.jpg,train
59544878.jpg,train
5956728889.jpg,train
5956900622.jpg,train
5957316986.jpg,train
5961970487.jpg,train
5962525990.jpg,train
5966446571.jpg,train
59678411.jpg,train
5970315183.jpg,train
5980903209.jpg,train
5983772338.jpg,train
5986044417.jpg,train
5986046103.jpg,train
5986604296.jpg,train
5986604498.jpg,train
5986604938.jpg,train
5991835793.jpg,train
5996804425.jpg,train
6000769669.jpg,train
6000923107.jpg,train
6000925759.jpg,train
6000926611.jpg,train
6001469364.jpg,train
6001469748.jpg,train
6001473468.jpg,train
6002717897.jpg,train
6002864039.jpg,train
6003798658.jpg,train
60051699.jpg,train
6006696448.jpg,train
6007595928.jpg,train
6008172272.jpg,train
6011835416.jpg,train
6016446009.jpg,train
6016449429.jpg,train
6016996242.jpg,train
6017064307.jpg,train
6017519505.jpg,train
6017616048.jpg,train
6017621890.jpg,train
6017623368.jpg,train
6025804113.jpg,train
6026299573.jpg,train
6026412538.jpg,train
6026417722.jpg,train
6030279344.jpg,train
6030528989.jpg,train
6032517673.jpg,train
6033916535.jpg,train
6033923259.jpg,train
6034480412.jpg,train
6043604596.jpg,train
6043637735.jpg,train
6043788483.jpg,train
6044168180.jpg,train
6044352473.jpg,train
6047416101.jpg,train
60475915.jpg,train
6049707713.jpg,train
6049827147.jpg,train
6057211977.jpg,train
6057750846.jpg,train
6059947741.jpg,train
6059948351.jpg,train
6060501564.jpg,train
6060505666.jpg,train
6062140182.jpg,train
6062181083.jpg,train
6062443134.jpg,train
6062728950.jpg,train
6065204679.jpg,train
6069502138.jpg,train
6071077631.jpg,train
6072418702.jpg,train
60759809.jpg,train
6078428012.jpg,train
6080139266.jpg,train
6080898851.jpg,train
6081811960.jpg,train
6082577394.jpg,train
6082855118.jpg,train
6084974825.jpg,train
6089595649.jpg,train
6091908816.jpg,train
6092272976.jpg,train
6094156919.jpg,train
6096045654.jpg,train
6098224335.jpg,train
6098810481.jpg,train
6099155323.jpg,train
6101126802.jpg,train
6111328376.jpg,train
6112343443.jpg,train
6112944946.jpg,train
6113833285.jpg,train
6113837067.jpg,train
6113865281.jpg,train
6113881069.jpg,train
6114363514.jpg,train
6114367756.jpg,train
6114413098.jpg,train
6114422272.jpg,train
6114439174.jpg,train
6114439754.jpg,train
6114448132.jpg,train
6114448874.jpg,train
6119810011.jpg,train
6121330521.jpg,train
6123075301.jpg,train
6123895679.jpg,train
6123964381.jpg,train
6125353879.jpg,train
6125354191.jpg,train
6125356877.jpg,train
6125357775.jpg,train
6125359969.jpg,train
6125372551.jpg,train
6125897986.jpg,train
6125900200.jpg,train
6125909412.jpg,train
6125909982.jpg,train
6125912300.jpg,train
6125912750.jpg,train
6125914522.jpg,train
6125915552.jpg,train
6126619173.jpg,train
6126669543.jpg,train
6126737936.jpg,train
6129049320.jpg,train
6130605541.jpg,train
6133571926.jpg,train
6145273331.jpg,train
6145714959.jpg,train
6145736438.jpg,train
6146485860.jpg,train
6148241255.jpg,train
6149512471.jpg,train
6149517187.jpg,train
6149517853.jpg,train
6149731.jpg,train
6151784999.jpg,train
6154529950.jpg,train
6158688408.jpg,train
6165132343.jpg,train
6165423033.jpg,train
6165423323.jpg,train
6166405212.jpg,train
6167309853.jpg,train
6169465933.jpg,train
6170144132.jpg,train
6171098750.jpg,train
6171419167.jpg,train
6171944870.jpg,train
6171945626.jpg,train
6171953840.jpg,train
6172695686.jpg,train
6173272983.jpg,train
6173273982.jpg,train
6176187457.jpg,train
6181112087.jpg,train
6188665839.jpg,train
6189498289.jpg,train
6190016852.jpg,train
6190196439.jpg,train
6190954546.jpg,train
6191603376.jpg,train
6193635286.jpg,train
6198565343.jpg,train
6200564826.jpg,train
6200611326.jpg,train
6203012964.jpg,train
6203388199.jpg,train
6206399685.jpg,train
6206433073.jpg,train
6206948906.jpg,train
6207126730.jpg,train
6212161270.jpg,train
6213848677.jpg,train
6219772806.jpg,train
6219781698.jpg,train
6219895712.jpg,train
6220404431.jpg,train
6221328152.jpg,train
622184141.jpg,train
6223103904.jpg,train
6226005149.jpg,train
6229855929.jpg,train
62306945.jpg,train
623377708.jpg,train
6233905260.jpg,train
6236564779.jpg,train
6237276102.jpg,train
6237360272.jpg,train
6243206463.jpg,train
624790224.jpg,train
6249146913.jpg,train
6250761805.jpg,train
6252913231.jpg,train
6255716974.jpg,train
6257854607.jpg,train
6257856333.jpg,train
6257922485.jpg,train
6258365226.jpg,train
6261494300.jpg,train
6262316049.jpg,train
62633722.jpg,train
6265695279.jpg,train
6266162339.jpg,train
6274451330.jpg,train
6274459014.jpg,train
6275094537.jpg,train
6276809419.jpg,train
6278975069.jpg,train
6278977219.jpg,train
6279494778.jpg,train
6279494960.jpg,train
6280817283.jpg,train
62850660.jpg,train
6286311184.jpg,train
6286955405.jpg,train
6287458446.jpg,train
6287703919.jpg,train
6287729113.jpg,train
6287995200.jpg,train
6288138470.jpg,train
6288984943.jpg,train
6288985665.jpg,train
6294658683.jpg,train
6294668109.jpg,train
6294669485.jpg,train
6294673175.jpg,train
6294676561.jpg,train
6294677427.jpg,train
6295173812.jpg,train
6295174868.jpg,train
6295176994.jpg,train
6295200388.jpg,train
6295204248.jpg,train
6296173764.jpg,train
6296221935.jpg,train
6297325145.jpg,train
6301462131.jpg,train
6302666011.jpg,train
6304396827.jpg,train
6304396949.jpg,train
6304922260.jpg,train
6304922342.jpg,train
6304922754.jpg,train
6305683413.jpg,train
6307182582.jpg,train
6309726003.jpg,train
6309826189.jpg,train
6310315420.jpg,train
6310385352.jpg,train
6311577.jpg,train
6317078891.jpg,train
6320602166.jpg,train
6323256513.jpg,train
6326180369.jpg,train
6326235530.jpg,train
6326932146.jpg,train
6329058177.jpg,train
6329121597.jpg,train
6332499607.jpg,train
6333114395.jpg,train
6334526093.jpg,train
6336171320.jpg,train
6339657792.jpg,train
6342895299.jpg,train
6346009169.jpg,train
6349075842.jpg,train
6366160033.jpg,train
6385128503.jpg,train
6385707853.jpg,train
6397032395.jpg,train
6398312811.jpg,train
6403593061.jpg,train
6406468059.jpg,train
6406468747.jpg,train
6406479567.jpg,train
6412956475.jpg,train
641455953.jpg,train
6417494543.jpg,train
6418468903.jpg,train
6418471195.jpg,train
6420357201.jpg,train
6429992745.jpg,train
6431382043.jpg,train
6441217999.jpg,train
6442858463.jpg,train
6442860067.jpg,train
6460407487.jpg,train
6467586569.jpg,train
6467590471.jpg,train
6474359843.jpg,train
6475656403.jpg,train
6486586777.jpg,train
6486590391.jpg,train
6488599823.jpg,train
6488791931.jpg,train
6494736681.jpg,train
6500590397.jpg,train
6503533945.jpg,train
6510105613 (2).jpg,train
6511009691.jpg,train
6515215077.jpg,train
6515421531.jpg,train
6516447533.jpg,train
652202312.jpg,train
6533651141.jpg,train
6535680205.jpg,train
653579251.jpg,train
6537402819.jpg,train
65435527.jpg,train
6544329465.jpg,train
6544330921.jpg,train
6547789053.jpg,train
6548527913.jpg,train
6548951241 (2).jpg,train
6548953577.jpg,train
6550405853.jpg,train
6551640749.jpg,train
6551747085.jpg,train
6551751459.jpg,train
6551820437.jpg,train
6578139833.jpg,train
6588899777.jpg,train
6589103439.jpg,train
6591746003.jpg,train
6594101181.jpg,train
6595457373.jpg,train
6600735265.jpg,train
6600739505.jpg,train
6600746967.jpg,train
6602003345.jpg,train
6602851851.jpg,train
6605589549.jpg,train
6605911725.jpg,train
6615486371.jpg,train
6617716677.jpg,train
6622355997.jpg,train
6623586061.jpg,train
6628371887.jpg,train
6628372395.jpg,train
663540573.jpg,train
6636924815.jpg,train
6636948271.jpg,train
6644901153.jpg,train
6646215063.jpg,train
66482656.jpg,train
66483139.jpg,train
6658469601.jpg,train
6658595375.jpg,train
6664188823.jpg,train
6668701107.jpg,train
6674237609.jpg,train
6676550935.jpg,train
6676952125.jpg,train
6678803309.jpg,train
6688769923.jpg,train
66960363.jpg,train
6699226939.jpg,train
6699227153.jpg,train
6703813699.jpg,train
6720090233.jpg,train
6720096185.jpg,train
6721102765.jpg,train
672305088.jpg,train
6729650739.jpg,train
6736505285.jpg,train
6736505537.jpg,train
6736505747.jpg,train
6736505849.jpg,train
6738629223.jpg,train
6747623857.jpg,train
6748756101.jpg,train
6756601907.jpg,train
6756618669.jpg,train
6757705981.jpg,train
6757937643.jpg,train
6757938395.jpg,train
6757938689.jpg,train
6770326009.jpg,train
6776401611.jpg,train
6776409126.jpg,train
6776452521.jpg,train
6776705561.jpg,train
6779561945.jpg,train
6780442122.jpg,train
6782162109.jpg,train
6787161749.jpg,train
6787197617.jpg,train
6787337217.jpg,train
6788368342.jpg,train
6788677571.jpg,train
6789485434.jpg,train
6789795648.jpg,train
6789806036.jpg,train
6789806534.jpg,train
6789807492.jpg,train
6790470321.jpg,train
6791971996.jpg,train
6795651594.jpg,train
6798343937.jpg,train
6799534990.jpg,train
6799918835.jpg,train
6802430741.jpg,train
6804038117.jpg,train
6806146546.jpg,train
6806381309.jpg,train
6806393932.jpg,train
6812629357.jpg,train
6812638507.jpg,train
6812644257.jpg,train
6815342741_14d9cbd006_c.jpg,train
6817245480.jpg,train
6821676181.jpg,train
6822887286.jpg,train
6823567150.jpg,train
6824781654.jpg,train
6826700241.jpg,train
6828502941.jpg,train
6828734497.jpg,train
68332620.jpg,train
6835284846.jpg,train
6835286428.jpg,train
6835287746.jpg,train
6835289692.jpg,train
6835684387.jpg,train
6835745650.jpg,train
6837515553.jpg,train
6840443618.jpg,train
6840443688.jpg,train
6840447062.jpg,train
6842383222.jpg,train
6842802184.jpg,train
6842833850.jpg,train
6844538955.jpg,train
684579085.jpg,train
6846166274.jpg,train
6854993745.jpg,train
6856514199.jpg,train
6859706192.jpg,train
6859706302.jpg,train
6862468424.jpg,train
6863734683.jpg,train
6868811987.jpg,train
6870188972.jpg,train
6876346018.jpg,train
6877713680.jpg,train
6880252486.jpg,train
6886185492.jpg,train
6892838464.jpg,train
689837959.jpg,train
6899916313.jpg,train
6900113317.jpg,train
6902390571.jpg,train
69049399.jpg,train
6906297667.jpg,train
6907796799.jpg,train
6912820221.jpg,train
69179460.jpg,train
6919557362.jpg,train
6922447137.jpg,train
6922522621.jpg,train
6922523211.jpg,train
6922523619.jpg,train
6922525171.jpg,train
6923951310.jpg,train
6924182704.jpg,train
6924936781.jpg,train
6925967855.jpg,train
6932762098.jpg,train
6935908553.jpg,train
6935909849.jpg,train
6935911781.jpg,train
6935915135.jpg,train
6935921273.jpg,train
6938415185.jpg,train
6944218901.jpg,train
6944937478.jpg,train
695036176.jpg,train
6954745425.jpg,train
6955166116.jpg,train
6959567222.jpg,train
6961696050.jpg,train
6963416587.jpg,train
6963795312.jpg,train
6967652332.jpg,train
6967712290.jpg,train
6967716040.jpg,train
6967732600.jpg,train
6969264873.jpg,train
6976188233.jpg,train
6982469114.jpg,train
6984697493.jpg,train
6985322453.jpg,train
6988134711.jpg,train
6989617544.jpg,train
6991570858.jpg,train
6992298293.jpg,train
6992539831.jpg,train
69946039.jpg,train
6997164537.jpg,train
6999931942.jpg,train
7001466310.jpg,train
7003373223.jpg,train
7003587790.jpg,train
7007131.jpg,train
7013212453.jpg,train
7015129489.jpg,train
7019743561.jpg,train
7021070375.jpg,train
7023843807.jpg,train
7032033305.jpg,train
7040568131.jpg,train
7041400005.jpg,train
7041414591.jpg,train
7048818793.jpg,train
70520694.jpg,train
7055424935.jpg,train
7062035991.jpg,train
7070261631.jpg,train
7077893125.jpg,train
7085285319.jpg,train
708621637.jpg,train
708714440.jpg,train
708809939.jpg,train
7089876515.jpg,train
7091356331.jpg,train
7091369403.jpg,train
7092446349.jpg,train
7092448375.jpg,train
7096790963.jpg,train
7096812471.jpg,train
71075297.jpg,train
7109267293.jpg,train
7109284447.jpg,train
7109642107.jpg,train
7109760915.jpg,train
7110117579.jpg,train
7116645169.jpg,train
7116655781.jpg,train
7119297255.jpg,train
7119917777.jpg,train
7126234021.jpg,train
7128554203.jpg,train
7132740181.jpg,train
7136325885.jpg,train
7147540357.jpg,train
7147547745.jpg,train
7153552307.jpg,train
7156338384_4ca81d50cb_c.jpg,train
7158538301.jpg,train
7160182891.jpg,train
7162577948.jpg,train
7162952665.jpg,train
7170019882.jpg,train
7171243664.jpg,train
7176226671.jpg,train
7178069035.jpg,train
7181357112.jpg,train
7185696410.jpg,train
71889613.jpg,train
7188965171.jpg,train
71899380.jpg,train
71932794.jpg,train
7193283456.jpg,train
71970339.jpg,train
719931094.jpg,train
7199724144.jpg,train
720989137.jpg,train
7210415060.jpg,train
7229441476.jpg,train
72307958.jpg,train
7230957930.jpg,train
7236166938.jpg,train
7244642600.jpg,train
7252708164.jpg,train
72629530.jpg,train
72631955.jpg,train
72636421.jpg,train
72638528.jpg,train
72643324.jpg,train
72726904.jpg,train
7279717534.jpg,train
7279805046.jpg,train
7279816534.jpg,train
7280281910.jpg,train
7280282510.jpg,train
7280339336.jpg,train
7294205828.jpg,train
7294207848.jpg,train
7294209866.jpg,train
7294240750.jpg,train
7294254782.jpg,train
7297049410.jpg,train
7298542576.jpg,train
7305739296.jpg,train
7308318080.jpg,train
73246194.jpg,train
7334369338.jpg,train
7335620672.jpg,train
7336906652.jpg,train
73372177.jpg,train
73387322.jpg,train
73420153.jpg,train
7342765588.jpg,train
7351757972.jpg,train
7352407094.jpg,train
73527645.jpg,train
7353094478.jpg,train
73533210.jpg,train
7364158340.jpg,train
7364158768.jpg,train
7379388162.jpg,train
7384539264.jpg,train
7385970256.jpg,train
7386101374.jpg,train
7392569.jpg,train
7392709134.jpg,train
7397334946.jpg,train
7401701018.jpg,train
740197913.jpg,train
7402970818.jpg,train
7405094194.jpg,train
7405095732.jpg,train
7413983364.jpg,train
7427502020.jpg,train
7445408152.jpg,train
7459460818.jpg,train
74698398.jpg,train
747066587.jpg,train
7475854694.jpg,train
7494356496.jpg,train
7494470976.jpg,train
74982526.jpg,train
7502588196.jpg,train
7504463830.jpg,train
7506450530.jpg,train
7512464758.jpg,train
7515129524.jpg,train
7516928818.jpg,train
752034413.jpg,train
75349296.jpg,train
7540472260.jpg,train
7540472530.jpg,train
754416303.jpg,train
7548366712.jpg,train
7548366924.jpg,train
75580670.jpg,train
7560238740.jpg,train
7560298284.jpg,train
7561842380.jpg,train
7573938896.jpg,train
7580613120.jpg,train
7584153954.jpg,train
7590145516.jpg,train
7597032718.jpg,train
762196204.jpg,train
7627798612.jpg,train
7637295218.jpg,train
7645099942.jpg,train
7645655182.jpg,train
7646153044.jpg,train
7646158876.jpg,train
7646278802.jpg,train
766255421.jpg,train
76669242.jpg,train
7667571892.jpg,train
7676639152.jpg,train
7676645672.jpg,train
7685383102.jpg,train
7692450658.jpg,train
7692462168.jpg,train
7696682286.jpg,train
7703624144.jpg,train
7704186158.jpg,train
77049698.jpg,train
7706047874.jpg,train
7712300090.jpg,train
7714219406.jpg,train
7716783416.jpg,train
7718250352.jpg,train
77328503.jpg,train
7733207968.jpg,train
7745976588.jpg,train
7752365198.jpg,train
7756154092.jpg,train
7756632412.jpg,train
7759743964.jpg,train
7759775732.jpg,train
7759786260.jpg,train
7759821782.jpg,train
7759826578.jpg,train
7774604320.jpg,train
7774901734.jpg,train
7784060060.jpg,train
7789631550.jpg,train
7789901182.jpg,train
7790818414.jpg,train
7815818616.jpg,train
7818126520.jpg,train
7819578984.jpg,train
7823701696.jpg,train
7824705478.jpg,train
7824709136.jpg,train
7824710344.jpg,train
7824715372.jpg,train
78299167.jpg,train
7833733586.jpg,train
7834830712.jpg,train
7841707060.jpg,train
7844245472.jpg,train
7858751904.jpg,train
7863048536.jpg,train
78712048.jpg,train
7873066082.jpg,train
7873587360.jpg,train
7873804598.jpg,train
7874381976.jpg,train
7878258052.jpg,train
7878702292.jpg,train
7884166484.jpg,train
7885528808.jpg,train
7885967460.jpg,train
7892402178.jpg,train
7892978248.jpg,train
7894180288.jpg,train
7895171784.jpg,train
7895460604.jpg,train
7900275866.jpg,train
7902840852.jpg,train
7903311954.jpg,train
790663291.jpg,train
7920465374.jpg,train
7924672190.jpg,train
7931418.jpg,train
7933660700.jpg,train
7941947804.jpg,train
79468575.jpg,train
7962633870.jpg,train
7962635238.jpg,train
7962637254.jpg,train
7962637458.jpg,train
7962638188.jpg,train
7962638652.jpg,train
7962640292.jpg,train
7962640702.jpg,train
7964892846.jpg,train
7970329560.jpg,train
7976018277.jpg,train
7976094350.jpg,train
79765223.jpg,train
7979315450.jpg,train
7979317766.jpg,train
7979322124.jpg,train
7981677195.jpg,train
7981677746.jpg,train
79842242.jpg,train
7984398789.jpg,train
7984514281.jpg,train
7985210558.jpg,train
7985219122.jpg,train
7985303368.jpg,train
7985674601.jpg,train
7985676439.jpg,train
7985678583.jpg,train
7985740550.jpg,train
7985881021.jpg,train
7989000434.jpg,train
798958737.jpg,train
7990829162.jpg,train
7991384166.jpg,train
7991919331.jpg,train
7997826021.jpg,train
7997831204.jpg,train
7999834769.jpg,train
8002953263.jpg,train
8002954471.jpg,train
8002958222.jpg,train
8003916681.jpg,train
8011369532.jpg,train
8019174641.jpg,train
8021527431.jpg,train
8023696326.jpg,train
8026157124.jpg,train
8030095596.jpg,train
8039416026.jpg,train
8039495240.jpg,train
8039993488.jpg,train
8039993985.jpg,train
8045061350.jpg,train
8050293081.jpg,train
8050913337.jpg,train
8050961462.jpg,train
8052117318.jpg,train
8054380070.jpg,train
8054399549.jpg,train
8064888640.jpg,train
8072364623.jpg,train
8072551304.jpg,train
8074333345.jpg,train
80744613.jpg,train
8078004442.jpg,train
8078008036.jpg,train
8078009906.jpg,train
808319563.jpg,train
8085960577.jpg,train
8089772437.jpg,train
8090840356.jpg,train
8094666700.jpg,train
8094685523.jpg,train
8094763540.jpg,train
8102605821.jpg,train
8109021473.jpg,train
8112457502.jpg,train
8116044120.jpg,train
8124746761.jpg,train
8125797900.jpg,train
8129258444.jpg,train
8132000548.jpg,train
81345918.jpg,train
8148745751.jpg,train
8148805504.jpg,train
8150113029.jpg,train
8152693490.jpg,train
815327570.jpg,train
8162134042.jpg,train
8162328117.jpg,train
8166332054.jpg,train
8169767773.jpg,train
8177346711.jpg,train
8195277875.jpg,train
8198959211.jpg,train
8200050700.jpg,train
8205086103.jpg,train
8205116135.jpg,train
8206176074.jpg,train
8206179196.jpg,train
8218920838.jpg,train
8223059945.jpg,train
8223061161.jpg,train
8223063985.jpg,train
8224148062.jpg,train
8224150014.jpg,train
82253015.jpg,train
8228889548.jpg,train
82316314.jpg,train
8231851827.jpg,train
8232566669.jpg,train
8232844284.jpg,train
8234211530.jpg,train
8236824545.jpg,train
824003187.jpg,train
8245089097.jpg,train
8246156146.jpg,train
8247888997.jpg,train
8247889121.jpg,train
8248828200.jpg,train
824986917.jpg,train
82529784.jpg,train
8258061445.jpg,train
8261753332.jpg,train
8262467652.jpg,train
8263269000.jpg,train
8263506930.jpg,train
8263507074.jpg,train
8264907961.jpg,train
8264908027.jpg,train
8264912799.jpg,train
8264915161.jpg,train
8264916565.jpg,train
8266129511.jpg,train
8266129695.jpg,train
8266129973.jpg,train
8266130929.jpg,train
8266131757.jpg,train
8266131925.jpg,train
8267199012.jpg,train
8273207040.jpg,train
8277209854.jpg,train
8280738981.jpg,train
8281137054.jpg,train
8286063351.jpg,train
8286516519.jpg,train
8287120186.jpg,train
8287336721.jpg,train
8287613161.jpg,train
8288002530.jpg,train
8289319673.jpg,train
8290373224.jpg,train
8293312366.jpg,train
8297866857.jpg,train
8298896372.jpg,train
8302141030.jpg,train
8302550722.jpg,train
8308862536.jpg,train
8312417799.jpg,train
8313005678.jpg,train
8320867640.jpg,train
832240750.jpg,train
8322897651.jpg,train
8332825025.jpg,train
8333446772.jpg,train
8333878924.jpg,train
8335235633.jpg,train
8341703106.jpg,train
8342463254.jpg,train
8348869118.jpg,train
83514545.jpg,train
8353461630.jpg,train
8354689127.jpg,train
8355753636.jpg,train
8355758146.jpg,train
8358318585.jpg,train
8358941502.jpg,train
8368390960.jpg,train
838007882.jpg,train
8382296839.jpg,train
8385020797.jpg,train
8385037893.jpg,train
8386097668.jpg,train
8386098680.jpg,train
8386106856.jpg,train
8389883864.jpg,train
8392630269.jpg,train
839822319.jpg,train
840393851.jpg,train
8407055506.jpg,train
8410288653.jpg,train
8421235439.jpg,train
8426220614.jpg,train
8426224748.jpg,train
8427191613.jpg,train
8427194789.jpg,train
8427221331.jpg,train
8427354637.jpg,train
8428297462.jpg,train
8428304926.jpg,train
8428320724.jpg,train
8431546267.jpg,train
8431549639.jpg,train
8431555137.jpg,train
8431555469.jpg,train
8432633220.jpg,train
8432638806.jpg,train
8432640986.jpg,train
8432643728.jpg,train
8432663226.jpg,train
8432800123.jpg,train
8436524077.jpg,train
84476437.jpg,train
8447904934.jpg,train
8448655376.jpg,train
8448921702.jpg,train
8457763095.jpg,train
8466522140.jpg,train
8467579322.jpg,train
8469857771.jpg,train
8473413338.jpg,train
847489579.jpg,train
8476402163.jpg,train
8477066729.jpg,train
847912111.jpg,train
848015681.jpg,train
8484734875.jpg,train
8490137342.jpg,train
8492361493.jpg,train
8493598620.jpg,train
8494202527.jpg,train
8494202775.jpg,train
8498546471.jpg,train
8498612067.jpg,train
8498619033.jpg,train
8498623505.jpg,train
8499654634.jpg,train
8499662072.jpg,train
8499662760.jpg,train
8499674398.jpg,train
8499678444.jpg,train
8499692662.jpg,train
8499693772.jpg,train
8499694728.jpg,train
8499712774.jpg,train
8500522824.jpg,train
8501423618.jpg,train
8501424498.jpg,train
8502772969.jpg,train
8502773027.jpg,train
8503295503.jpg,train
8503881366.jpg,train
8503916542.jpg,train
8507251572.jpg,train
8507607925.jpg,train
8510264107.jpg,train
8510782399.jpg,train
8515849886.jpg,train
8515958406.jpg,train
8516083589.jpg,train
8520319236.jpg,train
8533256234.jpg,train
854269149.jpg,train
8547619650.jpg,train
8547985448.jpg,train
8558793493.jpg,train
8560926598.jpg,train
8570311098.jpg,train
8571536634_94ee0d3446_c.jpg,train
8574942661.jpg,train
8578246716.jpg,train
8580371303.jpg,train
8582824274.jpg,train
8584409625.jpg,train
8590540100.jpg,train
8591451908.jpg,train
8591915493.jpg,train
859474126.jpg,train
8602141037.jpg,train
8604634051.jpg,train
8605078846.jpg,train
8608338422.jpg,train
8614327712.jpg,train
86164807.jpg,train
8618199103.jpg,train
8619329628.jpg,train
8621974435.jpg,train
8623312985.jpg,train
8631792863.jpg,train
8632898968.jpg,train
8633292335.jpg,train
8637821604.jpg,train
8639186812.jpg,train
86426303.jpg,train
8644248001.jpg,train
8652156609.jpg,train
8653022193.jpg,train
8655519851.jpg,train
8656626564.jpg,train
8660495452.jpg,train
8661921487.jpg,train
86715718.jpg,train
8672060038.jpg,train
8674343232.jpg,train
8678816102.jpg,train
8685086091.jpg,train
8686205074.jpg,train
8689120986.jpg,train
8689859596.jpg,train
8712502929.jpg,train
8719805535.jpg,train
87211392.jpg,train
8727136268.jpg,train
8730272235.jpg,train
8734330769.jpg,train
8734331893.jpg,train
87349892.jpg,train
8735452398.jpg,train
8735881381.jpg,train
8735901031.jpg,train
8735927497.jpg,train
8735996617.jpg,train
8737000987.jpg,train
8737136946.jpg,train
8738120942.jpg,train
8738121080.jpg,train
8738762754.jpg,train
8742079735.jpg,train
8743830337.jpg,train
8743888063.jpg,train
8744637474.jpg,train
8745005730.jpg,train
8753742664.jpg,train
8753868962.jpg,train
8757611407.jpg,train
8757731768.jpg,train
87634465.jpg,train
8765416576.jpg,train
87672199.jpg,train
8769589663.jpg,train
8790729236.jpg,train
88221185.jpg,train
8848919593.jpg,train
8848924421.jpg,train
8848938815.jpg,train
8848957117.jpg,train
8849526410.jpg,train
8849527248.jpg,train
8849529876.jpg,train
8849539414.jpg,train
8849550980.jpg,train
8849556790.jpg,train
8849561118.jpg,train
8849568640.jpg,train
8849569212.jpg,train
8849571716.jpg,train
8850473943.jpg,train
8850479077.jpg,train
8862354045.jpg,train
8876819819.jpg,train
890080465.jpg,train
890598679.jpg,train
8951628.jpg,train
8985597199.jpg,train
899668941.jpg,train
90009966.jpg,train
90063649.jpg,train
9020543913.jpg,train
9032422361.jpg,train
9032423955.jpg,train
9035348760.jpg,train
9039776029.jpg,train
9047719011.jpg,train
9049630190.jpg,train
9049630728.jpg,train
9050587198.jpg,train
9059032396.jpg,train
9068714333.jpg,train
9068714439.jpg,train
9070939178.jpg,train
90809449.jpg,train
9083072819.jpg,train
9092091747.jpg,train
9093150993.jpg,train
9097648716.jpg,train
91072017.jpg,train
9119172449.jpg,train
9122143163.jpg,train
9131393721.jpg,train
9135902200.jpg,train
9135903420.jpg,train
9139800860.jpg,train
9142167196.jpg,train
9156358101.jpg,train
9156721093.jpg,train
9156722485.jpg,train
9156723007.jpg,train
9156745031.jpg,train
9156746387.jpg,train
9156751385.jpg,train
9156827383.jpg,train
9156893507.jpg,train
9156894921.jpg,train
9156895651.jpg,train
9156896997.jpg,train
9156954013.jpg,train
9156956525.jpg,train
9158576484.jpg,train
9158579568.jpg,train
9158946386.jpg,train
9158951608.jpg,train
9158953126.jpg,train
9158957116.jpg,train
9158957582.jpg,train
9158960410.jpg,train
9158972652.jpg,train
9159007804.jpg,train
9159009076.jpg,train
9159049850.jpg,train
9159052192.jpg,train
9159115428.jpg,train
9159116294.jpg,train
9159117024.jpg,train
9159118606.jpg,train
9159120702.jpg,train
9177010216.jpg,train
9181737762.jpg,train
9181738354.jpg,train
91824765.jpg,train
91857028.jpg,train
91926571.jpg,train
919454971.jpg,train
9198940447.jpg,train
9214605.jpg,train
9223021855.jpg,train
9228687897.jpg,train
9230022.jpg,train
9237617077.jpg,train
9238160948.jpg,train
9239734910.jpg,train
9243127805.jpg,train
9247286491.jpg,train
9256607464.jpg,train
9256634855.jpg,train
926245.jpg,train
9266504021.jpg,train
92683826.jpg,train
927896.jpg,train
928900.jpg,train
9293851499.jpg,train
9299005748.jpg,train
9299404140.jpg,train
9301089426.jpg,train
9308714957.jpg,train
9309887150.jpg,train
931204707.jpg,train
9312146433.jpg,train
9314017980.jpg,train
9325186389.jpg,train
9333252174.jpg,train
93333417.jpg,train
9335285234.jpg,train
9335687032.jpg,train
9340763269.jpg,train
9344738353.jpg,train
9351551492.jpg,train
9352492878.jpg,train
9364647.jpg,train
93760158.jpg,train
93760714.jpg,train
9377387903.jpg,train
9386430162.jpg,train
9393712713.jpg,train
9408253242.jpg,train
9411863343.jpg,train
94216004.jpg,train
9429617543.jpg,train
943311192.jpg,train
9436219905.jpg,train
9438803612.jpg,train
9439479863.jpg,train
9449103978.jpg,train
945171477.jpg,train
9455268552.jpg,train
9459403630.jpg,train
9470526247.jpg,train
9472861851.jpg,train
9480186802.jpg,train
9505647507.jpg,train
9512785737.jpg,train
9512807009.jpg,train
9514167053.jpg,train
9517422142.jpg,train
9524583550.jpg,train
9525500418.jpg,train
9531849830.jpg,train
9538188371.jpg,train
9548971236.jpg,train
9554281125.jpg,train
9562661497.jpg,train
9562663363.jpg,train
9562663627.jpg,train
9565455286.jpg,train
95717568.jpg,train
95717802.jpg,train
9583606873.jpg,train
958725868.jpg,train
9593761315.jpg,train
9595141052.jpg,train
9595836231.jpg,train
95988169.jpg,train
9599886981.jpg,train
9599907975.jpg,train
9599926763.jpg,train
9600029703.jpg,train
9600049805.jpg,train
9600054361.jpg,train
9600062843.jpg,train
9600066513.jpg,train
9600080061.jpg,train
9600083809.jpg,train
9600103771.jpg,train
9600112119.jpg,train
9600159261.jpg,train
9600175669.jpg,train
9600183693.jpg,train
9600194443.jpg,train
9600197951.jpg,train
9600209655.jpg,train
9600236251.jpg,train
9600702002.jpg,train
9601199760.jpg,train
9603133386.jpg,train
9603139784.jpg,train
9603169424.jpg,train
9603206524.jpg,train
9603237484.jpg,train
9603252556.jpg,train
9603310850.jpg,train
9603327038.jpg,train
9603350472.jpg,train
9603360246.jpg,train
9603374010.jpg,train
9603377552.jpg,train
9603448520.jpg,train
9604386724.jpg,train
9607109971.jpg,train
96158486.jpg,train
9631247652.jpg,train
9635491702.jpg,train
9641399779.jpg,train
9648725701.jpg,train
965232368.jpg,train
96584739.jpg,train
9661779193.jpg,train
9661782149.jpg,train
9661785045.jpg,train
9661786569.jpg,train
9665012234.jpg,train
9667909784.jpg,train
9671063623.jpg,train
9671075551.jpg,train
9671087687.jpg,train
9671096793.jpg,train
9672437674.jpg,train
9674307116.jpg,train
9674307892.jpg,train
9701563.jpg,train
9702192277.jpg,train
9702208331.jpg,train
9702211873.jpg,train
97104839.jpg,train
9713131185.jpg,train
9716374131.jpg,train
9717662517.jpg,train
9718468879.jpg,train
9736990459.jpg,train
9743868146.jpg,train
9753202113.jpg,train
9758147564.jpg,train
97628815.jpg,train
9764227364.jpg,train
97658343.jpg,train
9766385863.jpg,train
97669093.jpg,train
9772023746.jpg,train
9781088052.jpg,train
9783532462.jpg,train
9800604825.jpg,train
980453202.jpg,train
98052551.jpg,train
980980167.jpg,train
9824147456.jpg,train
9829452585.jpg,train
9833141356.jpg,train
9849588925.jpg,train
9850451796.jpg,train
986371807.jpg,train
9901533686.jpg,train
9902169866.jpg,train
9902266883.jpg,train
9960213954.jpg,train
9960329594.jpg,train
9968972125.jpg,train
9969050126.jpg,train
9996663346.jpg,train
CA01_01.jpg,train
CA06_0243.jpg,train
CA11_1849.jpg,train
CA15_0944.jpg,train
CA21_0745.jpg,train
CA31_0833.jpg,train
CA46_0250.jpg,train
CS15_0639.jpg,train
CS24_0740.jpg,train
CS27_3030.jpg,train
CS38_1829.jpg,train
HA01_0124.jpg,train
HA06_0925.jpg,train
HA20_0619.jpg,train
HA28_0829.jpg,train
HA32_0632.jpg,train
HA35_0717.jpg,train
HA41_1138.jpg,train
HA42_2225.jpg,train
HS05_0637.jpg,train
HS07_2130.jpg,train
HS08_0723.jpg,train
HS12_0614.jpg,train
HS16_0231.jpg,train
HS21_0836.jpg,train
HS23_1018.jpg,train
HS36_0630.jpg,train
KA13_0626.jpg,train
KA17_0640.jpg,train
KA37_2731.jpg,train
KS05_0622.jpg,train
KS13_0625.jpg,train
KS20_1142.jpg,train
KS22_1134.jpg,train
KS25_2539.jpg,train
KS29_1923.jpg,train
KS31_1321.jpg,train
KS34_1136.jpg,train
KS35_0215.jpg,train
KS40_2620.jpg,train
KS47_0424.jpg,train
KS50_0726.jpg,train
PA28_1848.jpg,train
PA36_1827.jpg,train
PA39_2247.jpg,train
PS04_1822.jpg,train
PS10_1828.jpg,train
PS17_2642.jpg,train
PS18_2741.jpg,train
PS32_2733.jpg,train
PS33_2432.jpg,train
PS44_2638.jpg,train
PS45_2526.jpg,train
PS46_2127.jpg,train
TA26_0736.jpg,train
TA29_1337.jpg,train
TA41_1254.jpg,train
TA47_1353.jpg,train
TS03_0119.jpg,train
TS07_0848.jpg,train
TS14_1147.jpg,train
TS24_0651.jpg,train
TS33_1341.jpg,train
TS50_1149.jpg,train
bing_10.jpg,train
bing_108.jpg,train
bing_12.jpg,train
bing_13.jpg,train
bing_17.jpg,train
bing_1715491097.jpg,train
bing_1715491099.jpg,train
bing_1715491102.jpg,train
bing_1715491149.jpg,train
bing_1715491151.jpg,train
bing_1715491265_2.jpg,train
bing_1715491309.jpg,train
bing_1715491351.jpg,train
bing_1715491476.jpg,train
bing_1715491535.jpg,train
bing_1715491552.jpg,train
bing_1715491629.jpg,train
bing_1715491693.jpg,train
bing_1715491697.jpg,train
bing_1715491774.jpg,train
bing_1715491800.jpg,train
bing_1715491849.jpg,train
bing_1715491854.jpg,train
bing_1715491855.jpg,train
bing_1715491863.jpg,train
bing_1715491986.jpg,train
bing_1715492039.jpg,train
bing_1715492110.jpg,train
bing_1715492117.jpg,train
bing_1715492127.jpg,train
bing_1715492141.jpg,train
bing_1715492212.jpg,train
bing_1715492434.jpg,train
bing_1715492545.jpg,train
bing_1715492552.jpg,train
bing_1715492555.jpg,train
bing_1715492566.jpg,train
bing_1715492703.jpg,train
bing_1715502342.jpg,train
bing_1715502347_2.jpg,train
bing_1715502349_2.jpg,train
bing_1715502364.jpg,train
bing_1715502366_4.jpg,train
bing_1715502378.jpg,train
bing_1715502378_3.jpg,train
bing_1715502390_3.jpg,train
bing_1715502393.jpg,train
bing_1715502398.jpg,train
bing_1715502401_2.jpg,train
bing_1715502403_2.jpg,train
bing_1715502426.jpg,train
bing_1715502431_7.jpg,train
bing_1715502434.jpg,train
bing_1715502451.jpg,train
bing_1715502453_4.jpg,train
bing_1715502457_2.jpg,train
bing_1715502462.jpg,train
bing_1715502463.jpg,train
bing_1715502466.jpg,train
bing_1715502469_2.jpg,train
bing_1715502485_4.jpg,train
bing_1715502534.jpg,train
bing_1715502537.jpg,train
bing_1715502537_4.jpg,train
bing_1715502537_6.jpg,train
bing_1715502541_3.jpg,train
bing_1715502545_5.jpg,train
bing_1715502563.jpg,train
bing_1715502564_2.jpg,train
bing_1715502575_3.jpg,train
bing_1715502576_3.jpg,train
bing_1715502579_2.jpg,train
bing_1715502585.jpg,train
bing_1715502594.jpg,train
bing_1715502618.jpg,train
bing_1715502622_2.jpg,train
bing_1715502622_3.jpg,train
bing_1715502634_4.jpg,train
bing_1715502675.jpg,train
bing_1715502677_4.jpg,train
bing_1715502679_3.jpg,train
bing_1715502680.jpg,train
bing_1715502690_2.jpg,train
bing_1715502711_3.jpg,train
bing_1715502750_3.jpg,train
bing_1715502775.jpg,train
bing_1715502804.jpg,train
bing_1715502826.jpg,train
bing_1715502829_2.jpg,train
bing_1715502829_4.jpg,train
bing_1715502830.jpg,train
bing_1715502831.jpg,train
bing_1715502831_3.jpg,train
bing_1715502832_2.jpg,train
bing_1715502832_4.jpg,train
bing_1715502833_3.jpg,train
bing_1715502879_2.jpg,train
bing_1715503013.jpg,train
bing_1715503036.jpg,train
bing_1715503036_2.jpg,train
bing_1715503038.jpg,train
bing_1715503038_2.jpg,train
bing_1715503038_3.jpg,train
bing_1715503047.jpg,train
bing_1715504812.jpg,train
bing_1715504834.jpg,train
bing_1715504834_2.jpg,train
bing_1715505077.jpg,train
bing_1715505402.jpg,train
bing_1715507106.jpg,train
bing_1715515544.jpg,train
bing_1715515549.jpg,train
bing_1715515584.jpg,train
bing_1715515587.jpg,train
bing_1715515608.jpg,train
bing_1715515617.jpg,train
bing_1715515623_2.jpg,train
bing_1715515625.jpg,train
bing_1715515654.jpg,train
bing_1715515656.jpg,train
bing_1715515660.jpg,train
bing_1715515692.jpg,train
bing_1715515726.jpg,train
bing_1715515728.jpg,train
bing_1715515731.jpg,train
bing_1715515756.jpg,train
bing_1715515770_2.jpg,train
bing_1715515775.jpg,train
bing_1715515796_4.jpg,train
bing_1715515797.jpg,train
bing_1715515797_2.jpg,train
bing_1715515857_3.jpg,train
bing_1715515862.jpg,train
bing_1715515884.jpg,train
bing_1715515953_3.jpg,train
bing_1715515956_2.jpg,train
bing_1715515957.jpg,train
bing_1715515957_2.jpg,train
bing_1715515958.jpg,train
bing_1715515961.jpg,train
bing_1715515969.jpg,train
bing_1715515978_2.jpg,train
bing_1715515988.jpg,train
bing_1715516037.jpg,train
bing_1715516097.jpg,train
bing_1715516104.jpg,train
bing_1715516114.jpg,train
bing_1715516155.jpg,train
bing_1715516196.jpg,train
bing_1715516201.jpg,train
bing_1715516281.jpg,train
bing_1715516373.jpg,train
bing_1715516404.jpg,train
bing_1715516417.jpg,train
bing_1715516484.jpg,train
bing_1715516535.jpg,train
bing_1715516587.jpg,train
bing_1715516785.jpg,train
bing_1715516808.jpg,train
bing_1715516852.jpg,train
bing_1715517068.jpg,train
bing_1715517070.jpg,train
bing_1715517094_3.jpg,train
bing_1715517095.jpg,train
bing_1715517116_2.jpg,train
bing_1715517137_3.jpg,train
bing_1715517202_2.jpg,train
bing_1715517207.jpg,train
bing_1715517276_2.jpg,train
bing_1715517284.jpg,train
bing_1715517307.jpg,train
bing_1715517313.jpg,train
bing_1715517323_2.jpg,train
bing_1715517377.jpg,train
bing_1715517398_2.jpg,train
bing_1715517408.jpg,train
bing_1715517411.jpg,train
bing_1715517413.jpg,train
bing_1715517452_2.jpg,train
bing_1715517454_2.jpg,train
bing_1715517510_2.jpg,train
bing_1715517535.jpg,train
bing_1715517590_2.jpg,train
bing_1715517648_4.jpg,train
bing_1715517656.jpg,train
bing_1715517670.jpg,train
bing_1715517672_3.jpg,train
bing_1715517725_2.jpg,train
bing_1715517726.jpg,train
bing_1715518220_2.jpg,train
bing_1715518221.jpg,train
bing_1715518223.jpg,train
bing_1715518223_3.jpg,train
bing_1715518235.jpg,train
bing_1715518259.jpg,train
bing_1715518362_3.jpg,train
bing_1715518406.jpg,train
bing_1715518585.jpg,train
bing_1715518636.jpg,train
bing_1715518664.jpg,train
bing_1715518710.jpg,train
bing_1715518719.jpg,train
bing_1715518731.jpg,train
bing_1715518737.jpg,train
bing_1715518753.jpg,train
bing_1715518797.jpg,train
bing_1715518876.jpg,train
bing_1715522087.jpg,train
bing_1715522638.jpg,train
bing_1715522649.jpg,train
bing_1715522666.jpg,train
bing_1715522799.jpg,train
bing_1715522863.jpg,train
bing_1715522945.jpg,train
bing_1715523000.jpg,train
bing_1715523045.jpg,train
bing_1715523087.jpg,train
bing_1715523104_2.jpg,train
bing_1715523111.jpg,train
bing_1715523158.jpg,train
bing_1715523159.jpg,train
bing_1715523160_2.jpg,train
bing_1715523177.jpg,train
bing_1715523178.jpg,train
bing_1715523178_1.jpg,train
bing_1715523179.jpg,train
bing_1715523181.jpg,train
bing_1715523182_2.jpg,train
bing_1715523187.jpg,train
bing_1715523190_3.jpg,train
bing_1715523198.jpg,train
bing_1715523199.jpg,train
bing_1715523204.jpg,train
bing_1715523214.jpg,train
bing_1715523224_2.jpg,train
bing_1715523233_4.jpg,train
bing_1715523247.jpg,train
bing_1715523251.jpg,train
bing_1715523293_2.jpg,train
bing_1715523341_3.jpg,train
bing_1715523370.jpg,train
bing_1715523398.jpg,train
bing_1715523399.jpg,train
bing_1715523402_3.jpg,train
bing_1715523440.jpg,train
bing_1715523460_2.jpg,train
bing_1715523460_4.jpg,train
bing_1715523462_2.jpg,train
bing_1715523471_3.jpg,train
bing_1715523513.jpg,train
bing_1715523536.jpg,train
bing_1715523539.jpg,train
bing_1715523540.jpg,train
bing_1715523543_2.jpg,train
bing_1715523545_2.jpg,train
bing_1715523575.jpg,train
bing_1715523586.jpg,train
bing_1715523605.jpg,train
bing_1715523617.jpg,train
bing_1715523665.jpg,train
bing_1715523757.jpg,train
bing_1715523759.jpg,train
bing_1715523779.jpg,train
bing_1715523809.jpg,train
bing_1715523907_2.jpg,train
bing_1715525735.jpg,train
bing_1715525826_2.jpg,train
bing_1715525829.jpg,train
bing_1715650700.jpg,train
bing_1715650701.jpg,train
bing_1715650702_2.jpg,train
bing_1715650708.jpg,train
bing_1715650709_2.jpg,train
bing_1715650711_2.jpg,train
bing_1715650721.jpg,train
bing_1715650722.jpg,train
bing_1715650725.jpg,train
bing_1715650726.jpg,train
bing_1715650731.jpg,train
bing_1715650739.jpg,train
bing_1715650755_2.jpg,train
bing_1715650756.jpg,train
bing_1715650763_2.jpg,train
bing_1715650764.jpg,train
bing_1715650766.jpg,train
bing_1715650766_2.jpg,train
bing_1715650769_2.jpg,train
bing_1715650792.jpg,train
bing_1715650795_2.jpg,train
bing_1715650798.jpg,train
bing_1715650799_3.jpg,train
bing_1715650808.jpg,train
bing_1715650815.jpg,train
bing_1715650825.jpg,train
bing_1715650850_2.jpg,train
bing_1715650891_2.jpg,train
bing_1715650891_4.jpg,train
bing_1715650906_2.jpg,train
bing_1715650962.jpg,train
bing_1715650967.jpg,train
bing_1715650980_2.jpg,train
bing_1715650991.jpg,train
bing_1715651015.jpg,train
bing_1715651204_2.jpg,train
bing_1715651239.jpg,train
bing_1715651241.jpg,train
bing_1715651241_2.jpg,train
bing_1715651256.jpg,train
bing_1715651264.jpg,train
bing_1715651276.jpg,train
bing_1715651297.jpg,train
bing_1715651322.jpg,train
bing_1715651336.jpg,train
bing_1715651354_2.jpg,train
bing_1715651355_2.jpg,train
bing_1715651408.jpg,train
bing_1715651415_2.jpg,train
bing_1715651475.jpg,train
bing_1715651478_2.jpg,train
bing_1715651478_3.jpg,train
bing_1715651543_2.jpg,train
bing_1715652124_2.jpg,train
bing_1715652125_2.jpg,train
bing_1715652126.jpg,train
bing_1715652127_2.jpg,train
bing_1715652129_3.jpg,train
bing_1715652130_3.jpg,train
bing_1715652138_2.jpg,train
bing_1715652143_2.jpg,train
bing_1715652146.jpg,train
bing_1715652148_2.jpg,train
bing_1715652152.jpg,train
bing_1715652156.jpg,train
bing_1715652158.jpg,train
bing_1715652158_2.jpg,train
bing_1715652167.jpg,train
bing_1715652169.jpg,train
bing_1715652203.jpg,train
bing_1715652204.jpg,train
bing_1715652214_2.jpg,train
bing_1715652265.jpg,train
bing_1715652280.jpg,train
bing_1715652283.jpg,train
bing_1715652290.jpg,train
bing_1715652292.jpg,train
bing_1715652319.jpg,train
bing_1715652350.jpg,train
bing_1715652470_2.jpg,train
bing_1715652490.jpg,train
bing_1715652550.jpg,train
bing_1715652639.jpg,train
bing_1715652641.jpg,train
bing_1715652816.jpg,train
bing_1715652887.jpg,train
bing_1715652961.jpg,train
bing_1715652973.jpg,train
bing_1715653032.jpg,train
bing_1715653157.jpg,train
bing_1715655625.jpg,train
bing_1715655755_2.jpg,train
bing_1715655776.jpg,train
bing_1715655784.jpg,train
bing_1715655787.jpg,train
bing_1715655830.jpg,train
bing_1715655836.jpg,train
bing_1715655839.jpg,train
bing_1715655840.jpg,train
bing_1715656242.jpg,train
bing_1715656249.jpg,train
bing_1715656687.jpg,train
bing_1715656774.jpg,train
bing_1715656780.jpg,train
bing_1715656860.jpg,train
bing_1715656881.jpg,train
bing_1715656912.jpg,train
bing_1715656915.jpg,train
bing_1715657133.jpg,train
bing_1715657148.jpg,train
bing_1715657193.jpg,train
bing_1715657291.jpg,train
bing_1715657424.jpg,train
bing_1715657440.jpg,train
bing_1715657502.jpg,train
bing_1715657539.jpg,train
bing_1715657889.jpg,train
bing_1715657909.jpg,train
bing_1715657913.jpg,train
bing_1715657990.jpg,train
bing_1715658029.jpg,train
bing_1715658031.jpg,train
bing_1715658183.jpg,train
bing_1715661830.jpg,train
bing_1715661855.jpg,train
bing_1715661856.jpg,train
bing_1715661896.jpg,train
bing_1715661902.jpg,train
bing_1715661905.jpg,train
bing_1715661917.jpg,train
bing_1715661930.jpg,train
bing_1715661933.jpg,train
bing_1715662018.jpg,train
bing_1715662022.jpg,train
bing_1715662079.jpg,train
bing_1715662120.jpg,train
bing_1715662128.jpg,train
bing_1715662142.jpg,train
bing_1715662232.jpg,train
bing_1715662269.jpg,train
bing_1715662274.jpg,train
bing_1715662323.jpg,train
bing_1715662326.jpg,train
bing_1715662382.jpg,train
bing_1715662423.jpg,train
bing_1715662440.jpg,train
bing_1715662452.jpg,train
bing_1715662456.jpg,train
bing_1715662551.jpg,train
bing_1715662557.jpg,train
bing_1715662682.jpg,train
bing_1715662684.jpg,train
bing_1715662762.jpg,train
bing_1715662937.jpg,train
bing_1715662971.jpg,train
bing_1715662982.jpg,train
bing_1715663054.jpg,train
bing_1715663126.jpg,train
bing_1715663169.jpg,train
bing_1715663176.jpg,train
bing_1715663232.jpg,train
bing_1715663298.jpg,train
bing_1715663391.jpg,train
bing_1715663552.jpg,train
bing_1715663607.jpg,train
bing_1715663618.jpg,train
bing_1715663799.jpg,train
bing_1715663815.jpg,train
bing_1715664118.jpg,train
bing_1715664335.jpg,train
bing_1715664433.jpg,train
bing_1715670356.jpg,train
bing_1715670357_3.jpg,train
bing_1715670358.jpg,train
bing_1715670358_3.jpg,train
bing_1715670359_2.jpg,train
bing_1715670359_3.jpg,train
bing_1715670360_3.jpg,train
bing_1715670361_2.jpg,train
bing_1715670361_4.jpg,train
bing_1715670362.jpg,train
bing_1715670362_3.jpg,train
bing_1715670364.jpg,train
bing_1715670364_3.jpg,train
bing_1715670365_3.jpg,train
bing_1715670369_2.jpg,train
bing_1715670370.jpg,train
bing_1715670372.jpg,train
bing_1715670372_2.jpg,train
bing_1715670373.jpg,train
bing_1715670385.jpg,train
bing_1715670390.jpg,train
bing_1715670397.jpg,train
bing_1715670398.jpg,train
bing_1715670399.jpg,train
bing_1715670403.jpg,train
bing_1715670406.jpg,train
bing_1715670408.jpg,train
bing_1715670408_2.jpg,train
bing_1715670413.jpg,train
bing_1715670414.jpg,train
bing_1715670430.jpg,train
bing_1715670430_2.jpg,train
bing_1715670430_3.jpg,train
bing_1715670431.jpg,train
bing_1715670434.jpg,train
bing_1715670438.jpg,train
bing_1715670442.jpg,train
bing_1715670445.jpg,train
bing_1715670447.jpg,train
bing_1715670451.jpg,train
bing_1715670453_2.jpg,train
bing_1715670458.jpg,train
bing_1715670481.jpg,train
bing_1715670483.jpg,train
bing_1715670488.jpg,train
bing_1715670493_2.jpg,train
bing_1715670494_2.jpg,train
bing_1715670510.jpg,train
bing_1715670524.jpg,train
bing_1715670533.jpg,train
bing_1715670539.jpg,train
bing_1715670544.jpg,train
bing_1715670551.jpg,train
bing_1715670551_1.jpg,train
bing_1715670561.jpg,train
bing_1715670575.jpg,train
bing_1715670575_2.jpg,train
bing_1715670582.jpg,train
bing_1715670583.jpg,train
bing_1715670583_1.jpg,train
bing_1715670590.jpg,train
bing_1715670598.jpg,train
bing_1715670603.jpg,train
bing_1715670605_2.jpg,train
bing_1715670621.jpg,train
bing_1715670622_2.jpg,train
bing_1715670632.jpg,train
bing_1715670644_1.jpg,train
bing_1715670644_2.jpg,train
bing_1715670654_2.jpg,train
bing_1715670656.jpg,train
bing_1715670662.jpg,train
bing_1715670663_2.jpg,train
bing_1715670668.jpg,train
bing_1715670672.jpg,train
bing_1715670675.jpg,train
bing_1715670689.jpg,train
bing_1715670693.jpg,train
bing_1715670694.jpg,train
bing_1715670695_3.jpg,train
bing_1715670711.jpg,train
bing_1715670746.jpg,train
bing_1715670748.jpg,train
bing_1715670755.jpg,train
bing_1715670755_2.jpg,train
bing_1715670780.jpg,train
bing_1715670788_2.jpg,train
bing_1715670795.jpg,train
bing_1715670796.jpg,train
bing_1715670800.jpg,train
bing_1715670809.jpg,train
bing_1715670809_1.jpg,train
bing_1715670811_2.jpg,train
bing_1715670812.jpg,train
bing_1715670817.jpg,train
bing_1715670826_2.jpg,train
bing_1715670829.jpg,train
bing_1715670830_1.jpg,train
bing_1715670833.jpg,train
bing_1715670834.jpg,train
bing_1715670841_2.jpg,train
bing_1715670855.jpg,train
bing_1715670859.jpg,train
bing_1715670906.jpg,train
bing_1715670909.jpg,train
bing_1715670914.jpg,train
bing_1715670927.jpg,train
bing_1715670953.jpg,train
bing_1715671002.jpg,train
bing_1715671003.jpg,train
bing_1715671005_2.jpg,train
bing_1715671018.jpg,train
bing_1715671030.jpg,train
bing_1715671030_4.jpg,train
bing_1715671031.jpg,train
bing_1715671031_2.jpg,train
bing_1715671032.jpg,train
bing_1715671033.jpg,train
bing_1715671033_2.jpg,train
bing_1715671035_3.jpg,train
bing_1715671037_3.jpg,train
bing_1715671049.jpg,train
bing_1715671053.jpg,train
bing_1715671063.jpg,train
bing_1715671074.jpg,train
bing_1715671078.jpg,train
bing_1715671078_2.jpg,train
bing_1715671095_2.jpg,train
bing_1715671095_3.jpg,train
bing_1715671095_4.jpg,train
bing_1715671095_5.jpg,train
bing_1715671097.jpg,train
bing_1715671098_2.jpg,train
bing_1715671099.jpg,train
bing_1715671120.jpg,train
bing_1715671129.jpg,train
bing_1715671216.jpg,train
bing_1715671377.jpg,train
bing_1715671384.jpg,train
bing_1715671389.jpg,train
bing_1715671548.jpg,train
bing_1715671643.jpg,train
bing_1715671657.jpg,train
bing_1715671695.jpg,train
bing_1715671843.jpg,train
bing_1715672061.jpg,train
bing_1715672294.jpg,train
bing_1715672316.jpg,train
bing_1715672324.jpg,train
bing_1715672329.jpg,train
bing_1715672333.jpg,train
bing_1715672442.jpg,train
bing_1715672559.jpg,train
bing_1715672581.jpg,train
bing_1715672663.jpg,train
bing_1715673189.jpg,train
bing_1715673192.jpg,train
bing_1715673203.jpg,train
bing_1715673211.jpg,train
bing_1715673213.jpg,train
bing_1715673225.jpg,train
bing_1715673227_2.jpg,train
bing_1715673235.jpg,train
bing_1715673235_2.jpg,train
bing_1715673236.jpg,train
bing_1715673238.jpg,train
bing_1715673241.jpg,train
bing_1715673256.jpg,train
bing_1715673266_2.jpg,train
bing_1715673291.jpg,train
bing_1715673298.jpg,train
bing_1715673303.jpg,train
bing_1715673321.jpg,train
bing_1715673325.jpg,train
bing_1715673329_2.jpg,train
bing_1715673337_2.jpg,train
bing_1715673345.jpg,train
bing_1715673347.jpg,train
bing_1715673409.jpg,train
bing_1715673419.jpg,train
bing_1715673439.jpg,train
bing_1715673443.jpg,train
bing_1715673464_3.jpg,train
bing_1715673467.jpg,train
bing_1715673482.jpg,train
bing_1715673486_2.jpg,train
bing_1715673496.jpg,train
bing_1715673496_2.jpg,train
bing_1715673497.jpg,train
bing_1715673503.jpg,train
bing_1715673503_2.jpg,train
bing_1715673508_2.jpg,train
bing_1715673523.jpg,train
bing_1715673593.jpg,train
bing_1715673594.jpg,train
bing_1715673594_3.jpg,train
bing_1715673598.jpg,train
bing_1715673611.jpg,train
bing_1715673693.jpg,train
bing_1715673708.jpg,train
bing_1715673711.jpg,train
bing_1715673721.jpg,train
bing_1715673721_3.jpg,train
bing_1715673722_2.jpg,train
bing_1715673722_3.jpg,train
bing_1715673752.jpg,train
bing_1715673759.jpg,train
bing_1715673779_2.jpg,train
bing_1715673804_3.jpg,train
bing_1715673805.jpg,train
bing_1715673808.jpg,train
bing_1715673821.jpg,train
bing_1715673822.jpg,train
bing_1715673851_2.jpg,train
bing_1715673851_3.jpg,train
bing_1715673860.jpg,train
bing_1715673881.jpg,train
bing_1715673902.jpg,train
bing_1715673905.jpg,train
bing_1715673929.jpg,train
bing_1715673942.jpg,train
bing_1715673970.jpg,train
bing_1715674015_3.jpg,train
bing_1715674035_2.jpg,train
bing_1715674048.jpg,train
bing_1715674054.jpg,train
bing_1715674100.jpg,train
bing_1715674140.jpg,train
bing_1715674140_2.jpg,train
bing_1715680011_2.jpg,train
bing_1715680057.jpg,train
bing_1715680077.jpg,train
bing_1715680084.jpg,train
bing_1715680097.jpg,train
bing_1715680097_3.jpg,train
bing_1715680098_2.jpg,train
bing_1715680099_2.jpg,train
bing_1715680100.jpg,train
bing_1715680100_2.jpg,train
bing_1715680102_2.jpg,train
bing_1715680133.jpg,train
bing_1715680145_3.jpg,train
bing_1715680154.jpg,train
bing_1715680199.jpg,train
bing_1715680205.jpg,train
bing_1715680369_2.jpg,train
bing_1715680431.jpg,train
bing_1715680434.jpg,train
bing_1715680530_2.jpg,train
bing_1715680539.jpg,train
bing_1715680965_3.jpg,train
bing_1715680967.jpg,train
bing_1715681097.jpg,train
bing_1715681111_2.jpg,train
bing_1715681113_2.jpg,train
bing_1715681289_3.jpg,train
bing_1715681346_2.jpg,train
bing_1715682548.jpg,train
bing_1715682588.jpg,train
bing_1715682595.jpg,train
bing_1715682597.jpg,train
bing_1715682622.jpg,train
bing_1715682637.jpg,train
bing_1715682682.jpg,train
bing_1715682702.jpg,train
bing_1715682717.jpg,train
bing_1715682719.jpg,train
bing_1715682734.jpg,train
bing_1715682751.jpg,train
bing_1715682759.jpg,train
bing_1715682775.jpg,train
bing_1715682842.jpg,train
bing_1715682861.jpg,train
bing_1715682899.jpg,train
bing_1715682902.jpg,train
bing_1715682907.jpg,train
bing_1715682909.jpg,train
bing_1715682911.jpg,train
bing_1715682939.jpg,train
bing_1715682959.jpg,train
bing_1715682972.jpg,train
bing_1715682985.jpg,train
bing_1715682999.jpg,train
bing_1715683008.jpg,train
bing_1715683023.jpg,train
bing_1715683040.jpg,train
bing_1715683046.jpg,train
bing_1715683059.jpg,train
bing_1715683064.jpg,train
bing_1715683122.jpg,train
bing_1715683125.jpg,train
bing_1715683130.jpg,train
bing_1715683132.jpg,train
bing_1715683135.jpg,train
bing_1715683139.jpg,train
bing_1715683142.jpg,train
bing_1715683233_1.jpg,train
bing_1715683242.jpg,train
bing_1715683256.jpg,train
bing_1715683258.jpg,train
bing_1715683266_2.jpg,train
bing_1715683267_1.jpg,train
bing_1715683271.jpg,train
bing_1715683273.jpg,train
bing_1715683280_2.jpg,train
bing_1715683283.jpg,train
bing_1715683286.jpg,train
bing_1715683286_1.jpg,train
bing_1715683290.jpg,train
bing_1715683304.jpg,train
bing_1715683306.jpg,train
bing_1715683313.jpg,train
bing_1715683401.jpg,train
bing_1715683414.jpg,train
bing_1715683422.jpg,train
bing_1715683424.jpg,train
bing_1715683522.jpg,train
bing_1715683523.jpg,train
bing_1715683610.jpg,train
bing_1715683617.jpg,train
bing_1715683619.jpg,train
bing_1715683621.jpg,train
bing_1715683623.jpg,train
bing_1715683627.jpg,train
bing_1715683643_2.jpg,train
bing_1715683681.jpg,train
bing_1715683682.jpg,train
bing_1715683685.jpg,train
bing_1715683688.jpg,train
bing_1715683691.jpg,train
bing_1715683697.jpg,train
bing_1715683698.jpg,train
bing_1715683713.jpg,train
bing_1715683726.jpg,train
bing_1715683727.jpg,train
bing_1715683728.jpg,train
bing_1715683742.jpg,train
bing_1715683747.jpg,train
bing_1715683766.jpg,train
bing_1715683826.jpg,train
bing_1715683853.jpg,train
bing_1715686897.jpg,train
bing_1715686900.jpg,train
bing_1715688775_2.jpg,train
bing_1715688776_2.jpg,train
bing_1715688776_4.jpg,train
bing_1715688776_5.jpg,train
bing_1715688786_4.jpg,train
bing_1715688788.jpg,train
bing_1715688788_2.jpg,train
bing_1715688789.jpg,train
bing_1715688790_3.jpg,train
bing_1715688791.jpg,train
bing_1715688793.jpg,train
bing_1715688808.jpg,train
bing_1715688814.jpg,train
bing_1715688817.jpg,train
bing_1715688827_2.jpg,train
bing_1715688834.jpg,train
bing_1715688840_2.jpg,train
bing_1715688852.jpg,train
bing_1715688852_2.jpg,train
bing_1715688858.jpg,train
bing_1715688859_3.jpg,train
bing_1715688867_2.jpg,train
bing_1715688872.jpg,train
bing_1715688872_6.jpg,train
bing_1715688873_2.jpg,train
bing_1715688874_2.jpg,train
bing_1715688874_3.jpg,train
bing_1715688876_2.jpg,train
bing_1715688876_3.jpg,train
bing_1715688878.jpg,train
bing_1715688878_2.jpg,train
bing_1715688880_2.jpg,train
bing_1715688881_3.jpg,train
bing_1715688913.jpg,train
bing_1715688913_2.jpg,train
bing_1715688914_2.jpg,train
bing_1715688916.jpg,train
bing_1715688918_3.jpg,train
bing_1715688921.jpg,train
bing_1715689057.jpg,train
bing_1715689090.jpg,train
bing_1715689102.jpg,train
bing_1715689104.jpg,train
bing_1715689110.jpg,train
bing_1715689120.jpg,train
bing_1715689133.jpg,train
bing_1715689136.jpg,train
bing_1715689138.jpg,train
bing_1715689191.jpg,train
bing_1715689479.jpg,train
bing_1715689712.jpg,train
bing_1715689712_2.jpg,train
bing_1715689714_2.jpg,train
bing_1715689717.jpg,train
bing_1715689719.jpg,train
bing_1715689720.jpg,train
bing_1715689722.jpg,train
bing_1715689725.jpg,train
bing_1715689739.jpg,train
bing_1715689762.jpg,train
bing_1715689763_2.jpg,train
bing_1715689778.jpg,train
bing_1715689794.jpg,train
bing_1715689795.jpg,train
bing_1715689800.jpg,train
bing_1715689804.jpg,train
bing_1715689808.jpg,train
bing_1715689811_2.jpg,train
bing_1715689815.jpg,train
bing_1715689825.jpg,train
bing_1715689830_2.jpg,train
bing_1715689836.jpg,train
bing_1715689855_3.jpg,train
bing_1715689856.jpg,train
bing_1715689859.jpg,train
bing_1715689862.jpg,train
bing_1715689897_3.jpg,train
bing_1715689898.jpg,train
bing_1715689899.jpg,train
bing_1715689900_2.jpg,train
bing_1715689900_3.jpg,train
bing_1715689901_2.jpg,train
bing_1715689901_3.jpg,train
bing_1715689901_5.jpg,train
bing_1715689908.jpg,train
bing_1715689909_3.jpg,train
bing_1715689910.jpg,train
bing_1715689912_2.jpg,train
bing_1715689945.jpg,train
bing_1715689946_3.jpg,train
bing_1715689947.jpg,train
bing_1715689948_2.jpg,train
bing_1715689950_2.jpg,train
bing_1715689952_2.jpg,train
bing_1715689953.jpg,train
bing_1715689953_3.jpg,train
bing_1715690143_3.jpg,train
bing_1715690155.jpg,train
bing_1715690156.jpg,train
bing_1715690156_3.jpg,train
bing_1715690330_2.jpg,train
bing_1715690331.jpg,train
bing_1715691153.jpg,train
bing_1715691424.jpg,train
bing_1715691569.jpg,train
bing_1715691578.jpg,train
bing_1715691718.jpg,train
bing_1715692008.jpg,train
bing_1715692107.jpg,train
bing_1715692109.jpg,train
bing_1715692202.jpg,train
bing_1715694065_3.jpg,train
bing_1715694073.jpg,train
bing_1715694114.jpg,train
bing_1715694137.jpg,train
bing_1715694138_2.jpg,train
bing_1715694149_2.jpg,train
bing_1715694152_2.jpg,train
bing_1715694170_2.jpg,train
bing_1715694214.jpg,train
bing_1715694262_2.jpg,train
bing_1715694264_3.jpg,train
bing_1715694300.jpg,train
bing_1715699152.jpg,train
bing_1715699261.jpg,train
bing_1715699297.jpg,train
bing_1715736660.jpg,train
bing_1715736680.jpg,train
bing_1715736701.jpg,train
bing_1715736762.jpg,train
bing_1715736790.jpg,train
bing_1715736853.jpg,train
bing_1715736927.jpg,train
bing_1715736994.jpg,train
bing_1715737082.jpg,train
bing_1715737108.jpg,train
bing_1715737113.jpg,train
bing_1715737116.jpg,train
bing_1715737187.jpg,train
bing_1715737255.jpg,train
bing_1715737283.jpg,train
bing_1715737307.jpg,train
bing_1715737379.jpg,train
bing_1715737384.jpg,train
bing_1715737500.jpg,train
bing_1715737514.jpg,train
bing_1715737521.jpg,train
bing_1715737556.jpg,train
bing_1715737575.jpg,train
bing_1715737579.jpg,train
bing_1715737722.jpg,train
bing_1715737871.jpg,train
bing_1715737990.jpg,train
bing_1715738190.jpg,train
bing_1715738219.jpg,train
bing_1715738350.jpg,train
bing_1715738410.jpg,train
bing_1715738494.jpg,train
bing_1715738740.jpg,train
bing_1715738942.jpg,train
bing_1715738976.jpg,train
bing_1715739157.jpg,train
bing_1715739199.jpg,train
bing_1715739232.jpg,train
bing_1715739795.jpg,train
bing_1715739858.jpg,train
bing_1715740150.jpg,train
bing_1715740351.jpg,train
bing_1715740393.jpg,train
bing_1715740621.jpg,train
bing_1715741028.jpg,train
bing_1715741071.jpg,train
bing_1715741744.jpg,train
bing_1715741994.jpg,train
bing_1715742096.jpg,train
bing_1715742099.jpg,train
bing_1715742695.jpg,train
bing_1715742904.jpg,train
bing_1715743424.jpg,train
bing_1715743970.jpg,train
bing_1715744061.jpg,train
bing_1715744083.jpg,train
bing_1715744637.jpg,train
bing_1715745141.jpg,train
bing_1715745748.jpg,train
bing_1715746277.jpg,train
bing_1715747043.jpg,train
bing_1715747415.jpg,train
bing_1715747903.jpg,train
bing_1715747924.jpg,train
bing_1715749853.jpg,train
bing_1715752261.jpg,train
bing_1715752409.jpg,train
bing_1715752954.jpg,train
bing_1715753008.jpg,train
bing_1715753076.jpg,train
bing_1715753282.jpg,train
bing_1715753559.jpg,train
bing_1715753580.jpg,train
bing_1715753695.jpg,train
bing_1715769791.jpg,train
bing_1715769866.jpg,train
bing_1715769891.jpg,train
bing_1715769903.jpg,train
bing_1715769942.jpg,train
bing_1715769980.jpg,train
bing_1715769987.jpg,train
bing_1715770061.jpg,train
bing_1715770069.jpg,train
bing_1715770141.jpg,train
bing_1715770160.jpg,train
bing_1715770209.jpg,train
bing_1715770318.jpg,train
bing_1715770363.jpg,train
bing_1715770520.jpg,train
bing_1715770668.jpg,train
bing_1715770736.jpg,train
bing_1715770967.jpg,train
bing_1715771265.jpg,train
bing_1715771499.jpg,train
bing_1715771640.jpg,train
bing_1715771697.jpg,train
bing_1715772738.jpg,train
bing_1715772828.jpg,train
bing_1715772908.jpg,train
bing_1715773216.jpg,train
bing_1715773385.jpg,train
bing_1715773783.jpg,train
bing_1715774380.jpg,train
bing_1715774421.jpg,train
bing_1715774424.jpg,train
bing_1715774447.jpg,train
bing_1715774479.jpg,train
bing_1715774483.jpg,train
bing_1715774488.jpg,train
bing_1715774502.jpg,train
bing_1715774573.jpg,train
bing_1715774595.jpg,train
bing_1715774599.jpg,train
bing_1715774643.jpg,train
bing_1715774652.jpg,train
bing_1715774706.jpg,train
bing_1715774795.jpg,train
bing_1715774812.jpg,train
bing_1715774835.jpg,train
bing_1715774922.jpg,train
bing_1715774930.jpg,train
bing_1715774946.jpg,train
bing_1715774956.jpg,train
bing_1715775004.jpg,train
bing_1715775031.jpg,train
bing_1715775133.jpg,train
bing_1715775170.jpg,train
bing_1715775173.jpg,train
bing_1715775209.jpg,train
bing_1715775270.jpg,train
bing_1715775275.jpg,train
bing_1715775298.jpg,train
bing_1715775368.jpg,train
bing_1715775369.jpg,train
bing_1715775422.jpg,train
bing_1715775424.jpg,train
bing_1715775504.jpg,train
bing_1715775508.jpg,train
bing_1715775563.jpg,train
bing_1715775665.jpg,train
bing_1715775754.jpg,train
bing_1715775809.jpg,train
bing_1715775841.jpg,train
bing_1715775854.jpg,train
bing_1715775928.jpg,train
bing_1715775949.jpg,train
bing_1715775978.jpg,train
bing_1715775982.jpg,train
bing_1715776038.jpg,train
bing_1715776089.jpg,train
bing_1715776180.jpg,train
bing_1715776196.jpg,train
bing_1715776220.jpg,train
bing_1715776268.jpg,train
bing_1715776271.jpg,train
bing_1715776290_2.jpg,train
bing_1715776295.jpg,train
bing_1715776300_2.jpg,train
bing_1715776301.jpg,train
bing_1715776308_3.jpg,train
bing_1715776309.jpg,train
bing_1715776310.jpg,train
bing_1715776311_3.jpg,train
bing_1715776318_4.jpg,train
bing_1715776329.jpg,train
bing_1715776348.jpg,train
bing_1715776379_2.jpg,train
bing_1715776380.jpg,train
bing_1715776381_2.jpg,train
bing_1715776382.jpg,train
bing_1715776383.jpg,train
bing_1715776388_3.jpg,train
bing_1715776407.jpg,train
bing_1715776411.jpg,train
bing_1715776416.jpg,train
bing_1715776419.jpg,train
bing_1715776424.jpg,train
bing_1715776429.jpg,train
bing_1715776432.jpg,train
bing_1715776456.jpg,train
bing_1715776478.jpg,train
bing_1715776493_2.jpg,train
bing_1715776500_3.jpg,train
bing_1715776500_4.jpg,train
bing_1715776501.jpg,train
bing_1715776505.jpg,train
bing_1715776507.jpg,train
bing_1715776516.jpg,train
bing_1715776531_2.jpg,train
bing_1715776540.jpg,train
bing_1715776551.jpg,train
bing_1715776600.jpg,train
bing_1715776633.jpg,train
bing_1715776637.jpg,train
bing_1715776638_3.jpg,train
bing_1715776639_3.jpg,train
bing_1715776661.jpg,train
bing_1715776664.jpg,train
bing_1715776708.jpg,train
bing_1715776712.jpg,train
bing_1715776715.jpg,train
bing_1715776718.jpg,train
bing_1715776718_2.jpg,train
bing_1715776750.jpg,train
bing_1715776851_2.jpg,train
bing_1715776864.jpg,train
bing_1715776867.jpg,train
bing_1715776871_2.jpg,train
bing_1715776895.jpg,train
bing_1715776918.jpg,train
bing_1715776918_2.jpg,train
bing_1715776919.jpg,train
bing_1715776920.jpg,train
bing_1715776928.jpg,train
bing_1715776929.jpg,train
bing_1715776944_2.jpg,train
bing_1715776958_2.jpg,train
bing_1715776977.jpg,train
bing_1715777029.jpg,train
bing_1715777047.jpg,train
bing_1715777053.jpg,train
bing_1715777156.jpg,train
bing_1715777266.jpg,train
bing_1715777279.jpg,train
bing_1715777291.jpg,train
bing_1715777427.jpg,train
bing_1715777497.jpg,train
bing_1715777535.jpg,train
bing_1715777554.jpg,train
bing_1715777569.jpg,train
bing_1715777596.jpg,train
bing_1715777608.jpg,train
bing_1715777633.jpg,train
bing_1715777665.jpg,train
bing_1715777686.jpg,train
bing_1715777692.jpg,train
bing_1715777711.jpg,train
bing_1715777791.jpg,train
bing_1715777871.jpg,train
bing_1715777918.jpg,train
bing_1715777961.jpg,train
bing_1715778001.jpg,train
bing_1715778054.jpg,train
bing_1715778364.jpg,train
bing_1715778371.jpg,train
bing_1715778384.jpg,train
bing_1715778410.jpg,train
bing_1715778411.jpg,train
bing_1715778441.jpg,train
bing_1715778462.jpg,train
bing_1715778464.jpg,train
bing_1715778469.jpg,train
bing_1715778480.jpg,train
bing_1715778500.jpg,train
bing_1715778511.jpg,train
bing_1715778556_1.jpg,train
bing_1715778590.jpg,train
bing_1715778700.jpg,train
bing_1715778775.jpg,train
bing_1715778806.jpg,train
bing_1715778823.jpg,train
bing_1715778890.jpg,train
bing_1715778893.jpg,train
bing_1715778934.jpg,train
bing_1715778944.jpg,train
bing_1715779013.jpg,train
bing_1715779028.jpg,train
bing_1715779042.jpg,train
bing_1715779097.jpg,train
bing_1715779102_2.jpg,train
bing_1715779105.jpg,train
bing_1715779214.jpg,train
bing_1715779227.jpg,train
bing_1715779230.jpg,train
bing_1715779295.jpg,train
bing_1715779304.jpg,train
bing_1715779372.jpg,train
bing_1715779440.jpg,train
bing_1715779446.jpg,train
bing_1715779509.jpg,train
bing_1715779529.jpg,train
bing_1715779609.jpg,train
bing_1715779618.jpg,train
bing_1715779620.jpg,train
bing_1715779637.jpg,train
bing_1715779645.jpg,train
bing_1715779664.jpg,train
bing_1715779683_2.jpg,train
bing_1715779706.jpg,train
bing_1715779726.jpg,train
bing_1715779840_2.jpg,train
bing_1715779843_2.jpg,train
bing_1715779879.jpg,train
bing_1715779905.jpg,train
bing_1715779947_2.jpg,train
bing_1715779999.jpg,train
bing_1715780430.jpg,train
bing_1715780520.jpg,train
bing_1715780579.jpg,train
bing_1715780617.jpg,train
bing_1715782169.jpg,train
bing_1715782177.jpg,train
bing_1715782336.jpg,train
bing_1715782548.jpg,train
bing_1715782563.jpg,train
bing_1715782607.jpg,train
bing_1715783040.jpg,train
bing_1715783180.jpg,train
bing_1715783237.jpg,train
bing_1715783282.jpg,train
bing_1715783610.jpg,train
bing_1715783802.jpg,train
bing_1715784331.jpg,train
bing_1715784704.jpg,train
bing_1715821255.jpg,train
bing_1715821260.jpg,train
bing_1715821319.jpg,train
bing_1715821319_2.jpg,train
bing_1715821320.jpg,train
bing_1715821320_4.jpg,train
bing_1715821320_5.jpg,train
bing_1715821323.jpg,train
bing_1715821324_2.jpg,train
bing_1715821329.jpg,train
bing_1715821329_3.jpg,train
bing_1715821329_4.jpg,train
bing_1715821330_2.jpg,train
bing_1715821332.jpg,train
bing_1715821332_4.jpg,train
bing_1715821347.jpg,train
bing_1715821349_2.jpg,train
bing_1715821362.jpg,train
bing_1715821368.jpg,train
bing_1715821378.jpg,train
bing_1715821381.jpg,train
bing_1715821386.jpg,train
bing_1715821390.jpg,train
bing_1715821398.jpg,train
bing_1715821401.jpg,train
bing_1715821405_3.jpg,train
bing_1715821415.jpg,train
bing_1715821419.jpg,train
bing_1715821434_2.jpg,train
bing_1715821442.jpg,train
bing_1715821445.jpg,train
bing_1715821449.jpg,train
bing_1715821451_2.jpg,train
bing_1715821468.jpg,train
bing_1715821508.jpg,train
bing_1715821508_2.jpg,train
bing_1715821524.jpg,train
bing_1715821526.jpg,train
bing_1715821529_2.jpg,train
bing_1715821542.jpg,train
bing_1715821551.jpg,train
bing_1715821556.jpg,train
bing_1715821561.jpg,train
bing_1715821562.jpg,train
bing_1715821563.jpg,train
bing_1715821567.jpg,train
bing_1715821568_2.jpg,train
bing_1715821576.jpg,train
bing_1715821600.jpg,train
bing_1715821617_2.jpg,train
bing_1715821624.jpg,train
bing_1715821636.jpg,train
bing_1715821637.jpg,train
bing_1715821637_1.jpg,train
bing_1715821639.jpg,train
bing_1715821639_1.jpg,train
bing_1715821644.jpg,train
bing_1715821646.jpg,train
bing_1715821649.jpg,train
bing_1715821671.jpg,train
bing_1715821681.jpg,train
bing_1715821692.jpg,train
bing_1715821710.jpg,train
bing_1715821723_2.jpg,train
bing_1715821725.jpg,train
bing_1715821725_3.jpg,train
bing_1715821732_3.jpg,train
bing_1715821762.jpg,train
bing_1715821781.jpg,train
bing_1715821798.jpg,train
bing_1715821798_2.jpg,train
bing_1715821825.jpg,train
bing_1715821827.jpg,train
bing_1715821828_2.jpg,train
bing_1715821830.jpg,train
bing_1715821854.jpg,train
bing_1715821875_2.jpg,train
bing_1715821890.jpg,train
bing_1715821895_2.jpg,train
bing_1715821918_2.jpg,train
bing_1715821945.jpg,train
bing_1715821956.jpg,train
bing_1715821959.jpg,train
bing_1715821986.jpg,train
bing_1715821992.jpg,train
bing_1715822023.jpg,train
bing_1715822029.jpg,train
bing_1715822033.jpg,train
bing_1715822087.jpg,train
bing_1715822094.jpg,train
bing_1715822097.jpg,train
bing_1715822161_2.jpg,train
bing_1715822176.jpg,train
bing_1715822178.jpg,train
bing_1715822192.jpg,train
bing_1715822257.jpg,train
bing_1715822267.jpg,train
bing_1715822295.jpg,train
bing_1715822331_2.jpg,train
bing_1715822334.jpg,train
bing_1715822338.jpg,train
bing_1715822386.jpg,train
bing_1715822473.jpg,train
bing_1715822476.jpg,train
bing_1715822480.jpg,train
bing_1715822489.jpg,train
bing_1715822497.jpg,train
bing_1715822568.jpg,train
bing_1715822577.jpg,train
bing_1715822581.jpg,train
bing_1715822586.jpg,train
bing_1715822588.jpg,train
bing_1715822590.jpg,train
bing_1715822636.jpg,train
bing_1715822685.jpg,train
bing_1715822686.jpg,train
bing_1715822713.jpg,train
bing_1715822716.jpg,train
bing_1715822743.jpg,train
bing_1715822760.jpg,train
bing_1715822763.jpg,train
bing_1715822786.jpg,train
bing_1715822819.jpg,train
bing_1715822832.jpg,train
bing_1715822838.jpg,train
bing_1715822962.jpg,train
bing_1715822964.jpg,train
bing_1715822967.jpg,train
bing_1715822982.jpg,train
bing_1715823018.jpg,train
bing_1715823024.jpg,train
bing_1715823048.jpg,train
bing_1715823054.jpg,train
bing_1715823104.jpg,train
bing_1715823112.jpg,train
bing_1715823120.jpg,train
bing_1715823261.jpg,train
bing_1715823264.jpg,train
bing_1715823268.jpg,train
bing_1715823282.jpg,train
bing_1715823313.jpg,train
bing_1715823319.jpg,train
bing_1715823345.jpg,train
bing_1715823372.jpg,train
bing_1715823390.jpg,train
bing_1715823392.jpg,train
bing_1715823397.jpg,train
bing_1715823401.jpg,train
bing_1715823409.jpg,train
bing_1715823422.jpg,train
bing_1715823492_2.jpg,train
bing_1715823497.jpg,train
bing_1715823499_2.jpg,train
bing_1715823523.jpg,train
bing_1715823537.jpg,train
bing_1715823557.jpg,train
bing_1715823566_2.jpg,train
bing_1715823574.jpg,train
bing_1715823598.jpg,train
bing_1715823601.jpg,train
bing_1715823628.jpg,train
bing_1715823646.jpg,train
bing_1715823656_2.jpg,train
bing_1715823668.jpg,train
bing_1715823741.jpg,train
bing_1715823751.jpg,train
bing_1715823762.jpg,train
bing_1715823790.jpg,train
bing_1715823812.jpg,train
bing_1715823837_2.jpg,train
bing_1715823847_3.jpg,train
bing_1715823886.jpg,train
bing_1715823888_3.jpg,train
bing_1715823898_2.jpg,train
bing_1715823916.jpg,train
bing_1715823937.jpg,train
bing_1715823954.jpg,train
bing_1715823979.jpg,train
bing_1715823987.jpg,train
bing_1715823987_2.jpg,train
bing_1715823987_3.jpg,train
bing_1715824184.jpg,train
bing_1715824198.jpg,train
bing_1715824210.jpg,train
bing_1715824249.jpg,train
bing_1715824413_2.jpg,train
bing_1715824504.jpg,train
bing_1715824604.jpg,train
bing_1715824756.jpg,train
bing_1715824758.jpg,train
bing_1715824837.jpg,train
bing_1715824872.jpg,train
bing_1715824875.jpg,train
bing_1715825024.jpg,train
bing_1715825100.jpg,train
bing_1715825120.jpg,train
bing_1715825157.jpg,train
bing_1715825158.jpg,train
bing_1715825167.jpg,train
bing_1715825182.jpg,train
bing_1715825222.jpg,train
bing_1715825223.jpg,train
bing_1715825229.jpg,train
bing_1715825243.jpg,train
bing_1715825244.jpg,train
bing_1715825305.jpg,train
bing_1715825369.jpg,train
bing_1715825380.jpg,train
bing_1715825392.jpg,train
bing_1715825427.jpg,train
bing_1715825471.jpg,train
bing_1715825475.jpg,train
bing_1715825542.jpg,train
bing_1715825543.jpg,train
bing_1715825546_2.jpg,train
bing_1715825549_2.jpg,train
bing_1715825554_2.jpg,train
bing_1715825554_3.jpg,train
bing_1715825555.jpg,train
bing_1715825558.jpg,train
bing_1715825561_2.jpg,train
bing_1715825563.jpg,train
bing_1715825576.jpg,train
bing_1715825591.jpg,train
bing_1715825598.jpg,train
bing_1715825608.jpg,train
bing_1715825609.jpg,train
bing_1715825617.jpg,train
bing_1715825623.jpg,train
bing_1715825630.jpg,train
bing_1715825633.jpg,train
bing_1715825652.jpg,train
bing_1715825665.jpg,train
bing_1715825678.jpg,train
bing_1715825681.jpg,train
bing_1715825690_3.jpg,train
bing_1715825700.jpg,train
bing_1715825701.jpg,train
bing_1715825799.jpg,train
bing_1715825800_3.jpg,train
bing_1715825811.jpg,train
bing_1715825823.jpg,train
bing_1715825871.jpg,train
bing_1715825904.jpg,train
bing_1715825925.jpg,train
bing_1715825954.jpg,train
bing_1715825955.jpg,train
bing_1715825967.jpg,train
bing_1715826000.jpg,train
bing_1715826013.jpg,train
bing_1715826042.jpg,train
bing_1715826078.jpg,train
bing_1715826079.jpg,train
bing_1715826089.jpg,train
bing_1715826095.jpg,train
bing_1715826139.jpg,train
bing_1715826155.jpg,train
bing_1715826160_1.jpg,train
bing_1715826198.jpg,train
bing_1715826211.jpg,train
bing_1715826215.jpg,train
bing_1715826240.jpg,train
bing_1715826275.jpg,train
bing_1715826412.jpg,train
bing_1715826635.jpg,train
bing_1715826682.jpg,train
bing_1715826684.jpg,train
bing_1715826759.jpg,train
bing_1715826824.jpg,train
bing_1715826835_3.jpg,train
bing_1715826836.jpg,train
bing_1715826886_2.jpg,train
bing_1715826903.jpg,train
bing_1715826913.jpg,train
bing_1715826938.jpg,train
bing_1715826970.jpg,train
bing_1715826972.jpg,train
bing_1715826975.jpg,train
bing_1715826985.jpg,train
bing_1715826995.jpg,train
bing_1715827011_2.jpg,train
bing_1715827080_2.jpg,train
bing_1715827100.jpg,train
bing_1715827101_3.jpg,train
bing_1715827103.jpg,train
bing_1715827108.jpg,train
bing_1715827335.jpg,train
bing_1715827347.jpg,train
bing_1715827430.jpg,train
bing_1715827696.jpg,train
bing_1715827763.jpg,train
bing_1715827769.jpg,train
bing_1715827772.jpg,train
bing_1715827774.jpg,train
bing_1715827815.jpg,train
bing_1715827818.jpg,train
bing_1715827937.jpg,train
bing_1715827940.jpg,train
bing_1715827947.jpg,train
bing_1715827950.jpg,train
bing_1715827951.jpg,train
bing_1715827954.jpg,train
bing_1715827956.jpg,train
bing_1715827974.jpg,train
bing_1715827979.jpg,train
bing_1715827981.jpg,train
bing_1715827984.jpg,train
bing_1715827986.jpg,train
bing_1715827988.jpg,train
bing_1715827989.jpg,train
bing_1715828018.jpg,train
bing_1715828023.jpg,train
bing_1715828027.jpg,train
bing_1715828028.jpg,train
bing_1715828028_1.jpg,train
bing_1715828029.jpg,train
bing_1715828031.jpg,train
bing_1715828036.jpg,train
bing_1715828043.jpg,train
bing_1715828080.jpg,train
bing_1715828151.jpg,train
bing_1715828156.jpg,train
bing_1715828187.jpg,train
bing_1715828206.jpg,train
bing_1715828212.jpg,train
bing_1715828240.jpg,train
bing_1715828249.jpg,train
bing_1715828275.jpg,train
bing_1715828288.jpg,train
bing_1715828354_2.jpg,train
bing_1715828366.jpg,train
bing_1715828403_2.jpg,train
bing_1715828424.jpg,train
bing_1715828462.jpg,train
bing_1715828489.jpg,train
bing_1715828496.jpg,train
bing_1715828502.jpg,train
bing_1715828511.jpg,train
bing_1715828512.jpg,train
bing_1715828526.jpg,train
bing_1715828531.jpg,train
bing_1715828562_2.jpg,train
bing_1715828572.jpg,train
bing_1715828577.jpg,train
bing_1715828599.jpg,train
bing_1715828618.jpg,train
bing_1715828633.jpg,train
bing_1715828637.jpg,train
bing_1715828639.jpg,train
bing_1715828639_2.jpg,train
bing_1715828640.jpg,train
bing_1715828646_2.jpg,train
bing_1715828662.jpg,train
bing_1715828678.jpg,train
bing_1715828692.jpg,train
bing_1715828709.jpg,train
bing_1715828729.jpg,train
bing_1715828791.jpg,train
bing_1715828922.jpg,train
bing_1715828961.jpg,train
bing_1715829048.jpg,train
bing_1715829204.jpg,train
bing_1715829212.jpg,train
bing_1715829225.jpg,train
bing_1715829241.jpg,train
bing_1715829403.jpg,train
bing_1715829412.jpg,train
bing_1715829606.jpg,train
bing_1715829715.jpg,train
bing_1715829880.jpg,train
bing_1715832351.jpg,train
bing_1715832766.jpg,train
bing_1715834731.jpg,train
bing_1715834732.jpg,train
bing_1715834733_3.jpg,train
bing_1715834733_4.jpg,train
bing_1715834734_2.jpg,train
bing_1715834739.jpg,train
bing_1715834739_2.jpg,train
bing_1715834739_3.jpg,train
bing_1715834740_4.jpg,train
bing_1715834774_3.jpg,train
bing_1715834782.jpg,train
bing_1715834818.jpg,train
bing_1715834823.jpg,train
bing_1715834823_2.jpg,train
bing_1715834825_4.jpg,train
bing_1715834826.jpg,train
bing_1715834845.jpg,train
bing_1715834851.jpg,train
bing_1715834884.jpg,train
bing_1715834897.jpg,train
bing_1715834940.jpg,train
bing_1715834998.jpg,train
bing_1715835024.jpg,train
bing_1715835027.jpg,train
bing_1715835029.jpg,train
bing_1715835047.jpg,train
bing_1715835050_2.jpg,train
bing_1715835057.jpg,train
bing_1715835062.jpg,train
bing_1715835073.jpg,train
bing_1715835081.jpg,train
bing_1715835093.jpg,train
bing_1715835094_2.jpg,train
bing_1715835099.jpg,train
bing_1715835100.jpg,train
bing_1715835105.jpg,train
bing_1715835106_2.jpg,train
bing_1715835132_2.jpg,train
bing_1715835138.jpg,train
bing_1715835140_2.jpg,train
bing_1715835162.jpg,train
bing_1715835162_2.jpg,train
bing_1715835168.jpg,train
bing_1715835175.jpg,train
bing_1715835201.jpg,train
bing_1715835213.jpg,train
bing_1715835217.jpg,train
bing_1715835219_2.jpg,train
bing_1715835224.jpg,train
bing_1715835225.jpg,train
bing_1715835270.jpg,train
bing_1715835279_2.jpg,train
bing_1715835345.jpg,train
bing_1715835376.jpg,train
bing_1715835560.jpg,train
bing_1715835692.jpg,train
bing_1715835793.jpg,train
bing_1715835853.jpg,train
bing_1715835927.jpg,train
bing_1715836025.jpg,train
bing_1715836037.jpg,train
bing_1715836221.jpg,train
bing_1715836431.jpg,train
bing_1715836517.jpg,train
bing_1715836532.jpg,train
bing_1715836659.jpg,train
bing_1715836837.jpg,train
bing_1715837062.jpg,train
bing_1715837123.jpg,train
bing_1715837219.jpg,train
bing_1715838409.jpg,train
bing_1715840184.jpg,train
bing_1715840188.jpg,train
bing_1715840191.jpg,train
bing_1715840195.jpg,train
bing_1715840205_2.jpg,train
bing_1715840220.jpg,train
bing_1715840224.jpg,train
bing_1715840224_2.jpg,train
bing_1715840226.jpg,train
bing_1715840229.jpg,train
bing_1715840232_3.jpg,train
bing_1715840234.jpg,train
bing_1715840235.jpg,train
bing_1715840238_3.jpg,train
bing_1715840239.jpg,train
bing_1715840241.jpg,train
bing_1715840246.jpg,train
bing_1715840247_1.jpg,train
bing_1715840247_2.jpg,train
bing_1715840250_4.jpg,train
bing_1715840254.jpg,train
bing_1715840263.jpg,train
bing_1715840269.jpg,train
bing_1715840274_2.jpg,train
bing_1715840276.jpg,train
bing_1715840278.jpg,train
bing_1715840282.jpg,train
bing_1715840284.jpg,train
bing_1715840287.jpg,train
bing_1715840287_4.jpg,train
bing_1715840289.jpg,train
bing_1715840308.jpg,train
bing_1715840316.jpg,train
bing_1715840318.jpg,train
bing_1715840322.jpg,train
bing_1715840325.jpg,train
bing_1715840327.jpg,train
bing_1715840328.jpg,train
bing_1715840332.jpg,train
bing_1715840332_2.jpg,train
bing_1715840334.jpg,train
bing_1715840336_2.jpg,train
bing_1715840337.jpg,train
bing_1715840338.jpg,train
bing_1715840351_2.jpg,train
bing_1715840351_3.jpg,train
bing_1715840354.jpg,train
bing_1715840356.jpg,train
bing_1715840358_2.jpg,train
bing_1715840371.jpg,train
bing_1715840371_3.jpg,train
bing_1715840384.jpg,train
bing_1715840399.jpg,train
bing_1715840407_2.jpg,train
bing_1715840411.jpg,train
bing_1715840420.jpg,train
bing_1715840445_2.jpg,train
bing_1715840451.jpg,train
bing_1715840451_1.jpg,train
bing_1715840458.jpg,train
bing_1715840478.jpg,train
bing_1715840480.jpg,train
bing_1715840481.jpg,train
bing_1715840483.jpg,train
bing_1715840495.jpg,train
bing_1715840508_2.jpg,train
bing_1715840512.jpg,train
bing_1715840557.jpg,train
bing_1715840583.jpg,train
bing_1715840585.jpg,train
bing_1715840602.jpg,train
bing_1715840623.jpg,train
bing_1715840700.jpg,train
bing_1715840700_2.jpg,train
bing_1715840710.jpg,train
bing_1715840809.jpg,train
bing_1715840823.jpg,train
bing_1715840828_4.jpg,train
bing_1715840829.jpg,train
bing_1715840829_3.jpg,train
bing_1715840866.jpg,train
bing_1715840870.jpg,train
bing_1715840873.jpg,train
bing_1715840873_2.jpg,train
bing_1715840879.jpg,train
bing_1715840895.jpg,train
bing_1715840919.jpg,train
bing_1715840921.jpg,train
bing_1715840923.jpg,train
bing_1715840926.jpg,train
bing_1715840927.jpg,train
bing_1715840958.jpg,train
bing_1715840982.jpg,train
bing_1715840984.jpg,train
bing_1715840993.jpg,train
bing_1715841000.jpg,train
bing_1715841005.jpg,train
bing_1715841007.jpg,train
bing_1715841072.jpg,train
bing_1715841080.jpg,train
bing_1715841105.jpg,train
bing_1715841108.jpg,train
bing_1715841118.jpg,train
bing_1715841131.jpg,train
bing_1715841144.jpg,train
bing_1715841494.jpg,train
bing_1715841517.jpg,train
bing_1715841520.jpg,train
bing_1715841522.jpg,train
bing_1715841534.jpg,train
bing_1715841559.jpg,train
bing_1715841641.jpg,train
bing_1715841649.jpg,train
bing_1715841651.jpg,train
bing_1715842272.jpg,train
bing_1715842327.jpg,train
bing_1715842452.jpg,train
bing_1715842570.jpg,train
bing_1715842628.jpg,train
bing_1715842660.jpg,train
bing_1715842708.jpg,train
bing_1715842751.jpg,train
bing_1715843041.jpg,train
bing_1715843096.jpg,train
bing_1715843101.jpg,train
bing_1715843103.jpg,train
bing_1715843106.jpg,train
bing_1715843360.jpg,train
bing_1715843562.jpg,train
bing_1715843569_2.jpg,train
bing_1715848357.jpg,train
bing_1715848359.jpg,train
bing_1715848400.jpg,train
bing_1715848431.jpg,train
bing_1715848558.jpg,train
bing_1715848569.jpg,train
bing_1715848630.jpg,train
bing_1715848671.jpg,train
bing_1715848693.jpg,train
bing_1715848701.jpg,train
bing_1715848741.jpg,train
bing_1715848741_1.jpg,train
bing_1715848780.jpg,train
bing_1715848839.jpg,train
bing_1715848860.jpg,train
bing_1715848860_2.jpg,train
bing_1715848862_3.jpg,train
bing_1715848864.jpg,train
bing_1715848864_4.jpg,train
bing_1715848865_3.jpg,train
bing_1715848868_1.jpg,train
bing_1715848869_3.jpg,train
bing_1715848869_5.jpg,train
bing_1715848874.jpg,train
bing_1715848875.jpg,train
bing_1715848875_2.jpg,train
bing_1715848884.jpg,train
bing_1715848884_4.jpg,train
bing_1715848885_2.jpg,train
bing_1715848885_3.jpg,train
bing_1715848886_2.jpg,train
bing_1715848887.jpg,train
bing_1715848890.jpg,train
bing_1715848890_5.jpg,train
bing_1715848891.jpg,train
bing_1715848897.jpg,train
bing_1715848899_5.jpg,train
bing_1715848900.jpg,train
bing_1715848909.jpg,train
bing_1715848912.jpg,train
bing_1715848913.jpg,train
bing_1715848917.jpg,train
bing_1715848917_4.jpg,train
bing_1715848917_6.jpg,train
bing_1715848923_3.jpg,train
bing_1715848923_4.jpg,train
bing_1715848924.jpg,train
bing_1715848925.jpg,train
bing_1715848932_2.jpg,train
bing_1715848932_3.jpg,train
bing_1715848933.jpg,train
bing_1715848938.jpg,train
bing_1715848940.jpg,train
bing_1715848940_1.jpg,train
bing_1715848952.jpg,train
bing_1715848955.jpg,train
bing_1715848958.jpg,train
bing_1715848960.jpg,train
bing_1715848977_2.jpg,train
bing_1715848979_2.jpg,train
bing_1715848981.jpg,train
bing_1715848983.jpg,train
bing_1715849005_2.jpg,train
bing_1715849026.jpg,train
bing_1715849028_2.jpg,train
bing_1715849037.jpg,train
bing_1715849039_5.jpg,train
bing_1715849049.jpg,train
bing_1715849055.jpg,train
bing_1715849056_2.jpg,train
bing_1715849057.jpg,train
bing_1715849089.jpg,train
bing_1715849092.jpg,train
bing_1715849094.jpg,train
bing_1715849096_2.jpg,train
bing_1715849099.jpg,train
bing_1715849106.jpg,train
bing_1715849158.jpg,train
bing_1715849172.jpg,train
bing_1715849180.jpg,train
bing_1715849184.jpg,train
bing_1715849188.jpg,train
bing_1715849190.jpg,train
bing_1715849194_3.jpg,train
bing_1715849198.jpg,train
bing_1715849199.jpg,train
bing_1715849204_2.jpg,train
bing_1715849221.jpg,train
bing_1715849266.jpg,train
bing_1715849270.jpg,train
bing_1715849272_2.jpg,train
bing_1715849282.jpg,train
bing_1715849300.jpg,train
bing_1715849313.jpg,train
bing_1715849316.jpg,train
bing_1715849321.jpg,train
bing_1715849343.jpg,train
bing_1715849349.jpg,train
bing_1715849353.jpg,train
bing_1715849385.jpg,train
bing_1715849389_3.jpg,train
bing_1715849407.jpg,train
bing_1715849428.jpg,train
bing_1715849429_2.jpg,train
bing_1715849434_2.jpg,train
bing_1715849445_2.jpg,train
bing_1715849458.jpg,train
bing_1715849468.jpg,train
bing_1715849497.jpg,train
bing_1715849520.jpg,train
bing_1715849583.jpg,train
bing_1715849603.jpg,train
bing_1715849681.jpg,train
bing_1715849725.jpg,train
bing_1715849739.jpg,train
bing_1715849802.jpg,train
bing_1715849835.jpg,train
bing_1715849890.jpg,train
bing_1715849891.jpg,train
bing_1715849910.jpg,train
bing_1715849931.jpg,train
bing_1715849988.jpg,train
bing_1715849989.jpg,train
bing_1715850029.jpg,train
bing_1715850048.jpg,train
bing_1715852150_2.jpg,train
bing_1715852153.jpg,train
bing_1715852158_3.jpg,train
bing_1715852168.jpg,train
bing_1715852197.jpg,train
bing_1715852202.jpg,train
bing_1715852208_2.jpg,train
bing_1715852271.jpg,train
bing_1715852271_2.jpg,train
bing_1715852278.jpg,train
bing_1715852289_2.jpg,train
bing_1715852358.jpg,train
bing_1715852359.jpg,train
bing_1715852372.jpg,train
bing_1715852373.jpg,train
bing_1715852375.jpg,train
bing_1715852537.jpg,train
bing_1715852668_3.jpg,train
bing_1715852881.jpg,train
bing_1715854636.jpg,train
bing_1715854658.jpg,train
bing_1715854934.jpg,train
bing_1715854956.jpg,train
bing_1715854974.jpg,train
bing_1715855081.jpg,train
bing_1715855199.jpg,train
bing_1715855317.jpg,train
bing_1715855427.jpg,train
bing_1715855531.jpg,train
bing_1715855561.jpg,train
bing_1715855775.jpg,train
bing_1715855871.jpg,train
bing_1715855893.jpg,train
bing_1715855933.jpg,train
bing_1715855943.jpg,train
bing_1715855955.jpg,train
bing_1715856176.jpg,train
bing_1715856213.jpg,train
bing_1715856800.jpg,train
bing_1715856852.jpg,train
bing_1715857182.jpg,train
bing_1715858040.jpg,train
bing_1715858043.jpg,train
bing_1715858045.jpg,train
bing_1715858150.jpg,train
bing_1715858174.jpg,train
bing_1715858253.jpg,train
bing_1715858256.jpg,train
bing_1715858299.jpg,train
bing_1715858385.jpg,train
bing_1715858554.jpg,train
bing_1715858652.jpg,train
bing_1715858732.jpg,train
bing_1715858780.jpg,train
bing_1715859127.jpg,train
bing_1715859279.jpg,train
bing_1715859696.jpg,train
bing_1715859743.jpg,train
bing_1715860146.jpg,train
bing_1715860154.jpg,train
bing_1715860282.jpg,train
bing_1715860370.jpg,train
bing_1715860538.jpg,train
bing_1715860697.jpg,train
bing_1715860910.jpg,train
bing_1715861585.jpg,train
bing_1715861722.jpg,train
bing_1715862098_2.jpg,train
bing_1715862099.jpg,train
bing_1715862104.jpg,train
bing_1715862138_2.jpg,train
bing_1715862140.jpg,train
bing_1715862160_2.jpg,train
bing_1715862225.jpg,train
bing_1715862250_2.jpg,train
bing_1715862294.jpg,train
bing_1715862309.jpg,train
bing_1715862322_3.jpg,train
bing_1715862328_2.jpg,train
bing_1715862369.jpg,train
bing_1715862411.jpg,train
bing_1715862605_2.jpg,train
bing_1715862606.jpg,train
bing_1715862656_2.jpg,train
bing_1715862671.jpg,train
bing_1715862936.jpg,train
bing_1715863006.jpg,train
bing_1715863041.jpg,train
bing_1715863078.jpg,train
bing_1715863915.jpg,train
bing_1715864041.jpg,train
bing_1715864150.jpg,train
bing_1715864176.jpg,train
bing_1715864304.jpg,train
bing_1715864369.jpg,train
bing_1715864408.jpg,train
bing_1715864417.jpg,train
bing_1715864533.jpg,train
bing_1715864535.jpg,train
bing_1715864742.jpg,train
bing_1715864749.jpg,train
bing_1715864834.jpg,train
bing_1715865106.jpg,train
bing_1715867957_4.jpg,train
bing_1715867958.jpg,train
bing_1715867993_2.jpg,train
bing_1715868312.jpg,train
bing_1715868489.jpg,train
bing_1715868499.jpg,train
bing_1715868504.jpg,train
bing_1715868565.jpg,train
bing_1715868588.jpg,train
bing_1715868595.jpg,train
bing_1715868601.jpg,train
bing_1715868624.jpg,train
bing_1715868733.jpg,train
bing_1715868880.jpg,train
bing_1715868921.jpg,train
bing_1715868954.jpg,train
bing_1715868988.jpg,train
bing_1715869077.jpg,train
bing_1715869138.jpg,train
bing_1715869350.jpg,train
bing_1715869789.jpg,train
bing_1715869791.jpg,train
bing_1715869842.jpg,train
bing_1715869846.jpg,train
bing_1715869949.jpg,train
bing_1715870014.jpg,train
bing_1715870086.jpg,train
bing_1715870166.jpg,train
bing_1715870226.jpg,train
bing_1715870230.jpg,train
bing_1715870291.jpg,train
bing_1715870443.jpg,train
bing_1715870454.jpg,train
bing_1715870650.jpg,train
bing_1715870760.jpg,train
bing_1715873152.jpg,train
bing_1715909046.jpg,train
bing_1715909207.jpg,train
bing_1715909209_2.jpg,train
bing_1715909212.jpg,train
bing_1715909215.jpg,train
bing_1715909220_2.jpg,train
bing_1715909223.jpg,train
bing_1715909231_3.jpg,train
bing_1715909246.jpg,train
bing_1715909267_2.jpg,train
bing_1715909269.jpg,train
bing_1715909270.jpg,train
bing_1715909270_2.jpg,train
bing_1715909286.jpg,train
bing_1715909288.jpg,train
bing_1715909332.jpg,train
bing_1715909362.jpg,train
bing_1715909364.jpg,train
bing_1715909368.jpg,train
bing_1715909410.jpg,train
bing_1715909411.jpg,train
bing_1715909436.jpg,train
bing_1715909450.jpg,train
bing_1715909460.jpg,train
bing_1715909468.jpg,train
bing_1715909472.jpg,train
bing_1715909473_2.jpg,train
bing_1715909477.jpg,train
bing_1715909477_2.jpg,train
bing_1715909509.jpg,train
bing_1715909517.jpg,train
bing_1715909549.jpg,train
bing_1715909552.jpg,train
bing_1715909572.jpg,train
bing_1715909580.jpg,train
bing_1715909581.jpg,train
bing_1715909583.jpg,train
bing_1715909591.jpg,train
bing_1715909605.jpg,train
bing_1715909610.jpg,train
bing_1715909621.jpg,train
bing_1715909637.jpg,train
bing_1715909657.jpg,train
bing_1715909664.jpg,train
bing_1715909681.jpg,train
bing_1715909687.jpg,train
bing_1715909689.jpg,train
bing_1715909691.jpg,train
bing_1715909710.jpg,train
bing_1715909791.jpg,train
bing_1715909831.jpg,train
bing_1715909832.jpg,train
bing_1715909849.jpg,train
bing_1715910018.jpg,train
bing_1715910211.jpg,train
bing_1715910336.jpg,train
bing_1715910379.jpg,train
bing_1715910446.jpg,train
bing_1715910508_2.jpg,train
bing_1715910677.jpg,train
bing_1715910721.jpg,train
bing_1715910829.jpg,train
bing_1715911395.jpg,train
bing_1715911470.jpg,train
bing_1715911639.jpg,train
bing_1715911775.jpg,train
bing_1715930463.jpg,train
bing_1715930469.jpg,train
bing_1715930554.jpg,train
bing_1715930598.jpg,train
bing_1715930611.jpg,train
bing_1715930613.jpg,train
bing_1715930619.jpg,train
bing_1715930624.jpg,train
bing_1715930630.jpg,train
bing_1715930840.jpg,train
bing_1715930841.jpg,train
bing_1715930843.jpg,train
bing_1715930875.jpg,train
bing_1715930883.jpg,train
bing_1715930947.jpg,train
bing_1715931002.jpg,train
bing_1715931105.jpg,train
bing_1715931117.jpg,train
bing_1715931132.jpg,train
bing_1715931164.jpg,train
bing_1715931169.jpg,train
bing_1715931181.jpg,train
bing_1715931222.jpg,train
bing_1715931228.jpg,train
bing_1715931241.jpg,train
bing_1715931248.jpg,train
bing_1715931272.jpg,train
bing_1715931356.jpg,train
bing_1715931442.jpg,train
bing_1715931447.jpg,train
bing_1715931456.jpg,train
bing_1715931458.jpg,train
bing_1715931486.jpg,train
bing_1715931552.jpg,train
bing_1715931555.jpg,train
bing_1715931556.jpg,train
bing_1715931575.jpg,train
bing_1715931592.jpg,train
bing_1715931645.jpg,train
bing_1715931645_1.jpg,train
bing_1715931663.jpg,train
bing_1715931708.jpg,train
bing_1715931709.jpg,train
bing_1715931738.jpg,train
bing_1715931742.jpg,train
bing_1715931776.jpg,train
bing_1715931804.jpg,train
bing_1715931857.jpg,train
bing_1715931859.jpg,train
bing_1715931917.jpg,train
bing_1715931922.jpg,train
bing_1715932089.jpg,train
bing_1715932228.jpg,train
bing_1715932366.jpg,train
bing_1715932501.jpg,train
bing_1715932535.jpg,train
bing_1715932631.jpg,train
bing_1715932649.jpg,train
bing_1715932712.jpg,train
bing_1715932797.jpg,train
bing_1715932797_2.jpg,train
bing_1715932872.jpg,train
bing_1715932899.jpg,train
bing_1715933128.jpg,train
bing_1715933151.jpg,train
bing_1715933282.jpg,train
bing_1715933364.jpg,train
bing_1715933408.jpg,train
bing_1715933458.jpg,train
bing_1715933479.jpg,train
bing_1715933623.jpg,train
bing_1715933692.jpg,train
bing_1715933971.jpg,train
bing_1715934130.jpg,train
bing_1715934508.jpg,train
bing_1715934555.jpg,train
bing_1715934758.jpg,train
bing_1715934920.jpg,train
bing_1715935044.jpg,train
bing_1715935137.jpg,train
bing_1715935162.jpg,train
bing_1715948222.jpg,train
bing_1715948268.jpg,train
bing_1715948284.jpg,train
bing_1715948313.jpg,train
bing_1715948339.jpg,train
bing_1715948348.jpg,train
bing_1715948367.jpg,train
bing_1715948566.jpg,train
bing_1715948608.jpg,train
bing_1715948620.jpg,train
bing_1715948631.jpg,train
bing_1715948697.jpg,train
bing_1715948787.jpg,train
bing_1715948925.jpg,train
bing_1715949055.jpg,train
bing_1715949359.jpg,train
bing_1715949422.jpg,train
bing_1715949670.jpg,train
bing_1715949705.jpg,train
bing_1715949863.jpg,train
bing_1716168856.jpg,train
bing_1716168861.jpg,train
bing_1716168863.jpg,train
bing_1716168958_1.jpg,train
bing_1716168984.jpg,train
bing_1716168991_1.jpg,train
bing_1716169029.jpg,train
bing_1716169030.jpg,train
bing_1716169036_2.jpg,train
bing_1716169039.jpg,train
bing_1716169063.jpg,train
bing_1716169065.jpg,train
bing_1716169067.jpg,train
bing_1716169067_4.jpg,train
bing_1716169068_2.jpg,train
bing_1716169070_2.jpg,train
bing_1716169072_4.jpg,train
bing_1716169073_2.jpg,train
bing_1716169075_2.jpg,train
bing_1716169075_3.jpg,train
bing_1716169076.jpg,train
bing_1716169077_3.jpg,train
bing_1716169101_2.jpg,train
bing_1716169113.jpg,train
bing_1716169115.jpg,train
bing_1716169123_2.jpg,train
bing_1716169125.jpg,train
bing_1716169126_2.jpg,train
bing_1716169127.jpg,train
bing_1716169129.jpg,train
bing_1716169133.jpg,train
bing_1716169139.jpg,train
bing_1716169147.jpg,train
bing_1716169152.jpg,train
bing_1716169153.jpg,train
bing_1716169158.jpg,train
bing_1716169160_3.jpg,train
bing_1716169179.jpg,train
bing_1716169180.jpg,train
bing_1716169183.jpg,train
bing_1716169188.jpg,train
bing_1716169192.jpg,train
bing_1716169193.jpg,train
bing_1716169199_2.jpg,train
bing_1716169202.jpg,train
bing_1716169203.jpg,train
bing_1716169232.jpg,train
bing_1716169232_1.jpg,train
bing_1716169239.jpg,train
bing_1716169242.jpg,train
bing_1716169242_1.jpg,train
bing_1716169247_3.jpg,train
bing_1716169247_4.jpg,train
bing_1716169252.jpg,train
bing_1716169256.jpg,train
bing_1716169260.jpg,train
bing_1716169260_1.jpg,train
bing_1716169269.jpg,train
bing_1716169269_1.jpg,train
bing_1716169272.jpg,train
bing_1716169273.jpg,train
bing_1716169280.jpg,train
bing_1716169283.jpg,train
bing_1716169284.jpg,train
bing_1716169286.jpg,train
bing_1716169289.jpg,train
bing_1716169295.jpg,train
bing_1716169296.jpg,train
bing_1716169298.jpg,train
bing_1716169322.jpg,train
bing_1716169327.jpg,train
bing_1716169327_2.jpg,train
bing_1716169333 (2).jpg,train
bing_1716169333.jpg,train
bing_1716169335.jpg,train
bing_1716169338.jpg,train
bing_1716169340.jpg,train
bing_1716169344.jpg,train
bing_1716169350.jpg,train
bing_1716169360_2.jpg,train
bing_1716169362.jpg,train
bing_1716169362_2.jpg,train
bing_1716169368 (2).jpg,train
bing_1716169368.jpg,train
bing_1716169370.jpg,train
bing_1716169371_2.jpg,train
bing_1716169372.jpg,train
bing_1716169384.jpg,train
bing_1716169387.jpg,train
bing_1716169393.jpg,train
bing_1716169400.jpg,train
bing_1716169417.jpg,train
bing_1716169421_2.jpg,train
bing_1716169427.jpg,train
bing_1716169432.jpg,train
bing_1716169433.jpg,train
bing_1716169444_2.jpg,train
bing_1716169445.jpg,train
bing_1716169447.jpg,train
bing_1716169453.jpg,train
bing_1716169461.jpg,train
bing_1716169462_2.jpg,train
bing_1716169468.jpg,train
bing_1716169478.jpg,train
bing_1716169481.jpg,train
bing_1716169485.jpg,train
bing_1716169486.jpg,train
bing_1716169487.jpg,train
bing_1716169502.jpg,train
bing_1716169515.jpg,train
bing_1716169524.jpg,train
bing_1716169549.jpg,train
bing_1716169554.jpg,train
bing_1716169569.jpg,train
bing_1716169596.jpg,train
bing_1716169610.jpg,train
bing_1716169612.jpg,train
bing_1716169622_2.jpg,train
bing_1716169624_1.jpg,train
bing_1716169625_3.jpg,train
bing_1716169647.jpg,train
bing_1716169648.jpg,train
bing_1716169655.jpg,train
bing_1716169689.jpg,train
bing_1716169692.jpg,train
bing_1716169795.jpg,train
bing_1716169845.jpg,train
bing_1716169848.jpg,train
bing_1716169860.jpg,train
bing_1716169918.jpg,train
bing_1716169950.jpg,train
bing_1716169974.jpg,train
bing_1716169980.jpg,train
bing_1716170086.jpg,train
bing_1716170101.jpg,train
bing_1716170206.jpg,train
bing_1716170217.jpg,train
bing_1716170437.jpg,train
bing_1716170448.jpg,train
bing_1716170547.jpg,train
bing_1716170550.jpg,train
bing_1716170625.jpg,train
bing_1716170650.jpg,train
bing_1716170687.jpg,train
bing_1716170692.jpg,train
bing_1716170731.jpg,train
bing_1716170759.jpg,train
bing_1716170767.jpg,train
bing_1716170770.jpg,train
bing_1716170840.jpg,train
bing_1716171215.jpg,train
bing_1716171232.jpg,train
bing_1716171257.jpg,train
bing_1716171263.jpg,train
bing_1716171269.jpg,train
bing_1716171488.jpg,train
bing_1716171626.jpg,train
bing_1716171883 (2).jpg,train
bing_1716171883.jpg,train
bing_1716171884_3.jpg,train
bing_1716171885_1.jpg,train
bing_1716171890.jpg,train
bing_1716171894_3.jpg,train
bing_1716171927.jpg,train
bing_1716171927_2.jpg,train
bing_1716171928.jpg,train
bing_1716171928_2.jpg,train
bing_1716171928_3.jpg,train
bing_1716171962_2.jpg,train
bing_1716171998.jpg,train
bing_1716171998_2.jpg,train
bing_1716172000.jpg,train
bing_1716172028.jpg,train
bing_1716172032.jpg,train
bing_1716172053.jpg,train
bing_1716172056.jpg,train
bing_1716172081.jpg,train
bing_1716172088.jpg,train
bing_1716172094_2.jpg,train
bing_1716172106.jpg,train
bing_1716172131.jpg,train
bing_1716172170.jpg,train
bing_1716172180.jpg,train
bing_1716172255.jpg,train
bing_1716172256.jpg,train
bing_1716172266.jpg,train
bing_1716172272_2.jpg,train
bing_1716172297_2.jpg,train
bing_1716172299_2.jpg,train
bing_1716172300.jpg,train
bing_1716172301.jpg,train
bing_1716172302.jpg,train
bing_1716172303.jpg,train
bing_1716172306.jpg,train
bing_1716172316.jpg,train
bing_1716172316_2.jpg,train
bing_1716172318_2.jpg,train
bing_1716172334.jpg,train
bing_1716172346.jpg,train
bing_1716172350.jpg,train
bing_1716172350_2.jpg,train
bing_1716172353_2.jpg,train
bing_1716172355.jpg,train
bing_1716172366.jpg,train
bing_1716172368.jpg,train
bing_1716172432.jpg,train
bing_1716172439.jpg,train
bing_1716172442_3.jpg,train
bing_1716172443.jpg,train
bing_1716172449.jpg,train
bing_1716172455.jpg,train
bing_1716172457.jpg,train
bing_1716172475_2.jpg,train
bing_1716172487.jpg,train
bing_1716172521.jpg,train
bing_1716172545_2.jpg,train
bing_1716172596_3.jpg,train
bing_1716173085.jpg,train
bing_1716173959.jpg,train
bing_1716173960.jpg,train
bing_1716173961_3.jpg,train
bing_1716173962.jpg,train
bing_1716173965_4.jpg,train
bing_1716174005.jpg,train
bing_1716174068.jpg,train
bing_1716174101_4.jpg,train
bing_1716174139.jpg,train
bing_1716174152.jpg,train
bing_1716174159.jpg,train
bing_1716174176.jpg,train
bing_1716174227_2.jpg,train
bing_1716174237.jpg,train
bing_1716174303_2.jpg,train
bing_1716174304.jpg,train
bing_1716174319.jpg,train
bing_1716174340.jpg,train
bing_1716174342.jpg,train
bing_1716174350.jpg,train
bing_1716174363.jpg,train
bing_1716174381.jpg,train
bing_1716174414.jpg,train
bing_1716200191_3.jpg,train
bing_1716200195_3.jpg,train
bing_1716200201_2.jpg,train
bing_1716200226_2.jpg,train
bing_1716200322.jpg,train
bing_1716200324.jpg,train
bing_1716200360.jpg,train
bing_1716200362_3.jpg,train
bing_1716200424.jpg,train
bing_1716200439.jpg,train
bing_1716200476.jpg,train
bing_1716200495_3.jpg,train
bing_1716200574.jpg,train
bing_1716200625.jpg,train
bing_1716201239.jpg,train
bing_1716201276.jpg,train
bing_1716205257_6.jpg,train
bing_1716205328.jpg,train
bing_1716205333_3.jpg,train
bing_1716205346_2.jpg,train
bing_1716205356.jpg,train
bing_1716205356_2.jpg,train
bing_1716205362_2.jpg,train
bing_1716205371 (2).jpg,train
bing_1716205371_4.jpg,train
bing_1716205372.jpg,train
bing_1716205372_2.jpg,train
bing_1716205376.jpg,train
bing_1716205443.jpg,train
bing_1716205456_2.jpg,train
bing_1716205460.jpg,train
bing_1716205478_2.jpg,train
bing_1716205479.jpg,train
bing_1716205480.jpg,train
bing_1716205480_2.jpg,train
bing_1716205488.jpg,train
bing_1716205502.jpg,train
bing_1716205514.jpg,train
bing_1716205516_4.jpg,train
bing_1716205519.jpg,train
bing_1716205554_2.jpg,train
bing_1716205576_3.jpg,train
bing_1716205600_2.jpg,train
bing_1716205637.jpg,train
bing_1716205640_2.jpg,train
bing_1716205654.jpg,train
bing_1716206395.jpg,train
bing_1716206416.jpg,train
bing_1716206528.jpg,train
bing_1716206534.jpg,train
bing_1716206583.jpg,train
bing_1716206603.jpg,train
bing_1716206688.jpg,train
bing_1716206698.jpg,train
bing_1716206768.jpg,train
bing_1716207061.jpg,train
bing_1716207176.jpg,train
bing_1716207283.jpg,train
bing_1716207310.jpg,train
bing_1716207420.jpg,train
bing_1716207530.jpg,train
bing_1716207536.jpg,train
bing_1716207606.jpg,train
bing_1716207624.jpg,train
bing_1716207669.jpg,train
bing_1716207676.jpg,train
bing_1716207713.jpg,train
bing_1716207765.jpg,train
bing_1716515646.jpg,train
bing_1716515695.jpg,train
bing_1716515721.jpg,train
bing_1716515823.jpg,train
bing_1716515915.jpg,train
bing_1716515920.jpg,train
bing_1716516393.jpg,train
bing_1716516413.jpg,train
bing_1716516478.jpg,train
bing_1716516832.jpg,train
bing_1716517246.jpg,train
bing_1716517453.jpg,train
bing_1716517792.jpg,train
bing_1716517794.jpg,train
bing_1716517917.jpg,train
bing_1716518157.jpg,train
bing_1716518207.jpg,train
bing_1716518432.jpg,train
bing_1716518439.jpg,train
bing_1716518604.jpg,train
bing_1716518757.jpg,train
bing_1716518801.jpg,train
bing_1716518836.jpg,train
bing_1716518880.jpg,train
bing_1716518881.jpg,train
bing_1716518968.jpg,train
bing_1716519005.jpg,train
bing_1716519034.jpg,train
bing_1716519098.jpg,train
bing_1716519101.jpg,train
bing_1716519103.jpg,train
bing_1716519105.jpg,train
bing_1716519109.jpg,train
bing_1716519340.jpg,train
bing_1716519342.jpg,train
bing_1716519345.jpg,train
bing_1716519352.jpg,train
bing_1716519358.jpg,train
bing_1716519360.jpg,train
bing_1716519366.jpg,train
bing_1716519373.jpg,train
bing_1716519411 (2).jpg,train
bing_1716519417.jpg,train
bing_1716519426.jpg,train
bing_1716519427.jpg,train
bing_1716519879.jpg,train
bing_1716519883.jpg,train
bing_1716520074.jpg,train
bing_1716520102.jpg,train
bing_1716520106.jpg,train
bing_1716520109.jpg,train
bing_1716520265.jpg,train
bing_1716520326.jpg,train
bing_1716520455.jpg,train
bing_1716520559.jpg,train
bing_1716520599.jpg,train
bing_1716520838.jpg,train
bing_1716521060.jpg,train
bing_1716521069.jpg,train
bing_1716521102.jpg,train
bing_1716521146.jpg,train
bing_1716521347.jpg,train
bing_1716521842.jpg,train
bing_1716521845.jpg,train
bing_1716521967.jpg,train
bing_1716522004.jpg,train
bing_1716522020.jpg,train
bing_1716522178.jpg,train
bing_1716522200_2.jpg,train
bing_1716522201.jpg,train
bing_1716522204.jpg,train
bing_1716522204_2.jpg,train
bing_1716522211.jpg,train
bing_1716522211_7.jpg,train
bing_1716522212.jpg,train
bing_1716522212_2.jpg,train
bing_1716522214_4.jpg,train
bing_1716522217_5.jpg,train
bing_1716522217_6.jpg,train
bing_1716522218_2 (2).jpg,train
bing_1716522218_2.jpg,train
bing_1716522221.jpg,train
bing_1716522221_2.jpg,train
bing_1716522227_2.jpg,train
bing_1716522229.jpg,train
bing_1716522242.jpg,train
bing_1716522244.jpg,train
bing_1716522244_2.jpg,train
bing_1716522245.jpg,train
bing_1716522250.jpg,train
bing_1716522254.jpg,train
bing_1716522256.jpg,train
bing_1716522258_2.jpg,train
bing_1716522259_2.jpg,train
bing_1716522268_2.jpg,train
bing_1716522270.jpg,train
bing_1716522272.jpg,train
bing_1716522288.jpg,train
bing_1716522300.jpg,train
bing_1716522303_3.jpg,train
bing_1716522318.jpg,train
bing_1716522331_1.jpg,train
bing_1716522334.jpg,train
bing_1716522340_2.jpg,train
bing_1716522341.jpg,train
bing_1716522349.jpg,train
bing_1716522369_2 (2).jpg,train
bing_1716522369_2.jpg,train
bing_1716522369_3.jpg,train
bing_1716522403.jpg,train
bing_1716522409.jpg,train
bing_1716522409_2.jpg,train
bing_1716522422_2.jpg,train
bing_1716522428.jpg,train
bing_1716522430_1.jpg,train
bing_1716522434_1.jpg,train
bing_1716522435.jpg,train
bing_1716522439.jpg,train
bing_1716522475_3.jpg,train
bing_1716522496.jpg,train
bing_1716522506.jpg,train
bing_1716522508.jpg,train
bing_1716522511.jpg,train
bing_1716522531.jpg,train
bing_1716522534.jpg,train
bing_1716522537_2.jpg,train
bing_1716522538.jpg,train
bing_1716522610_2.jpg,train
bing_1716522634_2.jpg,train
bing_1716522651.jpg,train
bing_1716522656.jpg,train
bing_1716522656_2.jpg,train
bing_1716522657.jpg,train
bing_1716522662.jpg,train
bing_1716522662_1.jpg,train
bing_1716522688_1.jpg,train
bing_1716522689_1.jpg,train
bing_1716522697_4.jpg,train
bing_1716522698_2.jpg,train
bing_1716522701.jpg,train
bing_1716522738.jpg,train
bing_1716522758.jpg,train
bing_1716522777_5.jpg,train
bing_1716522789.jpg,train
bing_1716522801.jpg,train
bing_1716522813.jpg,train
bing_1716522877_2.jpg,train
bing_1716522879_2.jpg,train
bing_1716522880.jpg,train
bing_1716522891_2.jpg,train
bing_1716522911.jpg,train
bing_1716522914.jpg,train
bing_1716522917.jpg,train
bing_1716522921.jpg,train
bing_1716522928.jpg,train
bing_1716522932_2.jpg,train
bing_1716522950.jpg,train
bing_1716522956_2.jpg,train
bing_1716522957.jpg,train
bing_1716522958_6.jpg,train
bing_1716522960_2.jpg,train
bing_1716522963_2 (2).jpg,train
bing_1716522963_2.jpg,train
bing_1716523005.jpg,train
bing_1716523036.jpg,train
bing_1716523047_2.jpg,train
bing_1716523052.jpg,train
bing_1716523053_2.jpg,train
bing_1716523082.jpg,train
bing_1716523096.jpg,train
bing_1716523108.jpg,train
bing_1716523140.jpg,train
bing_1716523171.jpg,train
bing_1716523172_3.jpg,train
bing_1716523173_3.jpg,train
bing_1716523173_5.jpg,train
bing_1716523174_3.jpg,train
bing_1716523175.jpg,train
bing_1716523175_2.jpg,train
bing_1716523176.jpg,train
bing_1716523176_2.jpg,train
bing_1716523176_3.jpg,train
bing_1716523177_2.jpg,train
bing_1716523178.jpg,train
bing_1716523184.jpg,train
bing_1716523184_2.jpg,train
bing_1716523185.jpg,train
bing_1716523186.jpg,train
bing_1716523186_2.jpg,train
bing_1716523187.jpg,train
bing_1716523187_2.jpg,train
bing_1716523191.jpg,train
bing_1716523192.jpg,train
bing_1716523193_2.jpg,train
bing_1716523194.jpg,train
bing_1716523195.jpg,train
bing_1716523200_2.jpg,train
bing_1716523208_2.jpg,train
bing_1716523224.jpg,train
bing_1716523224_2.jpg,train
bing_1716523224_3.jpg,train
bing_1716523225_2.jpg,train
bing_1716523225_5.jpg,train
bing_1716523226_3.jpg,train
bing_1716523227.jpg,train
bing_1716523227_2.jpg,train
bing_1716523227_6.jpg,train
bing_1716523233_2.jpg,train
bing_1716523234.jpg,train
bing_1716523235_2.jpg,train
bing_1716523244_2.jpg,train
bing_1716523251.jpg,train
bing_1716523252_2.jpg,train
bing_1716523285.jpg,train
bing_1716523288.jpg,train
bing_1716523289.jpg,train
bing_1716523289_2.jpg,train
bing_1716523292.jpg,train
bing_1716523294.jpg,train
bing_1716523296 (2).jpg,train
bing_1716523296 (3).jpg,train
bing_1716523319.jpg,train
bing_1716523328_2.jpg,train
bing_1716523331.jpg,train
bing_1716523337_2.jpg,train
bing_1716523337_3.jpg,train
bing_1716523338.jpg,train
bing_1716523339.jpg,train
bing_1716523339_2.jpg,train
bing_1716523341.jpg,train
bing_1716523351_2.jpg,train
bing_1716523351_5.jpg,train
bing_1716523352.jpg,train
bing_1716523354.jpg,train
bing_1716523356 (2).jpg,train
bing_1716523356.jpg,train
bing_1716523357.jpg,train
bing_1716523361.jpg,train
bing_1716523366_2.jpg,train
bing_1716523369.jpg,train
bing_1716523375_2.jpg,train
bing_1716523409.jpg,train
bing_1716523432.jpg,train
bing_1716523433.jpg,train
bing_1716523434.jpg,train
bing_1716523439.jpg,train
bing_1716523440_2.jpg,train
bing_1716523445.jpg,train
bing_1716523488.jpg,train
bing_1716523491_2.jpg,train
bing_1716523491_3.jpg,train
bing_1716523497_2.jpg,train
bing_1716523500_2.jpg,train
bing_1716523503.jpg,train
bing_1716523505.jpg,train
bing_1716523508.jpg,train
bing_1716523509_3.jpg,train
bing_1716523528_2.jpg,train
bing_1716523531_2.jpg,train
bing_1716523571.jpg,train
bing_1716523581.jpg,train
bing_1716523587.jpg,train
bing_1716523601.jpg,train
bing_1716523608.jpg,train
bing_1716523641.jpg,train
bing_1716523641_2.jpg,train
bing_1716523645_2.jpg,train
bing_1716523647.jpg,train
bing_1716523680.jpg,train
bing_1716523723.jpg,train
bing_1716523725.jpg,train
bing_1716523791.jpg,train
bing_1716523871.jpg,train
bing_1716523910.jpg,train
bing_1716523970.jpg,train
bing_1716524126.jpg,train
bing_1716524257.jpg,train
bing_1716524260_3.jpg,train
bing_1716524277.jpg,train
bing_1716524280.jpg,train
bing_1716524283.jpg,train
bing_1716524286.jpg,train
bing_1716524289.jpg,train
bing_1716524293.jpg,train
bing_1716524312.jpg,train
bing_1716524316.jpg,train
bing_1716524318.jpg,train
bing_1716524325.jpg,train
bing_1716524330.jpg,train
bing_1716524330_1.jpg,train
bing_1716524336.jpg,train
bing_1716524338.jpg,train
bing_1716524345.jpg,train
bing_1716524349.jpg,train
bing_1716524350.jpg,train
bing_1716524350_1.jpg,train
bing_1716524354.jpg,train
bing_1716524355.jpg,train
bing_1716524358.jpg,train
bing_1716524358_1.jpg,train
bing_1716524358_2.jpg,train
bing_1716524363.jpg,train
bing_1716524369.jpg,train
bing_1716524369_2.jpg,train
bing_1716524372_1.jpg,train
bing_1716524393_2.jpg,train
bing_1716524412.jpg,train
bing_1716524418.jpg,train
bing_1716524424_2.jpg,train
bing_1716524434.jpg,train
bing_1716524459.jpg,train
bing_1716524463.jpg,train
bing_1716524479_1.jpg,train
bing_1716524486.jpg,train
bing_1716524487.jpg,train
bing_1716524515_3.jpg,train
bing_1716524531.jpg,train
bing_1716524532.jpg,train
bing_1716524553.jpg,train
bing_1716524584.jpg,train
bing_1716524609.jpg,train
bing_1716524662.jpg,train
bing_1716524679.jpg,train
bing_1716524684.jpg,train
bing_1716524687.jpg,train
bing_1716524696.jpg,train
bing_1716524698.jpg,train
bing_1716524699.jpg,train
bing_1716524706.jpg,train
bing_1716524709.jpg,train
bing_1716524710.jpg,train
bing_1716524732.jpg,train
bing_1716524737.jpg,train
bing_1716524749.jpg,train
bing_1716524763.jpg,train
bing_1716525007.jpg,train
bing_1716525042.jpg,train
bing_1716525042_2.jpg,train
bing_1716525042_3.jpg,train
bing_1716525043_2.jpg,train
bing_1716525044.jpg,train
bing_1716525044_3.jpg,train
bing_1716525044_4.jpg,train
bing_1716525045_3.jpg,train
bing_1716525045_5.jpg,train
bing_1716525046_4.jpg,train
bing_1716525046_5.jpg,train
bing_1716525046_8.jpg,train
bing_1716525047_4.jpg,train
bing_1716525048_3.jpg,train
bing_1716525051_3.jpg,train
bing_1716525052_3.jpg,train
bing_1716525054_2.jpg,train
bing_1716525058.jpg,train
bing_1716525067_2.jpg,train
bing_1716525067_3.jpg,train
bing_1716525070.jpg,train
bing_1716525073.jpg,train
bing_1716525080.jpg,train
bing_1716525099.jpg,train
bing_1716525101.jpg,train
bing_1716525119_6.jpg,train
bing_1716525121_2.jpg,train
bing_1716525123.jpg,train
bing_1716525123_2.jpg,train
bing_1716525123_6.jpg,train
bing_1716525125.jpg,train
bing_1716525129_2.jpg,train
bing_1716525138.jpg,train
bing_1716525140_2.jpg,train
bing_1716525146.jpg,train
bing_1716525155.jpg,train
bing_1716525155_3.jpg,train
bing_1716525162.jpg,train
bing_1716525166.jpg,train
bing_1716525173.jpg,train
bing_1716525174_2.jpg,train
bing_1716525177_2.jpg,train
bing_1716525179_2.jpg,train
bing_1716525185_2.jpg,train
bing_1716525214.jpg,train
bing_1716525231_2.jpg,train
bing_1716525240.jpg,train
bing_1716525278.jpg,train
bing_1716525280.jpg,train
bing_1716525285.jpg,train
bing_1716525305.jpg,train
bing_1716525323_1.jpg,train
bing_1716525328_3.jpg,train
bing_1716525344.jpg,train
bing_1716525344_2.jpg,train
bing_1716525344_3.jpg,train
bing_1716525360.jpg,train
bing_1716525377.jpg,train
bing_1716525386.jpg,train
bing_1716525387.jpg,train
bing_1716525387_1.jpg,train
bing_1716525396.jpg,train
bing_1716525397_2.jpg,train
bing_1716525417_1.jpg,train
bing_1716525420.jpg,train
bing_1716525429.jpg,train
bing_1716525433.jpg,train
bing_1716525441.jpg,train
bing_1716525442.jpg,train
bing_1716525443.jpg,train
bing_1716525444.jpg,train
bing_1716525448.jpg,train
bing_1716525448_1.jpg,train
bing_1716525458.jpg,train
bing_1716525475.jpg,train
bing_1716525477.jpg,train
bing_1716525478.jpg,train
bing_1716525478_1.jpg,train
bing_1716525480_2.jpg,train
bing_1716525482.jpg,train
bing_1716525484.jpg,train
bing_1716525485.jpg,train
bing_1716525490 (2).jpg,train
bing_1716525492.jpg,train
bing_1716525495.jpg,train
bing_1716525495_1.jpg,train
bing_1716525502.jpg,train
bing_1716525508.jpg,train
bing_1716525511.jpg,train
bing_1716525514_2.jpg,train
bing_1716525565.jpg,train
bing_1716525573.jpg,train
bing_1716525575_2.jpg,train
bing_1716525585.jpg,train
bing_1716525593.jpg,train
bing_1716525606.jpg,train
bing_1716525614.jpg,train
bing_1716525616.jpg,train
bing_1716525639.jpg,train
bing_1716525644.jpg,train
bing_1716525652.jpg,train
bing_1716525671.jpg,train
bing_1716525678.jpg,train
bing_1716525682.jpg,train
bing_1716525717.jpg,train
bing_1716525722.jpg,train
bing_1716525771_3.jpg,train
bing_1716525793.jpg,train
bing_1716525808.jpg,train
bing_1716525825.jpg,train
bing_1716525830.jpg,train
bing_1716525884.jpg,train
bing_1716525908.jpg,train
bing_1716525922.jpg,train
bing_1716525926.jpg,train
bing_1716525930.jpg,train
bing_1716525937.jpg,train
bing_1716525996.jpg,train
bing_1716526004.jpg,train
bing_1716526014.jpg,train
bing_1716526040.jpg,train
bing_1716526055.jpg,train
bing_1716526057.jpg,train
bing_1716526067.jpg,train
bing_1716526071.jpg,train
bing_1716526074.jpg,train
bing_1716526083_2.jpg,train
bing_1716526090_1.jpg,train
bing_1716526094.jpg,train
bing_1716526095.jpg,train
bing_1716526095_1.jpg,train
bing_1716526098.jpg,train
bing_1716526107.jpg,train
bing_1716526130.jpg,train
bing_1716526159.jpg,train
bing_1716526163_1.jpg,train
bing_1716526265.jpg,train
bing_1716526288.jpg,train
bing_1716526291.jpg,train
bing_1716526300.jpg,train
bing_1716526369.jpg,train
bing_1716526400.jpg,train
bing_1716526413.jpg,train
bing_1716526438.jpg,train
bing_1716526443.jpg,train
bing_1716526460.jpg,train
bing_1716526591.jpg,train
bing_1716526617.jpg,train
bing_1716526679_3.jpg,train
bing_1716526682.jpg,train
bing_1716526693_2.jpg,train
bing_1716526702.jpg,train
bing_1716526711.jpg,train
bing_1716526712_4.jpg,train
bing_1716526724_2.jpg,train
bing_1716526746.jpg,train
bing_1716526753.jpg,train
bing_1716526771_2.jpg,train
bing_1716526834.jpg,train
bing_1716526834_2.jpg,train
bing_1716526836_2.jpg,train
bing_1716526836_3.jpg,train
bing_1716526873_2.jpg,train
bing_1716526889.jpg,train
bing_1716526901.jpg,train
bing_1716526920.jpg,train
bing_1716526923.jpg,train
bing_1716526924_3.jpg,train
bing_1716526931.jpg,train
bing_1716526962.jpg,train
bing_1716527054_3.jpg,train
bing_1716527060_2.jpg,train
bing_1716527068.jpg,train
bing_1716527068_3.jpg,train
bing_1716527074.jpg,train
bing_1716527092.jpg,train
bing_1716527460_5.jpg,train
bing_1716527466_2.jpg,train
bing_1716527469_2.jpg,train
bing_1716527469_3.jpg,train
bing_1716527471.jpg,train
bing_1716527474.jpg,train
bing_1716527476.jpg,train
bing_1716527484.jpg,train
bing_1716527507.jpg,train
bing_1716527514.jpg,train
bing_1716527522.jpg,train
bing_1716527527.jpg,train
bing_1716527530.jpg,train
bing_1716527538.jpg,train
bing_1716527550.jpg,train
bing_1716527551.jpg,train
bing_1716527551_2.jpg,train
bing_1716527555.jpg,train
bing_1716527559_2.jpg,train
bing_1716527559_3.jpg,train
bing_1716527562.jpg,train
bing_1716527570.jpg,train
bing_1716527573.jpg,train
bing_1716527574_3.jpg,train
bing_1716527578.jpg,train
bing_1716527580.jpg,train
bing_1716527581_3.jpg,train
bing_1716527595.jpg,train
bing_1716527598.jpg,train
bing_1716527608_2.jpg,train
bing_1716527617.jpg,train
bing_1716527618.jpg,train
bing_1716527625_2.jpg,train
bing_1716527626_2.jpg,train
bing_1716527626_2_1.jpg,train
bing_1716527633_2.jpg,train
bing_1716527634.jpg,train
bing_1716527652.jpg,train
bing_1716527691.jpg,train
bing_1716527691_2.jpg,train
bing_1716527699.jpg,train
bing_1716527699_3.jpg,train
bing_1716527700_2.jpg,train
bing_1716527702.jpg,train
bing_1716527702_1.jpg,train
bing_1716527702_2.jpg,train
bing_1716527712.jpg,train
bing_1716527725.jpg,train
bing_1716527728_3.jpg,train
bing_1716527731.jpg,train
bing_1716527732.jpg,train
bing_1716527732_2.jpg,train
bing_1716527742.jpg,train
bing_1716527747.jpg,train
bing_1716527755.jpg,train
bing_1716527779 (2).jpg,train
bing_1716527780.jpg,train
bing_1716527796_2.jpg,train
bing_1716527813 (2).jpg,train
bing_1716527822.jpg,train
bing_1716527825_2.jpg,train
bing_1716527836_1.jpg,train
bing_1716527847_2.jpg,train
bing_1716527852.jpg,train
bing_1716527853 (2).jpg,train
bing_1716527855.jpg,train
bing_1716527873.jpg,train
bing_1716527877.jpg,train
bing_1716527887_2.jpg,train
bing_1716527911_3.jpg,train
bing_1716527913 (2).jpg,train
bing_1716527915.jpg,train
bing_1716527925.jpg,train
bing_1716527934_3.jpg,train
bing_1716528000_2.jpg,train
bing_1716528013.jpg,train
bing_1716528022.jpg,train
bing_1716528039_2.jpg,train
bing_1716528071_2.jpg,train
bing_1716528096.jpg,train
bing_1716528104.jpg,train
bing_1716528124.jpg,train
bing_1716528145.jpg,train
bing_1716528150.jpg,train
bing_1716528167_1.jpg,train
bing_1716528171.jpg,train
bing_1716528175.jpg,train
bing_1716528180.jpg,train
bing_1716528186.jpg,train
bing_1716528190.jpg,train
bing_1716528191.jpg,train
bing_1716528255.jpg,train
bing_1716528268_8.jpg,train
bing_1716528270.jpg,train
bing_1716528279_3.jpg,train
bing_1716528285.jpg,train
bing_1716528285_1.jpg,train
bing_1716528293_4.jpg,train
bing_1716528314.jpg,train
bing_1716528352.jpg,train
bing_1716528364.jpg,train
bing_1716528376_2.jpg,train
bing_1716528376_4.jpg,train
bing_1716528387_1.jpg,train
bing_1716528402.jpg,train
bing_1716528413.jpg,train
bing_1716528418.jpg,train
bing_1716528426.jpg,train
bing_1716528440.jpg,train
bing_1716528443.jpg,train
bing_1716528452_2.jpg,train
bing_1716528456_1.jpg,train
bing_1716528459.jpg,train
bing_1716528461_2.jpg,train
bing_1716528484.jpg,train
bing_1716528486.jpg,train
bing_1716528501.jpg,train
bing_1716528502.jpg,train
bing_1716528513.jpg,train
bing_1716528515_1.jpg,train
bing_1716528519.jpg,train
bing_1716528526.jpg,train
bing_1716528527.jpg,train
bing_1716528529.jpg,train
bing_1716528529_3.jpg,train
bing_1716528532.jpg,train
bing_1716528552.jpg,train
bing_1716528559.jpg,train
bing_1716528561.jpg,train
bing_1716528564_1.jpg,train
bing_1716528594.jpg,train
bing_1716528607.jpg,train
bing_1716528609_1.jpg,train
bing_1716528626.jpg,train
bing_1716528639.jpg,train
bing_1716528644.jpg,train
bing_1716528665.jpg,train
bing_1716528683.jpg,train
bing_1716528691.jpg,train
bing_1716528701.jpg,train
bing_1716528710.jpg,train
bing_1716528716.jpg,train
bing_1716528717_1.jpg,train
bing_1716528725.jpg,train
bing_1716528729_1.jpg,train
bing_1716528737.jpg,train
bing_1716528757.jpg,train
bing_1716528797.jpg,train
bing_1716528816.jpg,train
bing_1716528821_1.jpg,train
bing_1716528842.jpg,train
bing_1716528848.jpg,train
bing_1716528878.jpg,train
bing_1716528905.jpg,train
bing_1716528917_1.jpg,train
bing_1716528919.jpg,train
bing_1716528919_1.jpg,train
bing_1716528958.jpg,train
bing_1716528965.jpg,train
bing_1716528970.jpg,train
bing_1716528999.jpg,train
bing_1716529000.jpg,train
bing_1716529010.jpg,train
bing_1716529031.jpg,train
bing_1716529038.jpg,train
bing_1716529045_1.jpg,train
bing_1716529049.jpg,train
bing_1716529054.jpg,train
bing_1716529058.jpg,train
bing_1716529087.jpg,train
bing_1716529102.jpg,train
bing_1716529102_2.jpg,train
bing_1716529104_2.jpg,train
bing_1716529105_2.jpg,train
bing_1716529105_5.jpg,train
bing_1716529106_1.jpg,train
bing_1716529106_2.jpg,train
bing_1716529107.jpg,train
bing_1716529107_3.jpg,train
bing_1716529107_4.jpg,train
bing_1716529107_5.jpg,train
bing_1716529108_4.jpg,train
bing_1716529109_1.jpg,train
bing_1716529110.jpg,train
bing_1716529111.jpg,train
bing_1716529114.jpg,train
bing_1716529114_2.jpg,train
bing_1716529117.jpg,train
bing_1716529117_1.jpg,train
bing_1716529117_3.jpg,train
bing_1716529117_5.jpg,train
bing_1716529118_3.jpg,train
bing_1716529118_6.jpg,train
bing_1716529122.jpg,train
bing_1716529122_2.jpg,train
bing_1716529125.jpg,train
bing_1716529127_3.jpg,train
bing_1716529128_2.jpg,train
bing_1716529130_2.jpg,train
bing_1716529130_3.jpg,train
bing_1716529130_4.jpg,train
bing_1716529131_1.jpg,train
bing_1716529131_2.jpg,train
bing_1716529154_2.jpg,train
bing_1716529156.jpg,train
bing_1716529161_2.jpg,train
bing_1716529165.jpg,train
bing_1716529166.jpg,train
bing_1716529166_2.jpg,train
bing_1716529166_4.jpg,train
bing_1716529167_3.jpg,train
bing_1716529168_2.jpg,train
bing_1716529169_2.jpg,train
bing_1716529171_2.jpg,train
bing_1716529172.jpg,train
bing_1716529173.jpg,train
bing_1716529176_2.jpg,train
bing_1716529177.jpg,train
bing_1716529185.jpg,train
bing_1716529187.jpg,train
bing_1716529188.jpg,train
bing_1716529188_2.jpg,train
bing_1716529189_2.jpg,train
bing_1716529191.jpg,train
bing_1716529193_2.jpg,train
bing_1716529194.jpg,train
bing_1716529204_1.jpg,train
bing_1716529207.jpg,train
bing_1716529208.jpg,train
bing_1716529208_2.jpg,train
bing_1716529211.jpg,train
bing_1716529212_2.jpg,train
bing_1716529212_3.jpg,train
bing_1716529214_4.jpg,train
bing_1716529216.jpg,train
bing_1716529216_2.jpg,train
bing_1716529216_4.jpg,train
bing_1716529217.jpg,train
bing_1716529222.jpg,train
bing_1716529225.jpg,train
bing_1716529228.jpg,train
bing_1716529236_1.jpg,train
bing_1716529238_2.jpg,train
bing_1716529241.jpg,train
bing_1716529241_3.jpg,train
bing_1716529243.jpg,train
bing_1716529250.jpg,train
bing_1716529253_2.jpg,train
bing_1716529256_2.jpg,train
bing_1716529261_3.jpg,train
bing_1716529261_4.jpg,train
bing_1716529261_5.jpg,train
bing_1716529262.jpg,train
bing_1716529266_2.jpg,train
bing_1716529269.jpg,train
bing_1716529269_3.jpg,train
bing_1716529272_3.jpg,train
bing_1716529272_4.jpg,train
bing_1716529273.jpg,train
bing_1716529273_3.jpg,train
bing_1716529274_3.jpg,train
bing_1716529276.jpg,train
bing_1716529276_4.jpg,train
bing_1716529279.jpg,train
bing_1716529286.jpg,train
bing_1716529286_1.jpg,train
bing_1716529292.jpg,train
bing_1716529293_2.jpg,train
bing_1716529293_3.jpg,train
bing_1716529293_4.jpg,train
bing_1716529300_2.jpg,train
bing_1716529302.jpg,train
bing_1716529307.jpg,train
bing_1716529311.jpg,train
bing_1716529319_1.jpg,train
bing_1716529323.jpg,train
bing_1716529328.jpg,train
bing_1716529328_2.jpg,train
bing_1716529329_2.jpg,train
bing_1716529340.jpg,train
bing_1716529344.jpg,train
bing_1716529344_2.jpg,train
bing_1716529345_2.jpg,train
bing_1716529349.jpg,train
bing_1716529355.jpg,train
bing_1716529355_3.jpg,train
bing_1716529358.jpg,train
bing_1716529360.jpg,train
bing_1716529363.jpg,train
bing_1716529367.jpg,train
bing_1716529368.jpg,train
bing_1716529369.jpg,train
bing_1716529373.jpg,train
bing_1716529376.jpg,train
bing_1716529382.jpg,train
bing_1716529383.jpg,train
bing_1716529383_3.jpg,train
bing_1716529393.jpg,train
bing_1716529402.jpg,train
bing_1716529412.jpg,train
bing_1716529413.jpg,train
bing_1716529429.jpg,train
bing_1716529442.jpg,train
bing_1716529442_1.jpg,train
bing_1716529454.jpg,train
bing_1716529462.jpg,train
bing_1716529463.jpg,train
bing_1716529470.jpg,train
bing_1716529472.jpg,train
bing_1716529481_2.jpg,train
bing_1716529484.jpg,train
bing_1716529484_2.jpg,train
bing_1716529491_2.jpg,train
bing_1716529502_2.jpg,train
bing_1716529516.jpg,train
bing_1716529550.jpg,train
bing_1716529576.jpg,train
bing_1716529621.jpg,train
bing_1716529684.jpg,train
bing_1716529828.jpg,train
bing_1716529831.jpg,train
bing_1716529846.jpg,train
bing_1716529846_2.jpg,train
bing_1716529854_2.jpg,train
bing_1716529856.jpg,train
bing_1716529872.jpg,train
bing_1716529878.jpg,train
bing_1716529880_3.jpg,train
bing_1716529887_3.jpg,train
bing_1716529909_2.jpg,train
bing_1716529936_2.jpg,train
bing_1716529937_2.jpg,train
bing_1716529941.jpg,train
bing_1716529950.jpg,train
bing_1716529951.jpg,train
bing_1716529959.jpg,train
bing_1716529982.jpg,train
bing_1716529988.jpg,train
bing_1716529997_2.jpg,train
bing_1716530041_2.jpg,train
bing_1716530103.jpg,train
bing_1716530109.jpg,train
bing_1716530114_2.jpg,train
bing_1716530206.jpg,train
bing_1716530207.jpg,train
bing_1716530238_2.jpg,train
bing_1716530239_2.jpg,train
bing_1716530239_3.jpg,train
bing_1716530239_4.jpg,train
bing_1716530242_4.jpg,train
bing_1716530244.jpg,train
bing_1716530245.jpg,train
bing_1716530248_2.jpg,train
bing_1716530261.jpg,train
bing_1716530261_4.jpg,train
bing_1716530268.jpg,train
bing_1716530277.jpg,train
bing_1716530286_4.jpg,train
bing_1716530299.jpg,train
bing_1716530301.jpg,train
bing_1716530302.jpg,train
bing_1716530303_2.jpg,train
bing_1716530307.jpg,train
bing_1716530311.jpg,train
bing_1716530313_3.jpg,train
bing_1716530324.jpg,train
bing_1716530327.jpg,train
bing_1716530331.jpg,train
bing_1716530333.jpg,train
bing_1716530344.jpg,train
bing_1716530348.jpg,train
bing_1716530352.jpg,train
bing_1716530352_2.jpg,train
bing_1716530357.jpg,train
bing_1716530363.jpg,train
bing_1716530376.jpg,train
bing_1716530379.jpg,train
bing_1716530382.jpg,train
bing_1716530388.jpg,train
bing_1716530389.jpg,train
bing_1716530390.jpg,train
bing_1716530391.jpg,train
bing_1716530396.jpg,train
bing_1716530399.jpg,train
bing_1716530400_2.jpg,train
bing_1716530405.jpg,train
bing_1716530407.jpg,train
bing_1716530411.jpg,train
bing_1716530415.jpg,train
bing_1716530456.jpg,train
bing_1716530456_2.jpg,train
bing_1716530461_2.jpg,train
bing_1716530465.jpg,train
bing_1716530473.jpg,train
bing_1716530491.jpg,train
bing_1716530491_2.jpg,train
bing_1716530494.jpg,train
bing_1716530499.jpg,train
bing_1716530499_2.jpg,train
bing_1716530509_2.jpg,train
bing_1716530522_4.jpg,train
bing_1716530525.jpg,train
bing_1716530529.jpg,train
bing_1716530539.jpg,train
bing_1716530540.jpg,train
bing_1716530587.jpg,train
bing_1716530588_1.jpg,train
bing_1716530598.jpg,train
bing_1716530598_2.jpg,train
bing_1716530606_2.jpg,train
bing_1716530610.jpg,train
bing_1716530611.jpg,train
bing_1716530611_2.jpg,train
bing_1716530611_5.jpg,train
bing_1716530637_2.jpg,train
bing_1716530655.jpg,train
bing_1716530657.jpg,train
bing_1716530660.jpg,train
bing_1716530664.jpg,train
bing_1716530672_2.jpg,train
bing_1716530673_2.jpg,train
bing_1716530673_5.jpg,train
bing_1716530678.jpg,train
bing_1716530679.jpg,train
bing_1716530732.jpg,train
bing_1716530737.jpg,train
bing_1716530738_2.jpg,train
bing_1716530739.jpg,train
bing_1716530739_3.jpg,train
bing_1716530741_2.jpg,train
bing_1716530742.jpg,train
bing_1716530754.jpg,train
bing_1716530756.jpg,train
bing_1716530765_3.jpg,train
bing_1716530772.jpg,train
bing_1716530783.jpg,train
bing_1716530802.jpg,train
bing_1716530802_1.jpg,train
bing_1716530806.jpg,train
bing_1716530828.jpg,train
bing_1716530829_3.jpg,train
bing_1716530833.jpg,train
bing_1716530841_2.jpg,train
bing_1716530867.jpg,train
bing_1716530867_2.jpg,train
bing_1716530905.jpg,train
bing_1716530914.jpg,train
bing_1716530920.jpg,train
bing_1716531003_2.jpg,train
bing_1716531029_5.jpg,train
bing_1716531030.jpg,train
bing_1716531034_2.jpg,train
bing_1716531088.jpg,train
bing_1716531113.jpg,train
bing_1716531117.jpg,train
bing_1716531156.jpg,train
bing_1716531306.jpg,train
bing_1716531320_3.jpg,train
bing_1716531321.jpg,train
bing_1716531321_5.jpg,train
bing_1716531322_2.jpg,train
bing_1716531323.jpg,train
bing_1716531324_2.jpg,train
bing_1716531325.jpg,train
bing_1716531340_4.jpg,train
bing_1716531350.jpg,train
bing_1716531353.jpg,train
bing_1716531400_2.jpg,train
bing_1716531403_4.jpg,train
bing_1716531406_1.jpg,train
bing_1716531406_2.jpg,train
bing_1716531406_4.jpg,train
bing_1716531427.jpg,train
bing_1716531429.jpg,train
bing_1716531439.jpg,train
bing_1716531474_2.jpg,train
bing_1716531508.jpg,train
bing_1716531524.jpg,train
bing_1716531532.jpg,train
bing_1716531559.jpg,train
bing_1716531607_2.jpg,train
bing_1716531639.jpg,train
bing_1716531653_3.jpg,train
bing_1716531668.jpg,train
bing_1716531674.jpg,train
bing_1716531753.jpg,train
bing_1716531845.jpg,train
bing_1716531919.jpg,train
bing_1716531978_2.jpg,train
bing_1716531986.jpg,train
bing_1716532062.jpg,train
bing_1716532100.jpg,train
bing_1716532210.jpg,train
bing_1716532410_2.jpg,train
bing_1716532414.jpg,train
bing_1716532493.jpg,train
bing_1716532520.jpg,train
bing_1716532521.jpg,train
bing_1716532532.jpg,train
bing_1716532533.jpg,train
bing_1716532541.jpg,train
bing_1716532546.jpg,train
bing_1716532560.jpg,train
bing_1716532563_2.jpg,train
bing_1716532587.jpg,train
bing_1716532607_2.jpg,train
bing_1716532631.jpg,train
bing_1716532652.jpg,train
bing_1716532733.jpg,train
bing_1716532782.jpg,train
bing_1716532791.jpg,train
bing_1716532793.jpg,train
bing_1716532805.jpg,train
bing_1716532838.jpg,train
bing_1716532839.jpg,train
bing_1716532844.jpg,train
bing_1716532856.jpg,train
bing_1716532862.jpg,train
bing_1716532948.jpg,train
bing_1716532953.jpg,train
bing_1716532986.jpg,train
bing_1716533007.jpg,train
bing_1716533096.jpg,train
bing_1716533102.jpg,train
bing_1716533108.jpg,train
bing_1716533136.jpg,train
bing_1716533158.jpg,train
bing_1716533168_2.jpg,train
bing_1716533184.jpg,train
bing_1716533185.jpg,train
bing_1716533185_1.jpg,train
bing_1716533193_3.jpg,train
bing_1716533195.jpg,train
bing_1716533214.jpg,train
bing_1716533214_1.jpg,train
bing_1716533216.jpg,train
bing_1716533217.jpg,train
bing_1716533228_2.jpg,train
bing_1716533234.jpg,train
bing_1716533235.jpg,train
bing_1716533239.jpg,train
bing_1716533258.jpg,train
bing_1716533262.jpg,train
bing_1716533265.jpg,train
bing_1716533287.jpg,train
bing_1716533292.jpg,train
bing_1716533304.jpg,train
bing_1716533316_2.jpg,train
bing_1716533332.jpg,train
bing_1716533334.jpg,train
bing_1716533351_1.jpg,train
bing_1716533353.jpg,train
bing_1716533372.jpg,train
bing_1716533382.jpg,train
bing_1716533384.jpg,train
bing_1716533416.jpg,train
bing_1716533419.jpg,train
bing_1716533420.jpg,train
bing_1716533427.jpg,train
bing_1716533431.jpg,train
bing_1716533438.jpg,train
bing_1716533511.jpg,train
bing_1716533522.jpg,train
bing_1716533533.jpg,train
bing_1716533619.jpg,train
bing_1716533698.jpg,train
bing_1716533732.jpg,train
bing_1716533823_2.jpg,train
bing_1716533824.jpg,train
bing_1716533824_2.jpg,train
bing_1716533824_4.jpg,train
bing_1716533825.jpg,train
bing_1716533826.jpg,train
bing_1716533826_2.jpg,train
bing_1716533827.jpg,train
bing_1716533827_3.jpg,train
bing_1716533827_5.jpg,train
bing_1716533829_3.jpg,train
bing_1716533831_2.jpg,train
bing_1716533834.jpg,train
bing_1716533835.jpg,train
bing_1716533835_2.jpg,train
bing_1716533836_2.jpg,train
bing_1716533837_4.jpg,train
bing_1716533840.jpg,train
bing_1716533844.jpg,train
bing_1716533846.jpg,train
bing_1716533849.jpg,train
bing_1716533849_2.jpg,train
bing_1716533850_2.jpg,train
bing_1716533851.jpg,train
bing_1716533857.jpg,train
bing_1716533858_2.jpg,train
bing_1716533863_2.jpg,train
bing_1716533867.jpg,train
bing_1716533869_2.jpg,train
bing_1716533895_2.jpg,train
bing_1716533900.jpg,train
bing_1716533910.jpg,train
bing_1716533914.jpg,train
bing_1716533924.jpg,train
bing_1716533931_2.jpg,train
bing_1716533933.jpg,train
bing_1716533949.jpg,train
bing_1716533954.jpg,train
bing_1716533955.jpg,train
bing_1716533960_2.jpg,train
bing_1716533969_2.jpg,train
bing_1716533985_2.jpg,train
bing_1716533988.jpg,train
bing_1716533990.jpg,train
bing_1716533993_2.jpg,train
bing_1716533993_4.jpg,train
bing_1716533999.jpg,train
bing_1716534016.jpg,train
bing_1716534019.jpg,train
bing_1716534020_2.jpg,train
bing_1716534025.jpg,train
bing_1716534025_2.jpg,train
bing_1716534026.jpg,train
bing_1716534031_3.jpg,train
bing_1716534034_2.jpg,train
bing_1716534043.jpg,train
bing_1716534047.jpg,train
bing_1716534080_2.jpg,train
bing_1716534090.jpg,train
bing_1716534105.jpg,train
bing_1716534111.jpg,train
bing_1716534114_2.jpg,train
bing_1716534117.jpg,train
bing_1716534122.jpg,train
bing_1716534123_4.jpg,train
bing_1716534125.jpg,train
bing_1716534128_2.jpg,train
bing_1716534128_3.jpg,train
bing_1716534137.jpg,train
bing_1716534143.jpg,train
bing_1716534157.jpg,train
bing_1716534170.jpg,train
bing_1716534172.jpg,train
bing_1716534184.jpg,train
bing_1716534193.jpg,train
bing_1716534208_2.jpg,train
bing_1716534217_2.jpg,train
bing_1716534218.jpg,train
bing_1716534229_5.jpg,train
bing_1716534250.jpg,train
bing_1716534257_1.jpg,train
bing_1716534264.jpg,train
bing_1716534277.jpg,train
bing_1716534279_2.jpg,train
bing_1716534286.jpg,train
bing_1716534295.jpg,train
bing_1716534304.jpg,train
bing_1716534304_2.jpg,train
bing_1716534320.jpg,train
bing_1716534327_2.jpg,train
bing_1716534328_1.jpg,train
bing_1716534329.jpg,train
bing_1716534331_1.jpg,train
bing_1716534346.jpg,train
bing_1716534347.jpg,train
bing_1716534357_2.jpg,train
bing_1716534362_2.jpg,train
bing_1716534368_3.jpg,train
bing_1716534371.jpg,train
bing_1716534376.jpg,train
bing_1716534379.jpg,train
bing_1716534379_1.jpg,train
bing_1716534391.jpg,train
bing_1716534399.jpg,train
bing_1716534415.jpg,train
bing_1716534425_2.jpg,train
bing_1716534434.jpg,train
bing_1716534438.jpg,train
bing_1716534442.jpg,train
bing_1716534447.jpg,train
bing_1716534450.jpg,train
bing_1716534451.jpg,train
bing_1716534455.jpg,train
bing_1716534483.jpg,train
bing_1716534486.jpg,train
bing_1716534489.jpg,train
bing_1716534499.jpg,train
bing_1716534509.jpg,train
bing_1716534515.jpg,train
bing_1716534527.jpg,train
bing_1716534546_4.jpg,train
bing_1716534567_2.jpg,train
bing_1716534588.jpg,train
bing_1716534599.jpg,train
bing_1716534644.jpg,train
bing_1716534674.jpg,train
bing_1716534678.jpg,train
bing_1716534685.jpg,train
bing_1716534689.jpg,train
bing_1716534715.jpg,train
bing_1716534732.jpg,train
bing_1716534744.jpg,train
bing_1716534754.jpg,train
bing_1716534767.jpg,train
bing_1716534767_2.jpg,train
bing_1716534769.jpg,train
bing_1716534772.jpg,train
bing_1716534781.jpg,train
bing_1716534796.jpg,train
bing_1716534798.jpg,train
bing_1716534835.jpg,train
bing_1716534878.jpg,train
bing_1716534886.jpg,train
bing_1716534924.jpg,train
bing_1716534926.jpg,train
bing_1716534934.jpg,train
bing_1716534952.jpg,train
bing_1716534966.jpg,train
bing_1716534971.jpg,train
bing_1716534978.jpg,train
bing_1716534981.jpg,train
bing_1716535011.jpg,train
bing_1716535051.jpg,train
bing_1716535127.jpg,train
bing_1716535220.jpg,train
bing_1716535230.jpg,train
bing_1716535236.jpg,train
bing_1716535309.jpg,train
bing_1716535319.jpg,train
bing_1716535407.jpg,train
bing_1716535408.jpg,train
bing_1716535410.jpg,train
bing_1716535411.jpg,train
bing_1716535416.jpg,train
bing_1716535424.jpg,train
bing_1716535428.jpg,train
bing_1716535474_2.jpg,train
bing_1716535565.jpg,train
bing_1716535574.jpg,train
bing_1716535618.jpg,train
bing_1716535643.jpg,train
bing_1716535647.jpg,train
bing_1716535652.jpg,train
bing_1716535653.jpg,train
bing_1716535656.jpg,train
bing_1716535659_2.jpg,train
bing_1716535661.jpg,train
bing_1716535663.jpg,train
bing_1716535667.jpg,train
bing_1716535672.jpg,train
bing_1716535697.jpg,train
bing_1716535699.jpg,train
bing_1716535699_1.jpg,train
bing_1716535708.jpg,train
bing_1716535759.jpg,train
bing_1716535943.jpg,train
bing_1716535954.jpg,train
bing_1716536054.jpg,train
bing_1716536085.jpg,train
bing_1716536094.jpg,train
bing_1716536098.jpg,train
bing_1716536100.jpg,train
bing_1716536101.jpg,train
bing_1716536102.jpg,train
bing_1716536111.jpg,train
bing_1716536187.jpg,train
bing_1716536189.jpg,train
bing_1716536204.jpg,train
bing_1716536217.jpg,train
bing_1716536221.jpg,train
bing_1716536256.jpg,train
bing_1716536280.jpg,train
bing_1716536289.jpg,train
bing_1716536294.jpg,train
bing_1716536295.jpg,train
bing_1716536298.jpg,train
bing_1716536298_1.jpg,train
bing_1716536306.jpg,train
bing_1716536328.jpg,train
bing_1716536340.jpg,train
bing_1716536348.jpg,train
bing_1716536356.jpg,train
bing_1716536357.jpg,train
bing_1716536361.jpg,train
bing_1716536371.jpg,train
bing_1716536484.jpg,train
bing_1716536532.jpg,train
bing_1716536563.jpg,train
bing_1716536564.jpg,train
bing_1716536567.jpg,train
bing_1716536568_1.jpg,train
bing_1716536578.jpg,train
bing_1716536580.jpg,train
bing_1716536581.jpg,train
bing_1716536587.jpg,train
bing_1716536590.jpg,train
bing_1716536618.jpg,train
bing_1716536624.jpg,train
bing_1716536640.jpg,train
bing_1716536641.jpg,train
bing_1716536645.jpg,train
bing_1716536648 (2).jpg,train
bing_1716536650.jpg,train
bing_1716536652.jpg,train
bing_1716536679.jpg,train
bing_1716536688.jpg,train
bing_1716536705.jpg,train
bing_1716536706 (2).jpg,train
bing_1716536706.jpg,train
bing_1716536719.jpg,train
bing_1716536733.jpg,train
bing_1716536749.jpg,train
bing_1716536761.jpg,train
bing_1716536784.jpg,train
bing_1716536829 (2).jpg,train
bing_1716536851.jpg,train
bing_1716536869.jpg,train
bing_1716536871.jpg,train
bing_1716536877.jpg,train
bing_1716536882.jpg,train
bing_1716536913.jpg,train
bing_1716536924.jpg,train
bing_1716536931.jpg,train
bing_1716536936 (2).jpg,train
bing_1716536936.jpg,train
bing_1716536939.jpg,train
bing_1716536940.jpg,train
bing_1716536941.jpg,train
bing_1716536953.jpg,train
bing_1716536972.jpg,train
bing_1716536979.jpg,train
bing_1716537009.jpg,train
bing_1716537015.jpg,train
bing_1716537029.jpg,train
bing_1716537080.jpg,train
bing_1716537129.jpg,train
bing_1716537130.jpg,train
bing_1716537161.jpg,train
bing_1716537174.jpg,train
bing_1716537201.jpg,train
bing_1716537205.jpg,train
bing_1716537218.jpg,train
bing_1716537244.jpg,train
bing_1716537251.jpg,train
bing_1716537258.jpg,train
bing_1716537260.jpg,train
bing_1716537291.jpg,train
bing_1716537300.jpg,train
bing_1716537302.jpg,train
bing_1716537310.jpg,train
bing_1716537311.jpg,train
bing_1716537314.jpg,train
bing_1716537320.jpg,train
bing_1716537322.jpg,train
bing_1716537323.jpg,train
bing_1716537339.jpg,train
bing_1716537344_1.jpg,train
bing_1716537345.jpg,train
bing_1716537351.jpg,train
bing_1716537359.jpg,train
bing_1716537384.jpg,train
bing_1716537406.jpg,train
bing_1716537407.jpg,train
bing_1716537410.jpg,train
bing_1716537412.jpg,train
bing_1716537412_2.jpg,train
bing_1716537415.jpg,train
bing_1716537416.jpg,train
bing_1716537417.jpg,train
bing_1716537420.jpg,train
bing_1716537423.jpg,train
bing_1716537443.jpg,train
bing_1716537443_2.jpg,train
bing_1716537444.jpg,train
bing_1716537445 (2).jpg,train
bing_1716537445.jpg,train
bing_1716537446.jpg,train
bing_1716537451.jpg,train
bing_1716537451_2.jpg,train
bing_1716537452.jpg,train
bing_1716537452_2.jpg,train
bing_1716537460.jpg,train
bing_1716537480.jpg,train
bing_1716537496.jpg,train
bing_1716537496_1.jpg,train
bing_1716537503.jpg,train
bing_1716537503_1.jpg,train
bing_1716537503_2.jpg,train
bing_1716537506.jpg,train
bing_1716537510.jpg,train
bing_1716537511.jpg,train
bing_1716537521.jpg,train
bing_1716537546 (2).jpg,train
bing_1716537546.jpg,train
bing_1716537546_1.jpg,train
bing_1716537561.jpg,train
bing_1716537605.jpg,train
bing_1716537607.jpg,train
bing_1716537614_1.jpg,train
bing_1716537619.jpg,train
bing_1716537623.jpg,train
bing_1716537624.jpg,train
bing_1716537653.jpg,train
bing_1716537658.jpg,train
bing_1716537665.jpg,train
bing_1716537673.jpg,train
bing_1716537715.jpg,train
bing_1716537721.jpg,train
bing_1716537728.jpg,train
bing_1716537731.jpg,train
bing_1716537740_1.jpg,train
bing_1716537768.jpg,train
bing_1716537782.jpg,train
bing_1716537809_1.jpg,train
bing_1716537835.jpg,train
bing_1716537840.jpg,train
bing_1716537844.jpg,train
bing_1716537905.jpg,train
bing_1716537912.jpg,train
bing_1716537914.jpg,train
bing_1716537941.jpg,train
bing_1716538141.jpg,train
bing_1716538163.jpg,train
bing_1716538164.jpg,train
bing_1716538167.jpg,train
bing_1716538221.jpg,train
bing_1716538225.jpg,train
bing_1716538227.jpg,train
bing_1716538232.jpg,train
bing_1716538234_2.jpg,train
bing_1716538326.jpg,train
bing_1716538329.jpg,train
bing_1716538332.jpg,train
bing_1716538361.jpg,train
bing_1716538397.jpg,train
bing_1716538403.jpg,train
bing_1716538407.jpg,train
bing_1716538409.jpg,train
bing_1716538424.jpg,train
bing_1716538438.jpg,train
bing_1716538439.jpg,train
bing_1716538442.jpg,train
bing_1716538442_1.jpg,train
bing_1716538444.jpg,train
bing_1716538463_1.jpg,train
bing_1716538471_2.jpg,train
bing_1716538493.jpg,train
bing_1716538519.jpg,train
bing_1716538546.jpg,train
bing_1716538548.jpg,train
bing_1716538550.jpg,train
bing_1716538553.jpg,train
bing_1716538554.jpg,train
bing_1716538557.jpg,train
bing_1716538559.jpg,train
bing_1716538560.jpg,train
bing_1716538607.jpg,train
bing_1716538620.jpg,train
bing_1716538730.jpg,train
bing_1716538737_2.jpg,train
bing_1716538744_1.jpg,train
bing_1716538752.jpg,train
bing_1716538769_2.jpg,train
bing_1716538771_1.jpg,train
bing_1716538804_1.jpg,train
bing_1716538809.jpg,train
bing_1716538836.jpg,train
bing_1716538839.jpg,train
bing_1716538848.jpg,train
bing_1716538852.jpg,train
bing_1716538854.jpg,train
bing_1716538856.jpg,train
bing_1716538857.jpg,train
bing_1716538863.jpg,train
bing_1716538883.jpg,train
bing_1716538891.jpg,train
bing_1716538910.jpg,train
bing_1716538911.jpg,train
bing_1716538912.jpg,train
bing_1716538918.jpg,train
bing_1716538923.jpg,train
bing_1716538934.jpg,train
bing_1716538957.jpg,train
bing_1716538965.jpg,train
bing_1716539006.jpg,train
bing_1716539008.jpg,train
bing_1716539019.jpg,train
bing_1716539026.jpg,train
bing_1716539027_2.jpg,train
bing_1716539038.jpg,train
bing_1716539038_3.jpg,train
bing_1716539038_4.jpg,train
bing_1716539039_1.jpg,train
bing_1716539039_2.jpg,train
bing_1716539042.jpg,train
bing_1716539044_2.jpg,train
bing_1716539046.jpg,train
bing_1716539061_5.jpg,train
bing_1716539109.jpg,train
bing_1716539138.jpg,train
bing_1716539142_1.jpg,train
bing_1716539145.jpg,train
bing_1716539156.jpg,train
bing_1716539176.jpg,train
bing_1716539222.jpg,train
bing_1716539312.jpg,train
bing_1716539335.jpg,train
bing_1716539721.jpg,train
bing_1716539723.jpg,train
bing_1716539739.jpg,train
bing_1716539775_5.jpg,train
bing_1716539776_2.jpg,train
bing_1716539776_4.jpg,train
bing_1716539779_3.jpg,train
bing_1716539780_3.jpg,train
bing_1716539780_5.jpg,train
bing_1716539782_2.jpg,train
bing_1716539784.jpg,train
bing_1716539789_2.jpg,train
bing_1716539791.jpg,train
bing_1716539825_2.jpg,train
bing_1716539828.jpg,train
bing_1716539838.jpg,train
bing_1716539839.jpg,train
bing_1716539850.jpg,train
bing_1716539853_2.jpg,train
bing_1716539854.jpg,train
bing_1716539864.jpg,train
bing_1716539867.jpg,train
bing_1716539886.jpg,train
bing_1716539893_3.jpg,train
bing_1716539906_2.jpg,train
bing_1716539928_2.jpg,train
bing_1716539945_1.jpg,train
bing_1716539947.jpg,train
bing_1716539947_1.jpg,train
bing_1716539958_4.jpg,train
bing_1716539972.jpg,train
bing_1716539987.jpg,train
bing_1716540015.jpg,train
bing_1716540019_2.jpg,train
bing_1716540029.jpg,train
bing_1716540030.jpg,train
bing_1716540037.jpg,train
bing_1716540045.jpg,train
bing_1716540047.jpg,train
bing_1716540049_1.jpg,train
bing_1716540053.jpg,train
bing_1716540054.jpg,train
bing_1716540086.jpg,train
bing_1716540095.jpg,train
bing_1716540113_8.jpg,train
bing_1716540114_1.jpg,train
bing_1716540125.jpg,train
bing_1716540126.jpg,train
bing_1716540133.jpg,train
bing_1716540140.jpg,train
bing_1716540165_2.jpg,train
bing_1716540185.jpg,train
bing_1716540187.jpg,train
bing_1716540194_4.jpg,train
bing_1716540212_2.jpg,train
bing_1716540214.jpg,train
bing_1716540216_3.jpg,train
bing_1716540219.jpg,train
bing_1716540221.jpg,train
bing_1716540225.jpg,train
bing_1716540231.jpg,train
bing_1716540251.jpg,train
bing_1716540253.jpg,train
bing_1716540294_3.jpg,train
bing_1716540302_2.jpg,train
bing_1716540304_2.jpg,train
bing_1716540306_2.jpg,train
bing_1716540340.jpg,train
bing_1716540361.jpg,train
bing_1716540362.jpg,train
bing_1716540399.jpg,train
bing_1716540416.jpg,train
bing_1716540431_2.jpg,train
bing_1716540453.jpg,train
bing_1716540504.jpg,train
bing_1716540532_2.jpg,train
bing_1716540565.jpg,train
bing_1716540587.jpg,train
bing_1716540642.jpg,train
bing_1716540644.jpg,train
bing_1716540677.jpg,train
bing_1716540678.jpg,train
bing_1716540679.jpg,train
bing_1716540715.jpg,train
bing_1716540728.jpg,train
bing_1716540814.jpg,train
bing_1716540819.jpg,train
bing_1716540894.jpg,train
bing_1716540896.jpg,train
bing_1716540904.jpg,train
bing_1716540939.jpg,train
bing_1716540960.jpg,train
bing_1716540962.jpg,train
bing_1716540966.jpg,train
bing_1716540969.jpg,train
bing_1716540971.jpg,train
bing_1716540972.jpg,train
bing_1716540973.jpg,train
bing_1716540975.jpg,train
bing_1716540979.jpg,train
bing_1716540983.jpg,train
bing_1716540996.jpg,train
bing_1716540997.jpg,train
bing_1716541001.jpg,train
bing_1716541003.jpg,train
bing_1716541005.jpg,train
bing_1716541013.jpg,train
bing_1716541017.jpg,train
bing_1716541060.jpg,train
bing_1716541073.jpg,train
bing_1716541126.jpg,train
bing_1716541128_1.jpg,train
bing_1716541129.jpg,train
bing_1716541135.jpg,train
bing_1716541137.jpg,train
bing_1716541141.jpg,train
bing_1716541155.jpg,train
bing_1716541200.jpg,train
bing_1716541206.jpg,train
bing_1716541208.jpg,train
bing_1716541214.jpg,train
bing_1716541218.jpg,train
bing_1716541218_2.jpg,train
bing_1716541225.jpg,train
bing_1716541235.jpg,train
bing_1716541254.jpg,train
bing_1716541274.jpg,train
bing_1716541286.jpg,train
bing_1716541315.jpg,train
bing_1716541322.jpg,train
bing_1716541331.jpg,train
bing_1716541333_1.jpg,train
bing_1716541371_2.jpg,train
bing_1716541371_5.jpg,train
bing_1716541377.jpg,train
bing_1716541379_3.jpg,train
bing_1716541383_1.jpg,train
bing_1716541384.jpg,train
bing_1716541386.jpg,train
bing_1716541423.jpg,train
bing_1716541431.jpg,train
bing_1716541433.jpg,train
bing_1716541441.jpg,train
bing_1716541446.jpg,train
bing_1716541447.jpg,train
bing_1716541447_1.jpg,train
bing_1716541451.jpg,train
bing_1716541452_2.jpg,train
bing_1716541473.jpg,train
bing_1716541476.jpg,train
bing_1716541478.jpg,train
bing_1716541482.jpg,train
bing_1716541482_1.jpg,train
bing_1716541485.jpg,train
bing_1716541486.jpg,train
bing_1716541492.jpg,train
bing_1716541498.jpg,train
bing_1716541498_2.jpg,train
bing_1716541499.jpg,train
bing_1716541500.jpg,train
bing_1716541504.jpg,train
bing_1716541504_1.jpg,train
bing_1716541506.jpg,train
bing_1716541507.jpg,train
bing_1716541512 (2).jpg,train
bing_1716541521.jpg,train
bing_1716541524.jpg,train
bing_1716541525.jpg,train
bing_1716541527.jpg,train
bing_1716541530.jpg,train
bing_1716541531.jpg,train
bing_1716541576.jpg,train
bing_1716541594.jpg,train
bing_1716541614.jpg,train
bing_1716541614_1.jpg,train
bing_1716541617.jpg,train
bing_1716541618.jpg,train
bing_1716541634.jpg,train
bing_1716541642.jpg,train
bing_1716541644.jpg,train
bing_1716541646.jpg,train
bing_1716541647.jpg,train
bing_1716541648.jpg,train
bing_1716541653.jpg,train
bing_1716541680_1.jpg,train
bing_1716541685.jpg,train
bing_1716541689_2.jpg,train
bing_1716541690.jpg,train
bing_1716541692.jpg,train
bing_1716541692_2.jpg,train
bing_1716541695.jpg,train
bing_1716541696.jpg,train
bing_1716541701.jpg,train
bing_1716541701_2.jpg,train
bing_1716541703.jpg,train
bing_1716541704.jpg,train
bing_1716541705_2.jpg,train
bing_1716541712.jpg,train
bing_1716541713.jpg,train
bing_1716541726.jpg,train
bing_1716541734.jpg,train
bing_1716541736.jpg,train
bing_1716541737.jpg,train
bing_1716541741.jpg,train
bing_1716541743.jpg,train
bing_1716541744_1.jpg,train
bing_1716541746 (2).jpg,train
bing_1716541746.jpg,train
bing_1716541746_2.jpg,train
bing_1716541751_3.jpg,train
bing_1716541754_1.jpg,train
bing_1716541757_2.jpg,train
bing_1716541770_2.jpg,train
bing_1716541772_1.jpg,train
bing_1716541774.jpg,train
bing_1716541774_2.jpg,train
bing_1716541782.jpg,train
bing_1716541784.jpg,train
bing_1716541793.jpg,train
bing_1716541817.jpg,train
bing_1716541820.jpg,train
bing_1716541843.jpg,train
bing_1716541851.jpg,train
bing_1716541864.jpg,train
bing_1716541873_2.jpg,train
bing_1716541876.jpg,train
bing_1716541877_2.jpg,train
bing_1716541899.jpg,train
bing_1716541908.jpg,train
bing_1716541913.jpg,train
bing_1716541950.jpg,train
bing_1716541951.jpg,train
bing_1716541955.jpg,train
bing_1716541955_4.jpg,train
bing_1716541969.jpg,train
bing_1716541970.jpg,train
bing_1716541985.jpg,train
bing_1716542001.jpg,train
bing_1716542004.jpg,train
bing_1716542016.jpg,train
bing_1716542032.jpg,train
bing_1716542037.jpg,train
bing_1716542043.jpg,train
bing_1716542052.jpg,train
bing_1716542055.jpg,train
bing_1716542060.jpg,train
bing_1716542067.jpg,train
bing_1716542080.jpg,train
bing_1716542085.jpg,train
bing_1716542098.jpg,train
bing_1716542101.jpg,train
bing_1716542133.jpg,train
bing_1716542142.jpg,train
bing_1716542157.jpg,train
bing_1716542190.jpg,train
bing_1716542192.jpg,train
bing_1716542197.jpg,train
bing_1716542208.jpg,train
bing_1716542219.jpg,train
bing_1716542241.jpg,train
bing_1716542245.jpg,train
bing_1716542259.jpg,train
bing_1716542270.jpg,train
bing_1716542290.jpg,train
bing_1716542294.jpg,train
bing_1716542303_1.jpg,train
bing_1716542347.jpg,train
bing_1716542349.jpg,train
bing_1716542366.jpg,train
bing_1716542367.jpg,train
bing_1716542403.jpg,train
bing_1716542413.jpg,train
bing_1716542425.jpg,train
bing_1716542427.jpg,train
bing_1716542430.jpg,train
bing_1716542451.jpg,train
bing_1716542513.jpg,train
bing_1716542530.jpg,train
bing_1716542534.jpg,train
bing_1716542543.jpg,train
bing_1716542549.jpg,train
bing_1716542555.jpg,train
bing_1716542583.jpg,train
bing_1716542620_1.jpg,train
bing_1716542623.jpg,train
bing_1716542626.jpg,train
bing_1716542650_2.jpg,train
bing_1716542672.jpg,train
bing_1716542687.jpg,train
bing_1716542690.jpg,train
bing_1716542707.jpg,train
bing_1716542736.jpg,train
bing_1716542745.jpg,train
bing_1716542750.jpg,train
bing_1716542783.jpg,train
bing_1716542823.jpg,train
bing_1716542830.jpg,train
bing_1716542837.jpg,train
bing_1716542861.jpg,train
bing_1716542861_1.jpg,train
bing_1716542863.jpg,train
bing_1716542915.jpg,train
bing_1716542919.jpg,train
bing_1716542983.jpg,train
bing_1716543005.jpg,train
bing_1716543020.jpg,train
bing_1716543025.jpg,train
bing_1716543048_2.jpg,train
bing_1716543145.jpg,train
bing_1716543178.jpg,train
bing_1716543178_2.jpg,train
bing_1716543186.jpg,train
bing_1716543269.jpg,train
bing_1716543276.jpg,train
bing_1716543711.jpg,train
bing_1716543712.jpg,train
bing_1716544536.jpg,train
bing_1716544539.jpg,train
bing_1716544544.jpg,train
bing_1716544608.jpg,train
bing_1716544696.jpg,train
bing_1716544698.jpg,train
bing_1716544743.jpg,train
bing_1716544772.jpg,train
bing_1716544805.jpg,train
bing_1716544816.jpg,train
bing_1716544867.jpg,train
bing_1716544949.jpg,train
bing_1716545011.jpg,train
bing_1716545068.jpg,train
bing_1716545100_2.jpg,train
bing_1716545104_1.jpg,train
bing_1716545117.jpg,train
bing_1716545123.jpg,train
bing_1716545153.jpg,train
bing_1716545157.jpg,train
bing_1716545182.jpg,train
bing_1716545200.jpg,train
bing_1716545210.jpg,train
bing_1716545221.jpg,train
bing_1716545311.jpg,train
bing_1716545343.jpg,train
bing_1716545353.jpg,train
bing_1716545499.jpg,train
bing_1716545507.jpg,train
bing_1716545515.jpg,train
bing_1716545516.jpg,train
bing_1716545519.jpg,train
bing_1716545522.jpg,train
bing_1716545523.jpg,train
bing_1716545524_2.jpg,train
bing_1716545541.jpg,train
bing_1716545544.jpg,train
bing_1716545546.jpg,train
bing_1716545596.jpg,train
bing_1716545601_1.jpg,train
bing_1716545630.jpg,train
bing_1716545650.jpg,train
bing_1716545660.jpg,train
bing_1716545672.jpg,train
bing_1716545675.jpg,train
bing_1716545687.jpg,train
bing_1716545689.jpg,train
bing_1716545694.jpg,train
bing_1716545728.jpg,train
bing_1716545737_1.jpg,train
bing_1716545741.jpg,train
bing_1716545761.jpg,train
bing_1716545765_2.jpg,train
bing_1716545770.jpg,train
bing_1716545782.jpg,train
bing_1716545786.jpg,train
bing_1716545799.jpg,train
bing_1716545850.jpg,train
bing_1716545851.jpg,train
bing_1716545853.jpg,train
bing_1716545854.jpg,train
bing_1716545862.jpg,train
bing_1716545867.jpg,train
bing_1716545882.jpg,train
bing_1716545887.jpg,train
bing_1716545891_2.jpg,train
bing_1716545893.jpg,train
bing_1716545950.jpg,train
bing_1716545996 (2).jpg,train
bing_1716546008.jpg,train
bing_1716546020.jpg,train
bing_1716546076.jpg,train
bing_1716546098.jpg,train
bing_1716546111_2.jpg,train
bing_1716546112.jpg,train
bing_1716546147.jpg,train
bing_1716546152.jpg,train
bing_1716546157.jpg,train
bing_1716546171.jpg,train
bing_1716546177.jpg,train
bing_1716546182.jpg,train
bing_1716546183.jpg,train
bing_1716546188.jpg,train
bing_1716546189.jpg,train
bing_1716546192_2.jpg,train
bing_1716546193.jpg,train
bing_1716546207 (2).jpg,train
bing_1716546239.jpg,train
bing_1716546244.jpg,train
bing_1716546252.jpg,train
bing_1716546285.jpg,train
bing_1716546290.jpg,train
bing_1716546291.jpg,train
bing_1716546296.jpg,train
bing_1716546297.jpg,train
bing_1716546303.jpg,train
bing_1716546349.jpg,train
bing_1716546350.jpg,train
bing_1716546354.jpg,train
bing_1716546357.jpg,train
bing_1716546403.jpg,train
bing_1716546424.jpg,train
bing_1716546490.jpg,train
bing_1716546511.jpg,train
bing_1716546520.jpg,train
bing_1716546522.jpg,train
bing_1716546562.jpg,train
bing_1716546592_2.jpg,train
bing_1716546605.jpg,train
bing_1716546736.jpg,train
bing_1716546738.jpg,train
bing_1716546739.jpg,train
bing_1716546771.jpg,train
bing_1716546791.jpg,train
bing_1716546795.jpg,train
bing_1716546805.jpg,train
bing_1716546874.jpg,train
bing_1716546997.jpg,train
bing_1716547026.jpg,train
bing_1716547055.jpg,train
bing_1716547113.jpg,train
bing_1716547147.jpg,train
bing_1716547169.jpg,train
bing_1716547201.jpg,train
bing_1716547255.jpg,train
bing_1716547380.jpg,train
bing_1716547446.jpg,train
bing_1716547577.jpg,train
bing_1716547665.jpg,train
bing_1716547720.jpg,train
bing_1716547742.jpg,train
bing_1716547866.jpg,train
bing_1716547936.jpg,train
bing_1716548040.jpg,train
bing_1716548518.jpg,train
bing_1716549465.jpg,train
bing_1716549485_2.jpg,train
bing_1716549506_3.jpg,train
bing_1716549507.jpg,train
bing_1716549518_2.jpg,train
bing_1716549519_2.jpg,train
bing_1716549524_2.jpg,train
bing_1716549524_3.jpg,train
bing_1716549526.jpg,train
bing_1716549542.jpg,train
bing_1716549549.jpg,train
bing_1716549556.jpg,train
bing_1716549557_2.jpg,train
bing_1716549578.jpg,train
bing_1716549594_3.jpg,train
bing_1716549598.jpg,train
bing_1716549616_2.jpg,train
bing_1716549623_3.jpg,train
bing_1716549623_4.jpg,train
bing_1716549625_3.jpg,train
bing_1716549635.jpg,train
bing_1716549637_6.jpg,train
bing_1716549648.jpg,train
bing_1716549649_3.jpg,train
bing_1716549651_2.jpg,train
bing_1716549654_3.jpg,train
bing_1716549666.jpg,train
bing_1716549669.jpg,train
bing_1716549669_1.jpg,train
bing_1716549671.jpg,train
bing_1716549674.jpg,train
bing_1716549675.jpg,train
bing_1716549676.jpg,train
bing_1716549676_4.jpg,train
bing_1716549690_3.jpg,train
bing_1716549693.jpg,train
bing_1716549694.jpg,train
bing_1716549695.jpg,train
bing_1716549698_1.jpg,train
bing_1716549702.jpg,train
bing_1716549707.jpg,train
bing_1716549709.jpg,train
bing_1716549715.jpg,train
bing_1716549715_1.jpg,train
bing_1716549718.jpg,train
bing_1716549723_1.jpg,train
bing_1716549723_2.jpg,train
bing_1716549724.jpg,train
bing_1716549726_1.jpg,train
bing_1716549728.jpg,train
bing_1716549732.jpg,train
bing_1716549733_2.jpg,train
bing_1716549733_3.jpg,train
bing_1716549741_2.jpg,train
bing_1716549743.jpg,train
bing_1716549744.jpg,train
bing_1716549745.jpg,train
bing_1716549745_2_1.jpg,train
bing_1716549746.jpg,train
bing_1716549746_2.jpg,train
bing_1716549747_5.jpg,train
bing_1716549748_4.jpg,train
bing_1716549749.jpg,train
bing_1716549749_1.jpg,train
bing_1716549750_1.jpg,train
bing_1716549750_2.jpg,train
bing_1716549753_2.jpg,train
bing_1716549754_1.jpg,train
bing_1716549755.jpg,train
bing_1716549760.jpg,train
bing_1716549764.jpg,train
bing_1716549764_2.jpg,train
bing_1716549765_3.jpg,train
bing_1716549767.jpg,train
bing_1716549775 (2).jpg,train
bing_1716549776.jpg,train
bing_1716549781.jpg,train
bing_1716549795.jpg,train
bing_1716549797.jpg,train
bing_1716549798.jpg,train
bing_1716549803_2.jpg,train
bing_1716549808.jpg,train
bing_1716549816_2.jpg,train
bing_1716549832.jpg,train
bing_1716549836_2.jpg,train
bing_1716549840.jpg,train
bing_1716549844_2.jpg,train
bing_1716549847_2.jpg,train
bing_1716549847_3.jpg,train
bing_1716549851.jpg,train
bing_1716549851_2.jpg,train
bing_1716549852.jpg,train
bing_1716549858_2.jpg,train
bing_1716549864.jpg,train
bing_1716549892_2.jpg,train
bing_1716549902.jpg,train
bing_1716549972.jpg,train
bing_1716550083.jpg,train
bing_1716550112.jpg,train
bing_1716550156_2.jpg,train
bing_1716550157.jpg,train
bing_1716550230.jpg,train
bing_1716550305.jpg,train
bing_1716550321.jpg,train
bing_1716550365.jpg,train
bing_1716550396.jpg,train
bing_1716550426.jpg,train
bing_1716550427.jpg,train
bing_1716550643 (2).jpg,train
bing_1716550685.jpg,train
bing_1716550688.jpg,train
bing_1716550688_2.jpg,train
bing_1716550721.jpg,train
bing_1716550727.jpg,train
bing_1716550738.jpg,train
bing_1716550744.jpg,train
bing_1716550747.jpg,train
bing_1716550750.jpg,train
bing_1716550767.jpg,train
bing_1716550770.jpg,train
bing_1716550834.jpg,train
bing_1716550838.jpg,train
bing_1716550904.jpg,train
bing_1716550910.jpg,train
bing_1716550931.jpg,train
bing_1716551071.jpg,train
bing_1716551095.jpg,train
bing_1716551123_2.jpg,train
bing_1716551164_3.jpg,train
bing_1716551193.jpg,train
bing_1716551344.jpg,train
bing_1716551441.jpg,train
bing_1716551609.jpg,train
bing_1716551613.jpg,train
bing_1716551641.jpg,train
bing_1716551649.jpg,train
bing_1716551740.jpg,train
bing_1716551744.jpg,train
bing_1716551804.jpg,train
bing_1716551804_2.jpg,train
bing_1716551805.jpg,train
bing_1716551805_1.jpg,train
bing_1716551810.jpg,train
bing_1716551811.jpg,train
bing_1716551832_4.jpg,train
bing_1716551833_3.jpg,train
bing_1716551835.jpg,train
bing_1716551835_2.jpg,train
bing_1716551835_6.jpg,train
bing_1716551836.jpg,train
bing_1716551837_3.jpg,train
bing_1716551838.jpg,train
bing_1716551839.jpg,train
bing_1716551841.jpg,train
bing_1716551842_3.jpg,train
bing_1716551843.jpg,train
bing_1716551844.jpg,train
bing_1716551846.jpg,train
bing_1716551848.jpg,train
bing_1716551848_2.jpg,train
bing_1716551857.jpg,train
bing_1716551860.jpg,train
bing_1716551860_1.jpg,train
bing_1716551866.jpg,train
bing_1716551867.jpg,train
bing_1716551867_3.jpg,train
bing_1716551870.jpg,train
bing_1716551871.jpg,train
bing_1716551875_2.jpg,train
bing_1716551876.jpg,train
bing_1716551876_2.jpg,train
bing_1716551877.jpg,train
bing_1716551879 (2).jpg,train
bing_1716551880 (2).jpg,train
bing_1716551880.jpg,train
bing_1716551882.jpg,train
bing_1716551883.jpg,train
bing_1716551890.jpg,train
bing_1716551900.jpg,train
bing_1716551907.jpg,train
bing_1716551909.jpg,train
bing_1716551911.jpg,train
bing_1716551912_2.jpg,train
bing_1716551914.jpg,train
bing_1716551914_1.jpg,train
bing_1716551914_2.jpg,train
bing_1716551915.jpg,train
bing_1716551916_2.jpg,train
bing_1716551917_1.jpg,train
bing_1716551917_4.jpg,train
bing_1716551918.jpg,train
bing_1716551918_1.jpg,train
bing_1716551919.jpg,train
bing_1716551919_2.jpg,train
bing_1716551920_1.jpg,train
bing_1716551921_2.jpg,train
bing_1716551922_1.jpg,train
bing_1716551924.jpg,train
bing_1716551924_2.jpg,train
bing_1716551925.jpg,train
bing_1716551925_1.jpg,train
bing_1716551925_2.jpg,train
bing_1716551926.jpg,train
bing_1716551926_2.jpg,train
bing_1716551927.jpg,train
bing_1716551928.jpg,train
bing_1716551929.jpg,train
bing_1716551931_2.jpg,train
bing_1716551931_2_1.jpg,train
bing_1716551935.jpg,train
bing_1716551936.jpg,train
bing_1716551936_1.jpg,train
bing_1716551936_2.jpg,train
bing_1716551936_2_1.jpg,train
bing_1716551938.jpg,train
bing_1716551938_2.jpg,train
bing_1716551939.jpg,train
bing_1716551943.jpg,train
bing_1716551944_1.jpg,train
bing_1716551945.jpg,train
bing_1716551949.jpg,train
bing_1716551949_1.jpg,train
bing_1716551949_2.jpg,train
bing_1716551951.jpg,train
bing_1716551951_1.jpg,train
bing_1716551952.jpg,train
bing_1716551954_1.jpg,train
bing_1716551956_2.jpg,train
bing_1716551957.jpg,train
bing_1716551958.jpg,train
bing_1716551959.jpg,train
bing_1716551960.jpg,train
bing_1716551961_2.jpg,train
bing_1716551965_1.jpg,train
bing_1716551967.jpg,train
bing_1716551968_1.jpg,train
bing_1716551969_1.jpg,train
bing_1716551970.jpg,train
bing_1716551973.jpg,train
bing_1716551981.jpg,train
bing_1716551982 (2).jpg,train
bing_1716551984.jpg,train
bing_1716551986.jpg,train
bing_1716551986_1.jpg,train
bing_1716551989.jpg,train
bing_1716551989_1.jpg,train
bing_1716551995.jpg,train
bing_1716551996.jpg,train
bing_1716551997_2.jpg,train
bing_1716551998.jpg,train
bing_1716551999_1.jpg,train
bing_1716551999_2.jpg,train
bing_1716552004.jpg,train
bing_1716552005.jpg,train
bing_1716552006.jpg,train
bing_1716552006_2.jpg,train
bing_1716552007_1.jpg,train
bing_1716552014_2.jpg,train
bing_1716552016.jpg,train
bing_1716552016_1.jpg,train
bing_1716552016_2.jpg,train
bing_1716552016_3.jpg,train
bing_1716552020_1.jpg,train
bing_1716552021_1.jpg,train
bing_1716552023_2.jpg,train
bing_1716552030.jpg,train
bing_1716552032_2.jpg,train
bing_1716552036_2.jpg,train
bing_1716552036_3.jpg,train
bing_1716552037.jpg,train
bing_1716552037_1.jpg,train
bing_1716552037_2.jpg,train
bing_1716552038_1.jpg,train
bing_1716552041.jpg,train
bing_1716552043.jpg,train
bing_1716552043_1.jpg,train
bing_1716552044.jpg,train
bing_1716552045.jpg,train
bing_1716552046_1.jpg,train
bing_1716552048.jpg,train
bing_1716552048_1.jpg,train
bing_1716552049_2.jpg,train
bing_1716552051.jpg,train
bing_1716552051_2.jpg,train
bing_1716552059.jpg,train
bing_1716552067.jpg,train
bing_1716552069.jpg,train
bing_1716552070.jpg,train
bing_1716552076.jpg,train
bing_1716552079_2.jpg,train
bing_1716552080.jpg,train
bing_1716552081.jpg,train
bing_1716552082_1.jpg,train
bing_1716552084.jpg,train
bing_1716552085.jpg,train
bing_1716552088.jpg,train
bing_1716552089_2.jpg,train
bing_1716552100_1.jpg,train
bing_1716552100_2.jpg,train
bing_1716552103.jpg,train
bing_1716552104.jpg,train
bing_1716552105.jpg,train
bing_1716552106.jpg,train
bing_1716552108.jpg,train
bing_1716552109.jpg,train
bing_1716552113.jpg,train
bing_1716552124.jpg,train
bing_1716552128.jpg,train
bing_1716552129.jpg,train
bing_1716552132.jpg,train
bing_1716552134.jpg,train
bing_1716552143_3.jpg,train
bing_1716552147_3.jpg,train
bing_1716552163.jpg,train
bing_1716552165.jpg,train
bing_1716552172_2.jpg,train
bing_1716552176.jpg,train
bing_1716552179.jpg,train
bing_1716552179_2.jpg,train
bing_1716552186_2.jpg,train
bing_1716552191_1.jpg,train
bing_1716552191_3.jpg,train
bing_1716552196.jpg,train
bing_1716552201_2.jpg,train
bing_1716552205.jpg,train
bing_1716552208.jpg,train
bing_1716552209.jpg,train
bing_1716552210_2.jpg,train
bing_1716552217.jpg,train
bing_1716552218.jpg,train
bing_1716552231.jpg,train
bing_1716552234_1.jpg,train
bing_1716552244_1.jpg,train
bing_1716552244_2.jpg,train
bing_1716552250.jpg,train
bing_1716552268_1.jpg,train
bing_1716552270.jpg,train
bing_1716552272.jpg,train
bing_1716552274.jpg,train
bing_1716552276_3.jpg,train
bing_1716552278.jpg,train
bing_1716552286_2.jpg,train
bing_1716552293.jpg,train
bing_1716552294.jpg,train
bing_1716552305.jpg,train
bing_1716552310_2.jpg,train
bing_1716552327.jpg,train
bing_1716552328.jpg,train
bing_1716552332.jpg,train
bing_1716552333.jpg,train
bing_1716552339.jpg,train
bing_1716552341_2.jpg,train
bing_1716552357.jpg,train
bing_1716552371.jpg,train
bing_1716552395.jpg,train
bing_1716552398.jpg,train
bing_1716552409.jpg,train
bing_1716552422_2.jpg,train
bing_1716552435.jpg,train
bing_1716552446.jpg,train
bing_1716552462.jpg,train
bing_1716552462_2.jpg,train
bing_1716552468.jpg,train
bing_1716552472.jpg,train
bing_1716552488.jpg,train
bing_1716552489.jpg,train
bing_1716552489_1.jpg,train
bing_1716552496.jpg,train
bing_1716552496_1.jpg,train
bing_1716552500.jpg,train
bing_1716552514.jpg,train
bing_1716552521.jpg,train
bing_1716552529.jpg,train
bing_1716552531.jpg,train
bing_1716552533.jpg,train
bing_1716552535.jpg,train
bing_1716552538.jpg,train
bing_1716552543.jpg,train
bing_1716552551.jpg,train
bing_1716552560.jpg,train
bing_1716552568.jpg,train
bing_1716552572 (2).jpg,train
bing_1716552577.jpg,train
bing_1716552585.jpg,train
bing_1716552595.jpg,train
bing_1716552608.jpg,train
bing_1716552634.jpg,train
bing_1716552637_2.jpg,train
bing_1716552665.jpg,train
bing_1716552668.jpg,train
bing_1716552672_2.jpg,train
bing_1716552688.jpg,train
bing_1716552690.jpg,train
bing_1716552717.jpg,train
bing_1716552719.jpg,train
bing_1716552753.jpg,train
bing_1716552771_1.jpg,train
bing_1716552778.jpg,train
bing_1716552829.jpg,train
bing_1716552831.jpg,train
bing_1716552861.jpg,train
bing_1716552867.jpg,train
bing_1716552924.jpg,train
bing_1716552947.jpg,train
bing_1716552951.jpg,train
bing_1716552968.jpg,train
bing_1716552976.jpg,train
bing_1716552977.jpg,train
bing_1716552989.jpg,train
bing_1716552995.jpg,train
bing_1716552997.jpg,train
bing_1716553003_2.jpg,train
bing_1716553048.jpg,train
bing_1716553053.jpg,train
bing_1716553057.jpg,train
bing_1716553058.jpg,train
bing_1716553088.jpg,train
bing_1716553099.jpg,train
bing_1716553136.jpg,train
bing_1716553149.jpg,train
bing_1716553151.jpg,train
bing_1716553203.jpg,train
bing_1716553209.jpg,train
bing_1716553236.jpg,train
bing_1716553241.jpg,train
bing_1716553256.jpg,train
bing_1716553262.jpg,train
bing_1716553264.jpg,train
bing_1716553293.jpg,train
bing_1716553350.jpg,train
bing_1716553391.jpg,train
bing_1716553394.jpg,train
bing_1716553436.jpg,train
bing_1716553467_3.jpg,train
bing_1716553468_4.jpg,train
bing_1716553487_2.jpg,train
bing_1716553499.jpg,train
bing_1716553515.jpg,train
bing_1716553518.jpg,train
bing_1716553557.jpg,train
bing_1716553600.jpg,train
bing_1716553607_3.jpg,train
bing_1716553632.jpg,train
bing_1716553674.jpg,train
bing_1716553735_3.jpg,train
bing_1716553747_2.jpg,train
bing_1716553750_3.jpg,train
bing_1716553754.jpg,train
bing_1716553768.jpg,train
bing_1716553818.jpg,train
bing_1716553832.jpg,train
bing_1716553860.jpg,train
bing_1716553861.jpg,train
bing_1716554046.jpg,train
bing_1716554047.jpg,train
bing_1716554071.jpg,train
bing_1716554075.jpg,train
bing_1716554075_2.jpg,train
bing_1716554085.jpg,train
bing_1716554086.jpg,train
bing_1716554093.jpg,train
bing_1716554094.jpg,train
bing_1716554099.jpg,train
bing_1716554105.jpg,train
bing_1716554109.jpg,train
bing_1716554113.jpg,train
bing_1716554118.jpg,train
bing_1716554121.jpg,train
bing_1716554122.jpg,train
bing_1716554125.jpg,train
bing_1716554132.jpg,train
bing_1716554142.jpg,train
bing_1716554163.jpg,train
bing_1716554166.jpg,train
bing_1716554169.jpg,train
bing_1716554177.jpg,train
bing_1716554184.jpg,train
bing_1716554229.jpg,train
bing_1716554231.jpg,train
bing_1716554233.jpg,train
bing_1716554284.jpg,train
bing_1716554284_2.jpg,train
bing_1716554296.jpg,train
bing_1716554299.jpg,train
bing_1716554303.jpg,train
bing_1716554309.jpg,train
bing_1716554312.jpg,train
bing_1716554329.jpg,train
bing_1716554333.jpg,train
bing_1716554337.jpg,train
bing_1716554362.jpg,train
bing_1716554370.jpg,train
bing_1716554396.jpg,train
bing_1716554397.jpg,train
bing_1716554425.jpg,train
bing_1716554437.jpg,train
bing_1716554457.jpg,train
bing_1716554488.jpg,train
bing_1716554499.jpg,train
bing_1716554502.jpg,train
bing_1716554504.jpg,train
bing_1716554510.jpg,train
bing_1716554517.jpg,train
bing_1716554545.jpg,train
bing_1716554551.jpg,train
bing_1716554556.jpg,train
bing_1716554558.jpg,train
bing_1716554566.jpg,train
bing_1716554567.jpg,train
bing_1716554622.jpg,train
bing_1716554623.jpg,train
bing_1716554629.jpg,train
bing_1716554633.jpg,train
bing_1716554642.jpg,train
bing_1716554652.jpg,train
bing_1716554708.jpg,train
bing_1716554720.jpg,train
bing_1716554721.jpg,train
bing_1716554721_2.jpg,train
bing_1716554726.jpg,train
bing_1716554751_2.jpg,train
bing_1716554775.jpg,train
bing_1716554778_1.jpg,train
bing_1716554780.jpg,train
bing_1716554781.jpg,train
bing_1716554783.jpg,train
bing_1716554784.jpg,train
bing_1716554788.jpg,train
bing_1716554790.jpg,train
bing_1716554802.jpg,train
bing_1716554835.jpg,train
bing_1716554836.jpg,train
bing_1716554876.jpg,train
bing_1716554877.jpg,train
bing_1716554949.jpg,train
bing_1716554999.jpg,train
bing_1716555000.jpg,train
bing_1716555000_2.jpg,train
bing_1716555000_3.jpg,train
bing_1716555001.jpg,train
bing_1716555003.jpg,train
bing_1716555004_3.jpg,train
bing_1716555005.jpg,train
bing_1716555006.jpg,train
bing_1716555006_2.jpg,train
bing_1716555008_2.jpg,train
bing_1716555009_2.jpg,train
bing_1716555021_1.jpg,train
bing_1716555023.jpg,train
bing_1716555031_2.jpg,train
bing_1716555033.jpg,train
bing_1716555036_1.jpg,train
bing_1716555054_2.jpg,train
bing_1716555054_2_1.jpg,train
bing_1716555057.jpg,train
bing_1716555068.jpg,train
bing_1716555069.jpg,train
bing_1716555080.jpg,train
bing_1716555084.jpg,train
bing_1716555090.jpg,train
bing_1716555099.jpg,train
bing_1716555100.jpg,train
bing_1716555104.jpg,train
bing_1716555124.jpg,train
bing_1716555129.jpg,train
bing_1716555131_2.jpg,train
bing_1716555133_2.jpg,train
bing_1716555135.jpg,train
bing_1716555136.jpg,train
bing_1716555139_2.jpg,train
bing_1716555140.jpg,train
bing_1716555141.jpg,train
bing_1716555141_2.jpg,train
bing_1716555147_4.jpg,train
bing_1716555148.jpg,train
bing_1716555154.jpg,train
bing_1716555157.jpg,train
bing_1716555159.jpg,train
bing_1716555161_2.jpg,train
bing_1716555162_2.jpg,train
bing_1716555162_2_1.jpg,train
bing_1716555164.jpg,train
bing_1716555165_1.jpg,train
bing_1716555167.jpg,train
bing_1716555168.jpg,train
bing_1716555169_2_1.jpg,train
bing_1716555170.jpg,train
bing_1716555173.jpg,train
bing_1716555179.jpg,train
bing_1716555181.jpg,train
bing_1716555192.jpg,train
bing_1716555194.jpg,train
bing_1716555195.jpg,train
bing_1716555197.jpg,train
bing_1716555212.jpg,train
bing_1716555212_3.jpg,train
bing_1716555214.jpg,train
bing_1716555217_2.jpg,train
bing_1716555222_2.jpg,train
bing_1716555223.jpg,train
bing_1716555227_2.jpg,train
bing_1716555229.jpg,train
bing_1716555230.jpg,train
bing_1716555232.jpg,train
bing_1716555245_2.jpg,train
bing_1716555246_2.jpg,train
bing_1716555247_2.jpg,train
bing_1716555254 (2).jpg,train
bing_1716555254_1.jpg,train
bing_1716555256.jpg,train
bing_1716555257_2.jpg,train
bing_1716555268.jpg,train
bing_1716555271.jpg,train
bing_1716555286.jpg,train
bing_1716555315_2.jpg,train
bing_1716555316_3.jpg,train
bing_1716555332_4.jpg,train
bing_1716555352.jpg,train
bing_1716555357.jpg,train
bing_1716555377.jpg,train
bing_1716555380_1.jpg,train
bing_1716555381_2.jpg,train
bing_1716555382.jpg,train
bing_1716555382_3.jpg,train
bing_1716555382_3_1.jpg,train
bing_1716555384.jpg,train
bing_1716555384_3.jpg,train
bing_1716555390.jpg,train
bing_1716555393_2.jpg,train
bing_1716555396.jpg,train
bing_1716555397.jpg,train
bing_1716555398.jpg,train
bing_1716555400.jpg,train
bing_1716555403_2.jpg,train
bing_1716555404_2.jpg,train
bing_1716555405.jpg,train
bing_1716555407.jpg,train
bing_1716555409.jpg,train
bing_1716555410.jpg,train
bing_1716555411.jpg,train
bing_1716555411_2.jpg,train
bing_1716555413.jpg,train
bing_1716555424.jpg,train
bing_1716555429.jpg,train
bing_1716555455 (2).jpg,train
bing_1716555456.jpg,train
bing_1716555465_2.jpg,train
bing_1716555478.jpg,train
bing_1716555479.jpg,train
bing_1716555480.jpg,train
bing_1716555485.jpg,train
bing_1716555488.jpg,train
bing_1716555493_2.jpg,train
bing_1716555495.jpg,train
bing_1716555495_1.jpg,train
bing_1716555496_1.jpg,train
bing_1716555503.jpg,train
bing_1716555505_1.jpg,train
bing_1716555509.jpg,train
bing_1716555512_1.jpg,train
bing_1716555514.jpg,train
bing_1716555517.jpg,train
bing_1716555519.jpg,train
bing_1716555520_2.jpg,train
bing_1716555523_2.jpg,train
bing_1716555523_4.jpg,train
bing_1716555524.jpg,train
bing_1716555524_2.jpg,train
bing_1716555525.jpg,train
bing_1716555550_1.jpg,train
bing_1716555555.jpg,train
bing_1716555569.jpg,train
bing_1716555582.jpg,train
bing_1716555586.jpg,train
bing_1716555589.jpg,train
bing_1716555595.jpg,train
bing_1716555604.jpg,train
bing_1716555621.jpg,train
bing_1716555623.jpg,train
bing_1716555624.jpg,train
bing_1716555631_3.jpg,train
bing_1716555635.jpg,train
bing_1716555674.jpg,train
bing_1716555823.jpg,train
bing_1716555894.jpg,train
bing_1716556308.jpg,train
bing_1716557033.jpg,train
bing_1716557051.jpg,train
bing_1716557066.jpg,train
bing_1716557107.jpg,train
bing_1716557119_2.jpg,train
bing_1716557123_1.jpg,train
bing_1716557124_3_1.jpg,train
bing_1716557125_2.jpg,train
bing_1716557125_3.jpg,train
bing_1716557137.jpg,train
bing_1716557138.jpg,train
bing_1716557139.jpg,train
bing_1716557146_2.jpg,train
bing_1716557147_2.jpg,train
bing_1716557153_2.jpg,train
bing_1716557179.jpg,train
bing_1716557191.jpg,train
bing_1716557208.jpg,train
bing_1716557217.jpg,train
bing_1716557263.jpg,train
bing_1716557267_2.jpg,train
bing_1716557274_2.jpg,train
bing_1716557296.jpg,train
bing_1716557300.jpg,train
bing_1716557301.jpg,train
bing_1716557320.jpg,train
bing_1716557324.jpg,train
bing_1716557342_2.jpg,train
bing_1716557371.jpg,train
bing_1716557375.jpg,train
bing_1716557418.jpg,train
bing_1716557428.jpg,train
bing_1716557433.jpg,train
bing_1716557445_2.jpg,train
bing_1716557448.jpg,train
bing_1716557452.jpg,train
bing_1716557452_2.jpg,train
bing_1716557453_2.jpg,train
bing_1716557456.jpg,train
bing_1716557463_2.jpg,train
bing_1716557479.jpg,train
bing_1716557508.jpg,train
bing_1716557531_2.jpg,train
bing_1716557538.jpg,train
bing_1716557725_2.jpg,train
bing_1716557781.jpg,train
bing_1716557811.jpg,train
bing_1716557840.jpg,train
bing_1716558071.jpg,train
bing_1716558098.jpg,train
bing_1716558131.jpg,train
bing_1716558182.jpg,train
bing_1716558277.jpg,train
bing_1716558338.jpg,train
bing_1716558383.jpg,train
bing_1716558496.jpg,train
bing_1716558498.jpg,train
bing_1716558498_1.jpg,train
bing_1716558514.jpg,train
bing_1716558523.jpg,train
bing_1716558525.jpg,train
bing_1716558529.jpg,train
bing_1716558542_2.jpg,train
bing_1716558579.jpg,train
bing_1716558600.jpg,train
bing_1716558608.jpg,train
bing_1716558613_1.jpg,train
bing_1716558671.jpg,train
bing_1716558673.jpg,train
bing_1716558682_2.jpg,train
bing_1716558686.jpg,train
bing_1716558698.jpg,train
bing_1716558702_2.jpg,train
bing_1716558708_2.jpg,train
bing_1716558715.jpg,train
bing_1716558715_4.jpg,train
bing_1716558725_2.jpg,train
bing_1716558729.jpg,train
bing_1716558730_2.jpg,train
bing_1716558734.jpg,train
bing_1716558751.jpg,train
bing_1716558757.jpg,train
bing_1716558761.jpg,train
bing_1716558787_2.jpg,train
bing_1716558790_2.jpg,train
bing_1716558792_4.jpg,train
bing_1716558796_3.jpg,train
bing_1716558798_2.jpg,train
bing_1716558803.jpg,train
bing_1716558820_2.jpg,train
bing_1716558831.jpg,train
bing_1716558839.jpg,train
bing_1716558839_3.jpg,train
bing_1716558858.jpg,train
bing_1716558863.jpg,train
bing_1716558868_2.jpg,train
bing_1716558900_2.jpg,train
bing_1716558902.jpg,train
bing_1716558904_2.jpg,train
bing_1716558905.jpg,train
bing_1716559086.jpg,train
bing_1716559105.jpg,train
bing_1716559165.jpg,train
bing_1716559179.jpg,train
bing_1716559185.jpg,train
bing_1716559193.jpg,train
bing_1716559210.jpg,train
bing_1716559266.jpg,train
bing_1716559283.jpg,train
bing_1716559336.jpg,train
bing_1716559385.jpg,train
bing_1716559411.jpg,train
bing_1716559439.jpg,train
bing_1716559573.jpg,train
bing_1716559574.jpg,train
bing_1716559645.jpg,train
bing_1716559735.jpg,train
bing_1716559946.jpg,train
bing_1716560033.jpg,train
bing_1716560097_2.jpg,train
bing_1716560099.jpg,train
bing_1716560101_4.jpg,train
bing_1716560106.jpg,train
bing_1716560109.jpg,train
bing_1716560110.jpg,train
bing_1716560116.jpg,train
bing_1716560122.jpg,train
bing_1716560134.jpg,train
bing_1716560139.jpg,train
bing_1716560159.jpg,train
bing_1716560192.jpg,train
bing_1716560192_2.jpg,train
bing_1716560201 (2).jpg,train
bing_1716560201_1.jpg,train
bing_1716560207_2.jpg,train
bing_1716560209.jpg,train
bing_1716560210 (2).jpg,train
bing_1716560210.jpg,train
bing_1716560212_2.jpg,train
bing_1716560215 (2).jpg,train
bing_1716560217 (2).jpg,train
bing_1716560218 (2).jpg,train
bing_1716560218.jpg,train
bing_1716560218_2.jpg,train
bing_1716560235 (2).jpg,train
bing_1716560237.jpg,train
bing_1716560245.jpg,train
bing_1716560252.jpg,train
bing_1716560255_2.jpg,train
bing_1716560260.jpg,train
bing_1716560260_2.jpg,train
bing_1716560263.jpg,train
bing_1716560276_2.jpg,train
bing_1716560283.jpg,train
bing_1716560299.jpg,train
bing_1716560303.jpg,train
bing_1716560308.jpg,train
bing_1716560311.jpg,train
bing_1716560314.jpg,train
bing_1716560316.jpg,train
bing_1716560317.jpg,train
bing_1716560318.jpg,train
bing_1716560330.jpg,train
bing_1716560369.jpg,train
bing_1716560384.jpg,train
bing_1716560384_3.jpg,train
bing_1716560386.jpg,train
bing_1716560387_5.jpg,train
bing_1716560398.jpg,train
bing_1716560399.jpg,train
bing_1716560413.jpg,train
bing_1716560417 (2).jpg,train
bing_1716560418_2.jpg,train
bing_1716560431_2.jpg,train
bing_1716560442.jpg,train
bing_1716560444.jpg,train
bing_1716560466.jpg,train
bing_1716560470.jpg,train
bing_1716560473.jpg,train
bing_1716560491_2.jpg,train
bing_1716560497.jpg,train
bing_1716560498_3.jpg,train
bing_1716560500.jpg,train
bing_1716560501 (2).jpg,train
bing_1716560501.jpg,train
bing_1716560504.jpg,train
bing_1716560510.jpg,train
bing_1716560511.jpg,train
bing_1716560513_2.jpg,train
bing_1716560518.jpg,train
bing_1716560527.jpg,train
bing_1716560528_3.jpg,train
bing_1716560530.jpg,train
bing_1716560553_2.jpg,train
bing_1716560556.jpg,train
bing_1716560563.jpg,train
bing_1716560565.jpg,train
bing_1716560565_2.jpg,train
bing_1716560571.jpg,train
bing_1716560574.jpg,train
bing_1716560580.jpg,train
bing_1716560582 (2).jpg,train
bing_1716560582.jpg,train
bing_1716560600.jpg,train
bing_1716560605.jpg,train
bing_1716560609.jpg,train
bing_1716560610.jpg,train
bing_1716560611.jpg,train
bing_1716560633_2.jpg,train
bing_1716560678.jpg,train
bing_1716561707.jpg,train
bing_1716561738_4.jpg,train
bing_1716561747_2.jpg,train
bing_1716561748.jpg,train
bing_1716561749.jpg,train
bing_1716561758_2.jpg,train
bing_1716561762_2.jpg,train
bing_1716561769.jpg,train
bing_1716561785.jpg,train
bing_1716561832.jpg,train
bing_1716561834.jpg,train
bing_1716561836_2.jpg,train
bing_1716561843.jpg,train
bing_1716561848.jpg,train
bing_1716561865_4.jpg,train
bing_1716561866.jpg,train
bing_1716561867.jpg,train
bing_1716561878_3.jpg,train
bing_1716561914.jpg,train
bing_1716561914_2.jpg,train
bing_1716561917.jpg,train
bing_1716561922.jpg,train
bing_1716561923_2.jpg,train
bing_1716561924.jpg,train
bing_1716561936_3.jpg,train
bing_1716561944_4.jpg,train
bing_1716561952.jpg,train
bing_1716561982_2.jpg,train
bing_1716562032.jpg,train
bing_1716562074.jpg,train
bing_1716562195.jpg,train
bing_1716562217_2.jpg,train
bing_1716562285.jpg,train
bing_1716562320.jpg,train
bing_1716562322.jpg,train
bing_1716562336.jpg,train
bing_1716562342.jpg,train
bing_1716562369.jpg,train
bing_1716562379.jpg,train
bing_1716562439.jpg,train
bing_1716562469.jpg,train
bing_1716562482.jpg,train
bing_1716562487.jpg,train
bing_1716562531.jpg,train
bing_1716562551.jpg,train
bing_1716562562.jpg,train
bing_1716562564.jpg,train
bing_1716562587.jpg,train
bing_1716562589.jpg,train
bing_1716562603.jpg,train
bing_1716562620_2.jpg,train
bing_1716562642.jpg,train
bing_1716562663.jpg,train
bing_1716562723.jpg,train
bing_1716562729.jpg,train
bing_1716562806.jpg,train
bing_1716562811_7.jpg,train
bing_1716562812.jpg,train
bing_1716562814_2.jpg,train
bing_1716562822_2.jpg,train
bing_1716562823.jpg,train
bing_1716562829.jpg,train
bing_1716562834.jpg,train
bing_1716562839.jpg,train
bing_1716562842.jpg,train
bing_1716562849.jpg,train
bing_1716562907.jpg,train
bing_1716562909_2.jpg,train
bing_1716562920.jpg,train
bing_1716562922.jpg,train
bing_1716562924.jpg,train
bing_1716562924_1.jpg,train
bing_1716562937_2.jpg,train
bing_1716562945.jpg,train
bing_1716562946_3.jpg,train
bing_1716562949.jpg,train
bing_1716562952.jpg,train
bing_1716562956.jpg,train
bing_1716562974.jpg,train
bing_1716562991_2.jpg,train
bing_1716562996.jpg,train
bing_1716563001.jpg,train
bing_1716563010_3.jpg,train
bing_1716563016.jpg,train
bing_1716563018.jpg,train
bing_1716563020.jpg,train
bing_1716563026.jpg,train
bing_1716563031_3.jpg,train
bing_1716563036.jpg,train
bing_1716563044.jpg,train
bing_1716563047.jpg,train
bing_1716563055.jpg,train
bing_1716563062_2.jpg,train
bing_1716563089_2.jpg,train
bing_1716563110.jpg,train
bing_1716563126.jpg,train
bing_1716563127.jpg,train
bing_1716563139_2.jpg,train
bing_1716563146.jpg,train
bing_1716563150.jpg,train
bing_1716563232.jpg,train
bing_1716563290.jpg,train
bing_1716563353_4.jpg,train
bing_1716563404.jpg,train
bing_1716563421.jpg,train
bing_1716563782_2.jpg,train
bing_1716563782_4.jpg,train
bing_1716564487.jpg,train
bing_1716564520.jpg,train
bing_1716564532.jpg,train
bing_1716564538.jpg,train
bing_1716564581.jpg,train
bing_1716564584.jpg,train
bing_1716564585.jpg,train
bing_1716564587.jpg,train
bing_1716564591.jpg,train
bing_1716564593.jpg,train
bing_1716564594.jpg,train
bing_1716564595.jpg,train
bing_1716564643.jpg,train
bing_1716564661.jpg,train
bing_1716564667.jpg,train
bing_1716564670.jpg,train
bing_1716564701.jpg,train
bing_1716564723.jpg,train
bing_1716564764.jpg,train
bing_1716564768.jpg,train
bing_1716564788.jpg,train
bing_1716564791.jpg,train
bing_1716564797.jpg,train
bing_1716564799_2.jpg,train
bing_1716564806.jpg,train
bing_1716564822.jpg,train
bing_1716564828.jpg,train
bing_1716564837.jpg,train
bing_1716564837_1.jpg,train
bing_1716564865.jpg,train
bing_1716564889.jpg,train
bing_1716564894.jpg,train
bing_1716564900.jpg,train
bing_1716564903.jpg,train
bing_1716564907.jpg,train
bing_1716564990.jpg,train
bing_1716565064.jpg,train
bing_1716565075.jpg,train
bing_1716565103.jpg,train
bing_1716565105.jpg,train
bing_1716565106.jpg,train
bing_1716565188.jpg,train
bing_1716565237.jpg,train
bing_1716565263.jpg,train
bing_1716565341.jpg,train
bing_1716565446.jpg,train
bing_1716565447.jpg,train
bing_1716565481.jpg,train
bing_1716565526.jpg,train
bing_1716565534_2.jpg,train
bing_1716565535.jpg,train
bing_1716565581.jpg,train
bing_1716565590.jpg,train
bing_1716565596.jpg,train
bing_1716565791_2.jpg,train
bing_1716604621.jpg,train
bing_1716604667.jpg,train
bing_1716604721_2.jpg,train
bing_1716604723.jpg,train
bing_1716604729.jpg,train
bing_1716604737.jpg,train
bing_1716604751.jpg,train
bing_1716604755_2.jpg,train
bing_1716604764.jpg,train
bing_1716604765.jpg,train
bing_1716604776.jpg,train
bing_1716604791.jpg,train
bing_1716604799.jpg,train
bing_1716604833.jpg,train
bing_1716604966.jpg,train
bing_1716609880.jpg,train
bing_1716609889.jpg,train
bing_1716609889_5.jpg,train
bing_1716609889_6.jpg,train
bing_1716609890_1.jpg,train
bing_1716609891_4.jpg,train
bing_1716609893_1.jpg,train
bing_1716609896.jpg,train
bing_1716609897.jpg,train
bing_1716609898.jpg,train
bing_1716609900_4.jpg,train
bing_1716609901_2.jpg,train
bing_1716609901_4.jpg,train
bing_1716609905.jpg,train
bing_1716609908.jpg,train
bing_1716609912_2.jpg,train
bing_1716609915.jpg,train
bing_1716609916.jpg,train
bing_1716609920.jpg,train
bing_1716609921_2.jpg,train
bing_1716609921_3.jpg,train
bing_1716609922.jpg,train
bing_1716609922_3.jpg,train
bing_1716609923.jpg,train
bing_1716609923_2.jpg,train
bing_1716609924.jpg,train
bing_1716609927 (2).jpg,train
bing_1716609927.jpg,train
bing_1716609927_3.jpg,train
bing_1716609927_7.jpg,train
bing_1716609928_3.jpg,train
bing_1716609929_2.jpg,train
bing_1716609930.jpg,train
bing_1716609930_2.jpg,train
bing_1716609932_2.jpg,train
bing_1716609939.jpg,train
bing_1716609941_2.jpg,train
bing_1716609942_2.jpg,train
bing_1716609942_4.jpg,train
bing_1716609943_2.jpg,train
bing_1716609944.jpg,train
bing_1716609949.jpg,train
bing_1716609955_5.jpg,train
bing_1716609978.jpg,train
bing_1716609979_2.jpg,train
bing_1716609988_2.jpg,train
bing_1716609992.jpg,train
bing_1716609996.jpg,train
bing_1716610011.jpg,train
bing_1716610014_2.jpg,train
bing_1716610035.jpg,train
bing_1716610046.jpg,train
bing_1716610048.jpg,train
bing_1716610049_1.jpg,train
bing_1716610050_2.jpg,train
bing_1716610053.jpg,train
bing_1716610055.jpg,train
bing_1716610056.jpg,train
bing_1716610060_2.jpg,train
bing_1716610061.jpg,train
bing_1716610061_4.jpg,train
bing_1716610062_2.jpg,train
bing_1716610074.jpg,train
bing_1716610076.jpg,train
bing_1716610084_3.jpg,train
bing_1716610085.jpg,train
bing_1716610085_3.jpg,train
bing_1716610085_4.jpg,train
bing_1716610088.jpg,train
bing_1716610122_4.jpg,train
bing_1716610123_2.jpg,train
bing_1716610124_2.jpg,train
bing_1716610125_2.jpg,train
bing_1716610180.jpg,train
bing_1716610180_2.jpg,train
bing_1716610183.jpg,train
bing_1716610184_4.jpg,train
bing_1716610184_6.jpg,train
bing_1716610185.jpg,train
bing_1716610187_3.jpg,train
bing_1716610187_5.jpg,train
bing_1716610220_3.jpg,train
bing_1716610221_3.jpg,train
bing_1716610222.jpg,train
bing_1716610222_6.jpg,train
bing_1716610263.jpg,train
bing_1716610264.jpg,train
bing_1716610271.jpg,train
bing_1716610306.jpg,train
bing_1716610309.jpg,train
bing_1716610312.jpg,train
bing_1716610314.jpg,train
bing_1716610320.jpg,train
bing_1716610342.jpg,train
bing_1716610365.jpg,train
bing_1716610367.jpg,train
bing_1716610368.jpg,train
bing_1716610373.jpg,train
bing_1716610376.jpg,train
bing_1716610399.jpg,train
bing_1716610402.jpg,train
bing_1716610410_3.jpg,train
bing_1716610459.jpg,train
bing_1716610520.jpg,train
bing_1716610523.jpg,train
bing_1716610545.jpg,train
bing_1716610582.jpg,train
bing_1716610796.jpg,train
bing_1716610820.jpg,train
bing_1716610822.jpg,train
bing_1716610845.jpg,train
bing_1716610855.jpg,train
bing_1716610864.jpg,train
bing_1716610907.jpg,train
bing_1716610916.jpg,train
bing_1716611195.jpg,train
bing_1716611710_4.jpg,train
bing_1716611710_6.jpg,train
bing_1716614635_2.jpg,train
bing_1716614680.jpg,train
bing_1716614710_2.jpg,train
bing_1716614712_2.jpg,train
bing_1716614744_3.jpg,train
bing_1716614746.jpg,train
bing_1716614747.jpg,train
bing_1716614763_2.jpg,train
bing_1716614770_2.jpg,train
bing_1716614787.jpg,train
bing_1716614787_1.jpg,train
bing_1716614790.jpg,train
bing_1716614792.jpg,train
bing_1716614795.jpg,train
bing_1716614796.jpg,train
bing_1716614801.jpg,train
bing_1716614803_2.jpg,train
bing_1716614821.jpg,train
bing_1716614828.jpg,train
bing_1716614838_4.jpg,train
bing_1716614839_2.jpg,train
bing_1716614840.jpg,train
bing_1716614841.jpg,train
bing_1716614856_4.jpg,train
bing_1716614858.jpg,train
bing_1716614862_2.jpg,train
bing_1716614869_4.jpg,train
bing_1716614892_3.jpg,train
bing_1716614895_3.jpg,train
bing_1716614896_3.jpg,train
bing_1716614900_3.jpg,train
bing_1716614909_3.jpg,train
bing_1716614909_4.jpg,train
bing_1716614911_2.jpg,train
bing_1716614971_7.jpg,train
bing_1716614975.jpg,train
bing_1716615018_2.jpg,train
bing_1716615029_2.jpg,train
bing_1716615049_5.jpg,train
bing_1716615100_2.jpg,train
bing_1716615223.jpg,train
bing_1716617458.jpg,train
bing_1716617465.jpg,train
bing_1716617465_3.jpg,train
bing_1716617467_4.jpg,train
bing_1716617469_2.jpg,train
bing_1716617493.jpg,train
bing_1716617507.jpg,train
bing_1716617507_2.jpg,train
bing_1716617516.jpg,train
bing_1716617536.jpg,train
bing_1716617536_5.jpg,train
bing_1716617545.jpg,train
bing_1716617547_4.jpg,train
bing_1716617562_6.jpg,train
bing_1716617570.jpg,train
bing_1716617573.jpg,train
bing_1716617574.jpg,train
bing_1716617576.jpg,train
bing_1716617578_2.jpg,train
bing_1716617585.jpg,train
bing_1716617658_2.jpg,train
bing_1716617705_3.jpg,train
bing_1716617806.jpg,train
bing_1716617808.jpg,train
bing_1716617809.jpg,train
bing_1716617826.jpg,train
bing_1716617867.jpg,train
bing_1716619442_2.jpg,train
bing_1716620958_2.jpg,train
bing_1716620960 (2).jpg,train
bing_1716620960_1.jpg,train
bing_1716620961.jpg,train
bing_1716620962_3.jpg,train
bing_1716620962_5.jpg,train
bing_1716620962_6.jpg,train
bing_1716620962_7.jpg,train
bing_1716620963_2.jpg,train
bing_1716620970.jpg,train
bing_1716620973.jpg,train
bing_1716620985_2.jpg,train
bing_1716621003.jpg,train
bing_1716621009.jpg,train
bing_1716621067_2.jpg,train
bing_1716621067_3.jpg,train
bing_1716621068.jpg,train
bing_1716621068_5.jpg,train
bing_1716621069.jpg,train
bing_1716621127_2.jpg,train
bing_1716621139_2.jpg,train
bing_1716621151_2.jpg,train
bing_1716621153_2.jpg,train
bing_1716621238_2.jpg,train
bing_1716621241_2.jpg,train
bing_1716621242_2.jpg,train
bing_1716621301.jpg,train
bing_1716621301_2.jpg,train
bing_1716621303_2.jpg,train
bing_1716621304.jpg,train
bing_1716621307.jpg,train
bing_1716621314.jpg,train
bing_1716621315_2.jpg,train
bing_1716621316_4.jpg,train
bing_1716621333.jpg,train
bing_1716621400.jpg,train
bing_1716621401.jpg,train
bing_1716621401_2.jpg,train
bing_1716621404.jpg,train
bing_1716621408.jpg,train
bing_1716621408_1.jpg,train
bing_1716621433.jpg,train
bing_1716621605.jpg,train
bing_1716621607.jpg,train
bing_1716621747.jpg,train
bing_1716621820.jpg,train
bing_1716621976.jpg,train
bing_1716622152.jpg,train
bing_1716622545.jpg,train
bing_1716622546_4.jpg,train
bing_1716622547_3.jpg,train
bing_1716622551_4.jpg,train
bing_1716622554.jpg,train
bing_1716622554_2.jpg,train
bing_1716622561.jpg,train
bing_1716622561_1.jpg,train
bing_1716622562_3.jpg,train
bing_1716622562_4.jpg,train
bing_1716622562_6.jpg,train
bing_1716622563_2.jpg,train
bing_1716622563_2_1.jpg,train
bing_1716622568_3.jpg,train
bing_1716622569.jpg,train
bing_1716622570_5.jpg,train
bing_1716622571.jpg,train
bing_1716622573.jpg,train
bing_1716622573_3.jpg,train
bing_1716622574_3.jpg,train
bing_1716622575.jpg,train
bing_1716622576_3.jpg,train
bing_1716622577.jpg,train
bing_1716622578_2.jpg,train
bing_1716622579.jpg,train
bing_1716622580.jpg,train
bing_1716622580_3.jpg,train
bing_1716622581_4.jpg,train
bing_1716622589.jpg,train
bing_1716622589_2.jpg,train
bing_1716622596_2.jpg,train
bing_1716622613_4.jpg,train
bing_1716622617.jpg,train
bing_1716622618.jpg,train
bing_1716622635_3.jpg,train
bing_1716622642.jpg,train
bing_1716622644.jpg,train
bing_1716622644_2_1.jpg,train
bing_1716622644_3.jpg,train
bing_1716622644_4.jpg,train
bing_1716622644_5.jpg,train
bing_1716622645_6.jpg,train
bing_1716622645_7.jpg,train
bing_1716622646_5.jpg,train
bing_1716622663_5.jpg,train
bing_1716622666.jpg,train
bing_1716622702.jpg,train
bing_1716622738_2.jpg,train
bing_1716622744.jpg,train
bing_1716622744_3.jpg,train
bing_1716622749_3.jpg,train
bing_1716622773.jpg,train
bing_1716622786_2.jpg,train
bing_1716622793_2.jpg,train
bing_1716622794.jpg,train
bing_1716622795.jpg,train
bing_1716622878.jpg,train
bing_1716622879.jpg,train
bing_1716623447.jpg,train
bing_1716623760.jpg,train
bing_1716623761_2.jpg,train
bing_1716623766_2.jpg,train
bing_1716623767_3.jpg,train
bing_1716623769.jpg,train
bing_1716623769_3.jpg,train
bing_1716623769_5.jpg,train
bing_1716623770_2.jpg,train
bing_1716623771_3.jpg,train
bing_1716623789.jpg,train
bing_1716623789_2.jpg,train
bing_1716623795.jpg,train
bing_1716623822_4.jpg,train
bing_1716623829.jpg,train
bing_1716623849_2.jpg,train
bing_1716623850.jpg,train
bing_1716623851.jpg,train
bing_1716623904_4.jpg,train
bing_1716623906.jpg,train
bing_1716623909_4.jpg,train
bing_1716623909_6.jpg,train
bing_1716623910_4.jpg,train
bing_1716623911_2.jpg,train
bing_1716623912_2.jpg,train
bing_1716623912_3.jpg,train
bing_1716623922_3.jpg,train
bing_1716623923_3.jpg,train
bing_1716623923_5.jpg,train
bing_1716623965.jpg,train
bing_1716623966_2.jpg,train
bing_1716623966_3.jpg,train
bing_1716623980.jpg,train
bing_1716624002_2.jpg,train
bing_1716624002_4.jpg,train
bing_1716624004_2.jpg,train
bing_1716624007_4.jpg,train
bing_1716624070_2.jpg,train
bing_1716624072.jpg,train
bing_1716624073_4.jpg,train
bing_1716624086_2.jpg,train
bing_1716624097_3.jpg,train
bing_1716624100.jpg,train
bing_1716624336.jpg,train
bing_1716624337_2.jpg,train
bing_1716696702_2.jpg,train
bing_1716696703_2.jpg,train
bing_1716696704.jpg,train
bing_1716696708_3.jpg,train
bing_1716696771_4.jpg,train
bing_1716696823_3.jpg,train
bing_1716696869_2.jpg,train
bing_1716696870_2.jpg,train
bing_1716698545.jpg,train
bing_1716698548.jpg,train
bing_1716698551.jpg,train
bing_1716698555.jpg,train
bing_1716698573.jpg,train
bing_1716698584.jpg,train
bing_1716698585.jpg,train
bing_1716698588_2.jpg,train
bing_1716698593.jpg,train
bing_1716698698.jpg,train
bing_1716698705.jpg,train
bing_1716698720.jpg,train
bing_1716698726.jpg,train
bing_1716698752.jpg,train
bing_1716698814.jpg,train
bing_1716698817.jpg,train
bing_1716698820.jpg,train
bing_1716698821.jpg,train
bing_1716698853.jpg,train
bing_1716699051.jpg,train
bing_1716699092.jpg,train
bing_1716699119.jpg,train
bing_1716699325.jpg,train
bing_1716699399.jpg,train
bing_1716699401.jpg,train
bing_1716699402.jpg,train
bing_1716699449.jpg,train
bing_1716699508.jpg,train
bing_1716699525.jpg,train
bing_1716699544.jpg,train
bing_1716699564.jpg,train
bing_1716699595.jpg,train
bing_1716699624.jpg,train
bing_1716699629.jpg,train
bing_1716699655.jpg,train
bing_1716699752.jpg,train
bing_1716699802.jpg,train
bing_1716700030.jpg,train
bing_1716700102.jpg,train
bing_1716700109.jpg,train
bing_1716700618.jpg,train
bing_1716700869.jpg,train
bing_1716700943.jpg,train
bing_1716701116.jpg,train
bing_1716701458.jpg,train
bing_1716701476.jpg,train
bing_1716701533.jpg,train
bing_1716707700.jpg,train
bing_1716707732.jpg,train
bing_1716707742.jpg,train
bing_1716707748.jpg,train
bing_1716707748_1.jpg,train
bing_1716707749.jpg,train
bing_1716707749_1.jpg,train
bing_1716707754.jpg,train
bing_1716707760.jpg,train
bing_1716707762.jpg,train
bing_1716707766.jpg,train
bing_1716707780.jpg,train
bing_1716707788.jpg,train
bing_1716707789.jpg,train
bing_1716707790.jpg,train
bing_1716707803.jpg,train
bing_1716707806.jpg,train
bing_1716707821.jpg,train
bing_1716707833.jpg,train
bing_1716707836_1.jpg,train
bing_1716707837.jpg,train
bing_1716707866.jpg,train
bing_1716707876.jpg,train
bing_1716707878.jpg,train
bing_1716707902.jpg,train
bing_1716707909.jpg,train
bing_1716707917.jpg,train
bing_1716707935.jpg,train
bing_1716707936.jpg,train
bing_1716707939.jpg,train
bing_1716707954.jpg,train
bing_1716707955.jpg,train
bing_1716707958.jpg,train
bing_1716707959.jpg,train
bing_1716708004.jpg,train
bing_1716708036.jpg,train
bing_1716708039.jpg,train
bing_1716708042.jpg,train
bing_1716708044.jpg,train
bing_1716708139.jpg,train
bing_1716708150.jpg,train
bing_1716708174.jpg,train
bing_1716708225.jpg,train
bing_1716708248_3.jpg,train
bing_1716708250.jpg,train
bing_1716708270.jpg,train
bing_1716708274.jpg,train
bing_1716708305.jpg,train
bing_1716708307.jpg,train
bing_1716708319.jpg,train
bing_1716708333.jpg,train
bing_1716709184.jpg,train
bing_1716709187.jpg,train
bing_1716709187_2.jpg,train
bing_1716709187_3.jpg,train
bing_1716709252.jpg,train
bing_1716709254.jpg,train
bing_1716709274.jpg,train
bing_1716709297.jpg,train
bing_1716709316.jpg,train
bing_1716709320.jpg,train
bing_1716709327.jpg,train
bing_1716709332.jpg,train
bing_1716709335.jpg,train
bing_1716709347.jpg,train
bing_1716709347_2.jpg,train
bing_1716709355.jpg,train
bing_1716709369_2.jpg,train
bing_1716718549.jpg,train
bing_1716718673.jpg,train
bing_1716718676.jpg,train
bing_1716718863.jpg,train
bing_1716724820_2.jpg,train
bing_1716724821.jpg,train
bing_1716724821_2.jpg,train
bing_1716724822_2.jpg,train
bing_1716724824.jpg,train
bing_1716724824_3.jpg,train
bing_1716724827.jpg,train
bing_1716724827_3.jpg,train
bing_1716724831.jpg,train
bing_1716724834.jpg,train
bing_1716724835.jpg,train
bing_1716724837_2.jpg,train
bing_1716724837_2_1.jpg,train
bing_1716724838.jpg,train
bing_1716724840.jpg,train
bing_1716724843.jpg,train
bing_1716724843_2.jpg,train
bing_1716724848.jpg,train
bing_1716724848_2.jpg,train
bing_1716724849.jpg,train
bing_1716724850.jpg,train
bing_1716724851.jpg,train
bing_1716724854.jpg,train
bing_1716724855_3.jpg,train
bing_1716724856_2.jpg,train
bing_1716724858.jpg,train
bing_1716724858_2.jpg,train
bing_1716724859_3.jpg,train
bing_1716724861.jpg,train
bing_1716724871.jpg,train
bing_1716724874.jpg,train
bing_1716724874_1.jpg,train
bing_1716724877_2.jpg,train
bing_1716724878.jpg,train
bing_1716724879.jpg,train
bing_1716724879_2.jpg,train
bing_1716724881.jpg,train
bing_1716724881_2.jpg,train
bing_1716724910_5.jpg,train
bing_1716724910_7.jpg,train
bing_1716724912.jpg,train
bing_1716724942_2.jpg,train
bing_1716724994.jpg,train
bing_1716724995.jpg,train
bing_1716725008.jpg,train
bing_1716725064.jpg,train
bing_1716725096.jpg,train
bing_1716725105_2.jpg,train
bing_1716725108.jpg,train
bing_1716725112.jpg,train
bing_1716725266.jpg,train
bing_1716725266_2.jpg,train
bing_1716726053_2.jpg,train
bing_1716726053_3.jpg,train
bing_1716726053_4.jpg,train
bing_1716726059_4.jpg,train
bing_1716726060.jpg,train
bing_1716726060_4.jpg,train
bing_1716726061_3.jpg,train
bing_1716726070.jpg,train
bing_1716726077.jpg,train
bing_1716726077_1.jpg,train
bing_1716726082.jpg,train
bing_1716726083_2.jpg,train
bing_1716726084.jpg,train
bing_1716726084_2.jpg,train
bing_1716726085_1.jpg,train
bing_1716726085_2.jpg,train
bing_1716726089.jpg,train
bing_1716726090_2.jpg,train
bing_1716726094.jpg,train
bing_1716726103.jpg,train
bing_1716726103_1.jpg,train
bing_1716726105_3.jpg,train
bing_1716726106_5.jpg,train
bing_1716726106_7.jpg,train
bing_1716726106_8.jpg,train
bing_1716726109.jpg,train
bing_1716726110.jpg,train
bing_1716726110_1.jpg,train
bing_1716726112_5.jpg,train
bing_1716726113_5.jpg,train
bing_1716726115.jpg,train
bing_1716726117_2.jpg,train
bing_1716726117_3.jpg,train
bing_1716726123.jpg,train
bing_1716726126_2.jpg,train
bing_1716726131_4.jpg,train
bing_1716726182_4.jpg,train
bing_1716726185_3.jpg,train
bing_1716726186_2.jpg,train
bing_1716726192_1.jpg,train
bing_1716726192_2.jpg,train
bing_1716726193_3.jpg,train
bing_1716726194_2.jpg,train
bing_1716726194_3.jpg,train
bing_1716726195_1.jpg,train
bing_1716726195_3.jpg,train
bing_1716726195_4.jpg,train
bing_1716726197.jpg,train
bing_1716726197_2.jpg,train
bing_1716726198_6.jpg,train
bing_1716726201.jpg,train
bing_1716726203.jpg,train
bing_1716726207_4.jpg,train
bing_1716726207_6.jpg,train
bing_1716726208_3.jpg,train
bing_1716726210_4.jpg,train
bing_1716726210_5.jpg,train
bing_1716726215_6.jpg,train
bing_1716726223.jpg,train
bing_1716726223_3.jpg,train
bing_1716726223_4.jpg,train
bing_1716726224_3.jpg,train
bing_1716726224_5.jpg,train
bing_1716726225.jpg,train
bing_1716726225_3.jpg,train
bing_1716726227.jpg,train
bing_1716726228.jpg,train
bing_1716726229.jpg,train
bing_1716726229_2.jpg,train
bing_1716726230.jpg,train
bing_1716726230_3.jpg,train
bing_1716726230_4.jpg,train
bing_1716726231_3.jpg,train
bing_1716726233_3.jpg,train
bing_1716726237.jpg,train
bing_1716726238.jpg,train
bing_1716726238_2.jpg,train
bing_1716726240.jpg,train
bing_1716726244_2.jpg,train
bing_1716726249.jpg,train
bing_1716726251.jpg,train
bing_1716726253.jpg,train
bing_1716726254_2.jpg,train
bing_1716726254_5.jpg,train
bing_1716726254_6.jpg,train
bing_1716726255_1.jpg,train
bing_1716726255_2.jpg,train
bing_1716726255_4.jpg,train
bing_1716726256_2.jpg,train
bing_1716726261.jpg,train
bing_1716726262_2.jpg,train
bing_1716726262_4.jpg,train
bing_1716726275.jpg,train
bing_1716726275_4.jpg,train
bing_1716726276.jpg,train
bing_1716726276_2.jpg,train
bing_1716726276_3.jpg,train
bing_1716726276_5.jpg,train
bing_1716726277_2.jpg,train
bing_1716726277_3.jpg,train
bing_1716726283.jpg,train
bing_1716726284.jpg,train
bing_1716726284_3.jpg,train
bing_1716726336.jpg,train
bing_1716726341_4.jpg,train
bing_1716726425.jpg,train
bing_1716726488.jpg,train
bing_1716726495_5.jpg,train
bing_1716726496.jpg,train
bing_1716726496_2.jpg,train
bing_1716726497_2.jpg,train
bing_1716726498.jpg,train
bing_1716726499_3.jpg,train
bing_1716726501_4.jpg,train
bing_1716726502.jpg,train
bing_1716727549_2.jpg,train
bing_1716727552_2.jpg,train
bing_1716727553.jpg,train
bing_1716727557.jpg,train
bing_1716727557_3.jpg,train
bing_1716727559.jpg,train
bing_1716727562.jpg,train
bing_1716727600.jpg,train
bing_1716727603.jpg,train
bing_1716727623.jpg,train
bing_1716727807.jpg,train
bing_1716727868.jpg,train
bing_1716727984.jpg,train
bing_1716728085.jpg,train
bing_1716728167.jpg,train
bing_1716728223.jpg,train
bing_1716728229.jpg,train
bing_1716728236.jpg,train
bing_1716728338.jpg,train
bing_1716728374.jpg,train
bing_1716728416.jpg,train
bing_1716728420.jpg,train
bing_1716728424.jpg,train
bing_1716728428.jpg,train
bing_1716728450.jpg,train
bing_1716728466.jpg,train
bing_1716728473.jpg,train
bing_1716728503.jpg,train
bing_1716728517.jpg,train
bing_1716728528.jpg,train
bing_1716728543.jpg,train
bing_1716728549.jpg,train
bing_1716728556.jpg,train
bing_1716728572.jpg,train
bing_1716728584.jpg,train
bing_1716728594.jpg,train
bing_1716728600.jpg,train
bing_1716728603.jpg,train
bing_1716728627.jpg,train
bing_1716728632.jpg,train
bing_1716728717.jpg,train
bing_1716728723.jpg,train
bing_1716729002.jpg,train
bing_1716729711.jpg,train
bing_1716809697.jpg,train
bing_1716809729.jpg,train
bing_1716809734.jpg,train
bing_1716809780.jpg,train
bing_1716809785.jpg,train
bing_1716809791.jpg,train
bing_1716809896.jpg,train
bing_1716809911.jpg,train
bing_1716809916.jpg,train
bing_1716809976.jpg,train
bing_1716810147.jpg,train
bing_1716810253.jpg,train
bing_1716810297.jpg,train
bing_1716810369.jpg,train
bing_1716810389.jpg,train
bing_1716810408.jpg,train
bing_1716810415.jpg,train
bing_1716810441.jpg,train
bing_1716810515.jpg,train
bing_1716810536.jpg,train
bing_1716810543.jpg,train
bing_1716810548.jpg,train
bing_1716810571.jpg,train
bing_1716810571_2.jpg,train
bing_1716810571_3.jpg,train
bing_1716810574.jpg,train
bing_1716810580_1.jpg,train
bing_1716810596.jpg,train
bing_1716810597.jpg,train
bing_1716810597_1.jpg,train
bing_1716810606.jpg,train
bing_1716810617.jpg,train
bing_1716810624.jpg,train
bing_1716810632.jpg,train
bing_1716810636.jpg,train
bing_1716810641.jpg,train
bing_1716810642.jpg,train
bing_1716810646.jpg,train
bing_1716810676.jpg,train
bing_1716810678.jpg,train
bing_1716810684.jpg,train
bing_1716810684_1.jpg,train
bing_1716810687 (2).jpg,train
bing_1716810687.jpg,train
bing_1716810698.jpg,train
bing_1716810701.jpg,train
bing_1716810711.jpg,train
bing_1716810717.jpg,train
bing_1716810724.jpg,train
bing_1716810737.jpg,train
bing_1716810737_1.jpg,train
bing_1716810751.jpg,train
bing_1716810755.jpg,train
bing_1716810765.jpg,train
bing_1716810790.jpg,train
bing_1716810799.jpg,train
bing_1716810807.jpg,train
bing_1716810814.jpg,train
bing_1716810838.jpg,train
bing_1716810857.jpg,train
bing_1716810867.jpg,train
bing_1716810898.jpg,train
bing_1716810901.jpg,train
bing_1716810931.jpg,train
bing_1716810951.jpg,train
bing_1716810959.jpg,train
bing_1716810984.jpg,train
bing_1716811057.jpg,train
bing_1716811169.jpg,train
bing_1716811344.jpg,train
bing_1716811662.jpg,train
bing_1716811738.jpg,train
bing_1716811864.jpg,train
bing_1716812003.jpg,train
bing_1716812125.jpg,train
bing_1716812130.jpg,train
bing_1716812140.jpg,train
bing_1716812158.jpg,train
bing_1716812274.jpg,train
bing_1716812283.jpg,train
bing_1716812460.jpg,train
bing_1716812478.jpg,train
bing_1716812639.jpg,train
bing_1716812903.jpg,train
bing_1716813124.jpg,train
bing_1716813125.jpg,train
bing_1716813347.jpg,train
bing_1716813374.jpg,train
bing_1716813392.jpg,train
bing_1716813757.jpg,train
bing_1716813898.jpg,train
bing_1716813899.jpg,train
bing_1716813900.jpg,train
bing_1716813913.jpg,train
bing_1716813917.jpg,train
bing_1716813919.jpg,train
bing_1716813927.jpg,train
bing_1716813934_2.jpg,train
bing_1716813941.jpg,train
bing_1716813947.jpg,train
bing_1716813971.jpg,train
bing_1716813984.jpg,train
bing_1716813989.jpg,train
bing_1716814009.jpg,train
bing_1716814014.jpg,train
bing_1716814021.jpg,train
bing_1716814032.jpg,train
bing_1716814065.jpg,train
bing_1716814068.jpg,train
bing_1716814213.jpg,train
bing_1716814244.jpg,train
bing_1716814260.jpg,train
bing_1716814260_2.jpg,train
bing_1716814278.jpg,train
bing_1716814301.jpg,train
bing_1716814306.jpg,train
bing_1716814353.jpg,train
bing_1716814415.jpg,train
bing_1716814434.jpg,train
bing_1716814446.jpg,train
bing_1716814463.jpg,train
bing_1716814465.jpg,train
bing_1716814524.jpg,train
bing_1716814535.jpg,train
bing_1716814711.jpg,train
bing_1716814744.jpg,train
bing_1716814746.jpg,train
bing_1716814798.jpg,train
bing_1716814916.jpg,train
bing_1716814950.jpg,train
bing_1716814958.jpg,train
bing_1716815044.jpg,train
bing_1716815210.jpg,train
bing_1716815311.jpg,train
bing_1716815383.jpg,train
bing_1716815391.jpg,train
bing_1716815466.jpg,train
bing_1716815475.jpg,train
bing_1716815497.jpg,train
bing_1716815509.jpg,train
bing_1716815562.jpg,train
bing_1716815670.jpg,train
bing_1716815707.jpg,train
bing_1716815855.jpg,train
bing_1716815880.jpg,train
bing_1716815914.jpg,train
bing_1716815987.jpg,train
bing_1716816069.jpg,train
bing_1716816156.jpg,train
bing_1716816357.jpg,train
bing_1716816479.jpg,train
bing_1716816486.jpg,train
bing_1716816554.jpg,train
bing_1716816649.jpg,train
bing_1716816724.jpg,train
bing_1716816742.jpg,train
bing_1716816748.jpg,train
bing_1716816760.jpg,train
bing_1716816813.jpg,train
bing_1716816821.jpg,train
bing_1716816890.jpg,train
bing_1716816948.jpg,train
bing_1716816950.jpg,train
bing_1716817041.jpg,train
bing_1716817093.jpg,train
bing_1716817099.jpg,train
bing_1716817153.jpg,train
bing_1716817172.jpg,train
bing_1716817201.jpg,train
bing_1716817224.jpg,train
bing_1716817227.jpg,train
bing_1716817235.jpg,train
bing_1716817272.jpg,train
bing_1716817307.jpg,train
bing_1716817416.jpg,train
bing_1716817445.jpg,train
bing_1716817688.jpg,train
bing_1716817696.jpg,train
bing_1716817723.jpg,train
bing_1716817778.jpg,train
bing_1716817798.jpg,train
bing_1716817903.jpg,train
bing_1716817927.jpg,train
bing_1716817934.jpg,train
bing_1716817944.jpg,train
bing_1716818074.jpg,train
bing_1716818086.jpg,train
bing_1716818094.jpg,train
bing_1716818101.jpg,train
bing_1716818383.jpg,train
bing_1716818421.jpg,train
bing_1716818482.jpg,train
bing_1716818553.jpg,train
bing_1716818558.jpg,train
bing_1716818645.jpg,train
bing_1716818678.jpg,train
bing_1716818813.jpg,train
bing_1716818831.jpg,train
bing_1716818858.jpg,train
bing_1716818894.jpg,train
bing_1716818978.jpg,train
bing_1716819003.jpg,train
bing_1716819015.jpg,train
bing_1716819081.jpg,train
bing_1716819116.jpg,train
bing_1716819144.jpg,train
bing_1716819145.jpg,train
bing_1716819188.jpg,train
bing_1716819281.jpg,train
bing_1716819287.jpg,train
bing_1716819352.jpg,train
bing_1716819461.jpg,train
bing_1716819586.jpg,train
bing_1716819603.jpg,train
bing_1716819615.jpg,train
bing_1716819619.jpg,train
bing_1716819644.jpg,train
bing_1716819655.jpg,train
bing_1716819767.jpg,train
bing_1716819785.jpg,train
bing_1716819803.jpg,train
bing_1716819819.jpg,train
bing_1716819833.jpg,train
bing_1716819843.jpg,train
bing_1716819848.jpg,train
bing_1716819855.jpg,train
bing_1716819895.jpg,train
bing_1716819898.jpg,train
bing_1716819988.jpg,train
bing_1716820020.jpg,train
bing_1716820028.jpg,train
bing_1716820124.jpg,train
bing_1716820129.jpg,train
bing_1716820132.jpg,train
bing_1716820153.jpg,train
bing_1716820172.jpg,train
bing_1716820222.jpg,train
bing_1716820238.jpg,train
bing_1716820251.jpg,train
bing_1716820267.jpg,train
bing_1716820277.jpg,train
bing_1716820303.jpg,train
bing_1716820318.jpg,train
bing_1716820339.jpg,train
bing_1716820364.jpg,train
bing_1716820370.jpg,train
bing_1716820408.jpg,train
bing_1716820412.jpg,train
bing_1716820426.jpg,train
bing_1716820444.jpg,train
bing_1716820485.jpg,train
bing_1716820496.jpg,train
bing_1716820543.jpg,train
bing_1716820637.jpg,train
bing_1716820641.jpg,train
bing_1716820702.jpg,train
bing_1716820730.jpg,train
bing_1716820740.jpg,train
bing_1716820780.jpg,train
bing_1716820782.jpg,train
bing_1716820800.jpg,train
bing_1716820820.jpg,train
bing_1716820845.jpg,train
bing_1716820846.jpg,train
bing_1716820872.jpg,train
bing_1716820906.jpg,train
bing_1716821040.jpg,train
bing_1716821126.jpg,train
bing_1716821195.jpg,train
bing_1716821212.jpg,train
bing_1716821221.jpg,train
bing_1716821258.jpg,train
bing_1716821284.jpg,train
bing_1716821348.jpg,train
bing_1716821365.jpg,train
bing_1716821402.jpg,train
bing_1716821408.jpg,train
bing_1716821419.jpg,train
bing_1716821569.jpg,train
bing_1716821623.jpg,train
bing_1716821629.jpg,train
bing_1716821700.jpg,train
bing_1716821745.jpg,train
bing_1716821796.jpg,train
bing_1716821798.jpg,train
bing_1716821814.jpg,train
bing_1716821854.jpg,train
bing_1716821861.jpg,train
bing_1716822425.jpg,train
bing_1716866744.jpg,train
bing_1716866745.jpg,train
bing_1716866746_2.jpg,train
bing_1716866749.jpg,train
bing_1716866760.jpg,train
bing_1716866765.jpg,train
bing_1716866771.jpg,train
bing_1716866775.jpg,train
bing_1716866779.jpg,train
bing_1716866784.jpg,train
bing_1716866793.jpg,train
bing_1716866801.jpg,train
bing_1716866814.jpg,train
bing_1716866838.jpg,train
bing_1716866848.jpg,train
bing_1716866851.jpg,train
bing_1716866900.jpg,train
bing_1716870966.jpg,train
bing_1716871197.jpg,train
bing_1716871320.jpg,train
bing_1716871386.jpg,train
bing_1716873557.jpg,train
bing_1716873573.jpg,train
bing_1716873589.jpg,train
bing_1716873601.jpg,train
bing_1716873606.jpg,train
bing_1716873684.jpg,train
bing_1716873712.jpg,train
bing_1716873713.jpg,train
bing_1716873739.jpg,train
bing_1716873744.jpg,train
bing_1716873825.jpg,train
bing_1716873830.jpg,train
bing_1716873837.jpg,train
bing_1716873842.jpg,train
bing_1716873848.jpg,train
bing_1716873913.jpg,train
bing_1716873917.jpg,train
bing_1716873935.jpg,train
bing_1716873951.jpg,train
bing_1716873956.jpg,train
bing_1716873961.jpg,train
bing_1716873962.jpg,train
bing_1716874116.jpg,train
bing_1716874569.jpg,train
bing_1716874587.jpg,train
bing_1716874589.jpg,train
bing_1716874599.jpg,train
bing_1716874606.jpg,train
bing_1716874611_1.jpg,train
bing_1716874614.jpg,train
bing_1716874614_1.jpg,train
bing_1716874619.jpg,train
bing_1716874636 (2).jpg,train
bing_1716874650.jpg,train
bing_1716874652.jpg,train
bing_1716874654.jpg,train
bing_1716874656.jpg,train
bing_1716874660.jpg,train
bing_1716874682.jpg,train
bing_1716874693.jpg,train
bing_1716874726.jpg,train
bing_1716874729.jpg,train
bing_1716874732.jpg,train
bing_1716874741.jpg,train
bing_1716874749.jpg,train
bing_1716874749_1.jpg,train
bing_1716874754.jpg,train
bing_1716874758_1.jpg,train
bing_1716874760.jpg,train
bing_1716874764.jpg,train
bing_1716874770.jpg,train
bing_1716874808.jpg,train
bing_1716874826.jpg,train
bing_1716874830.jpg,train
bing_1716874874.jpg,train
bing_1716874918.jpg,train
bing_1716874920.jpg,train
bing_1716874923_1.jpg,train
bing_1716874926 (2).jpg,train
bing_1716874969.jpg,train
bing_1716874982.jpg,train
bing_1716874988.jpg,train
bing_1716874999.jpg,train
bing_1716875009.jpg,train
bing_1716875016.jpg,train
bing_1716875028.jpg,train
bing_1716875037.jpg,train
bing_1716875057.jpg,train
bing_1716875102.jpg,train
bing_1716875121.jpg,train
bing_1716875202.jpg,train
bing_1716875203.jpg,train
bing_1716875250.jpg,train
bing_1716875856.jpg,train
bing_1716875863.jpg,train
bing_1716875866.jpg,train
bing_1716875903.jpg,train
bing_1716875904.jpg,train
bing_1716875905.jpg,train
bing_1716875916.jpg,train
bing_1716875924.jpg,train
bing_1716875941.jpg,train
bing_1716875942.jpg,train
bing_1716875948.jpg,train
bing_1716875953.jpg,train
bing_1716875959.jpg,train
bing_1716875961.jpg,train
bing_1716875970.jpg,train
bing_1716875973.jpg,train
bing_1716875976.jpg,train
bing_1716875980 (2).jpg,train
bing_1716875980.jpg,train
bing_1716875991.jpg,train
bing_1716876038.jpg,train
bing_1716876049.jpg,train
bing_1716876061.jpg,train
bing_1716876064.jpg,train
bing_1716876068.jpg,train
bing_1716876102.jpg,train
bing_1716876104.jpg,train
bing_1716876109.jpg,train
bing_1716876112.jpg,train
bing_1716876120.jpg,train
bing_1716876140.jpg,train
bing_1716876152.jpg,train
bing_1716876187.jpg,train
bing_1716876194.jpg,train
bing_1716876196.jpg,train
bing_1716876213.jpg,train
bing_1716876230.jpg,train
bing_1716876234_1.jpg,train
bing_1716876251.jpg,train
bing_1716876256.jpg,train
bing_1716876258.jpg,train
bing_1716876277.jpg,train
bing_1716876281.jpg,train
bing_1716876283_1.jpg,train
bing_1716876294.jpg,train
bing_1716876299.jpg,train
bing_1716876319.jpg,train
bing_1716876322.jpg,train
bing_1716876325.jpg,train
bing_1716876335.jpg,train
bing_1716876355.jpg,train
bing_1716876362.jpg,train
bing_1716876366.jpg,train
bing_1716876368.jpg,train
bing_1716876374.jpg,train
bing_1716876389.jpg,train
bing_1716876410.jpg,train
bing_1716876417.jpg,train
bing_1716876423.jpg,train
bing_1716876440_1.jpg,train
bing_1716876447.jpg,train
bing_1716876449.jpg,train
bing_1716876465.jpg,train
bing_1716876466.jpg,train
bing_1716876469.jpg,train
bing_1716876475.jpg,train
bing_1716876478.jpg,train
bing_1716876507.jpg,train
bing_1716876510.jpg,train
bing_1716876521.jpg,train
bing_1716876534.jpg,train
bing_1716876557.jpg,train
bing_1716876584.jpg,train
bing_1716876603.jpg,train
bing_1716876629.jpg,train
bing_1716876634.jpg,train
bing_1716876647.jpg,train
bing_1716876679.jpg,train
bing_1716876684.jpg,train
bing_1716876686.jpg,train
bing_1716876688.jpg,train
bing_1716876691.jpg,train
bing_1716876696.jpg,train
bing_1716876704.jpg,train
bing_1716876717.jpg,train
bing_1716876721_1.jpg,train
bing_1716876723.jpg,train
bing_1716876730.jpg,train
bing_1716876735.jpg,train
bing_1716876754.jpg,train
bing_1716876779.jpg,train
bing_1716876866.jpg,train
bing_1716876890.jpg,train
bing_1716876940.jpg,train
bing_1716877047.jpg,train
bing_1716877075.jpg,train
bing_1716877136.jpg,train
bing_1716877166.jpg,train
bing_1716950653.jpg,train
bing_1716950830.jpg,train
bing_1716950858.jpg,train
bing_1716951108.jpg,train
bing_1716951126.jpg,train
bing_1716951576.jpg,train
bing_1716951886.jpg,train
bing_1716953436.jpg,train
bing_1716954013.jpg,train
bing_1716962185.jpg,train
bing_1716962193_3.jpg,train
bing_1716962202.jpg,train
bing_1716962212.jpg,train
bing_1716962215_2.jpg,train
bing_1716962222.jpg,train
bing_1716962230_2.jpg,train
bing_1716962234_4.jpg,train
bing_1716962242.jpg,train
bing_1716962256.jpg,train
bing_1716962608.jpg,train
bing_1716962626.jpg,train
bing_1716962656.jpg,train
bing_1716962662.jpg,train
bing_1716962673.jpg,train
bing_1716962683.jpg,train
bing_1716962684.jpg,train
bing_1716962775.jpg,train
bing_1716962803.jpg,train
bing_1716962847.jpg,train
bing_1716962919.jpg,train
bing_1716962925.jpg,train
bing_1716962932.jpg,train
bing_1716963067.jpg,train
bing_1716963070.jpg,train
bing_1716963309.jpg,train
bing_1716963519.jpg,train
bing_1716963526.jpg,train
bing_1716963532.jpg,train
bing_1716963594.jpg,train
bing_1716963599.jpg,train
bing_1716963605.jpg,train
bing_1716963624.jpg,train
bing_1716963850.jpg,train
bing_1716963855.jpg,train
bing_1716963857_2.jpg,train
bing_1716963876.jpg,train
bing_1716963898.jpg,train
bing_1716963911.jpg,train
bing_1716963917.jpg,train
bing_1716963930.jpg,train
bing_1716963932_2.jpg,train
bing_1716964322.jpg,train
bing_1716964390.jpg,train
bing_1716964475_2.jpg,train
bing_1716964545.jpg,train
bing_1716964562.jpg,train
bing_1716965113.jpg,train
bing_1716965136.jpg,train
bing_1716965158.jpg,train
bing_1716965205.jpg,train
bing_1716965297.jpg,train
bing_1716965309.jpg,train
bing_1716965410.jpg,train
bing_1716965426.jpg,train
bing_1716965432.jpg,train
bing_1716965612.jpg,train
bing_1716965624.jpg,train
bing_1716965642.jpg,train
bing_1716965776.jpg,train
bing_1716965778.jpg,train
bing_1716965792.jpg,train
bing_1716965798.jpg,train
bing_1716965822.jpg,train
bing_1716965851.jpg,train
bing_1716966352.jpg,train
bing_1716966553.jpg,train
bing_1716966573.jpg,train
bing_1716966593.jpg,train
bing_1716966605.jpg,train
bing_1716966978.jpg,train
bing_1716966984.jpg,train
bing_1716967545.jpg,train
bing_1716967837.jpg,train
bing_1716977291.jpg,train
bing_1716977293_8.jpg,train
bing_1716977297.jpg,train
bing_1716977307.jpg,train
bing_1716977307_3.jpg,train
bing_1716977308.jpg,train
bing_1716977325_7.jpg,train
bing_1716977326.jpg,train
bing_1716977335_3.jpg,train
bing_1716977344_5.jpg,train
bing_1716977346.jpg,train
bing_1716977346_2.jpg,train
bing_1716977356_1.jpg,train
bing_1716977358.jpg,train
bing_1716977358_3.jpg,train
bing_1716977358_7.jpg,train
bing_1716977360.jpg,train
bing_1716977361.jpg,train
bing_1716977367.jpg,train
bing_1716977382_2.jpg,train
bing_1716977383_4.jpg,train
bing_1716977386_4.jpg,train
bing_1716977389_2.jpg,train
bing_1716977390_2.jpg,train
bing_1716977406.jpg,train
bing_1716977407.jpg,train
bing_1716977408.jpg,train
bing_1716977412.jpg,train
bing_1716977419.jpg,train
bing_1716977419_1.jpg,train
bing_1716977420_2.jpg,train
bing_1716977421_3.jpg,train
bing_1716977422_2.jpg,train
bing_1716977422_4.jpg,train
bing_1716977422_6.jpg,train
bing_1716977423_1.jpg,train
bing_1716977424.jpg,train
bing_1716977424_2.jpg,train
bing_1716977429.jpg,train
bing_1716977430.jpg,train
bing_1716977430_1.jpg,train
bing_1716977430_2.jpg,train
bing_1716977442.jpg,train
bing_1716977443.jpg,train
bing_1716977447_2.jpg,train
bing_1716977453.jpg,train
bing_1716977461_1.jpg,train
bing_1716977528.jpg,train
bing_1716977529.jpg,train
bing_1716977530.jpg,train
bing_1716977572.jpg,train
bing_1716977581.jpg,train
bing_1716977581_3.jpg,train
bing_1716977582.jpg,train
bing_1716977583_3.jpg,train
bing_1716977584.jpg,train
bing_1716977585.jpg,train
bing_1716977585_2.jpg,train
bing_1716977586.jpg,train
bing_1716977587.jpg,train
bing_1716977587_3.jpg,train
bing_1716977592_4.jpg,train
bing_1716977664.jpg,train
bing_1716977682.jpg,train
bing_1716977688.jpg,train
bing_1716977690.jpg,train
bing_1716977694.jpg,train
bing_1716977712.jpg,train
bing_1716977738.jpg,train
bing_1716977749_2.jpg,train
bing_1716977750.jpg,train
bing_1716977750_4.jpg,train
bing_1716977753_2.jpg,train
bing_1716977772.jpg,train
bing_1716977775.jpg,train
bing_1716977778_2.jpg,train
bing_1716977783.jpg,train
bing_1716977803.jpg,train
bing_1716977804_2.jpg,train
bing_1716977807.jpg,train
bing_1716977807_3.jpg,train
bing_1716977809.jpg,train
bing_1716977809_3.jpg,train
bing_1716977810_2.jpg,train
bing_1716977811.jpg,train
bing_1716977818.jpg,train
bing_1716977820.jpg,train
bing_1716977820_2.jpg,train
bing_1716977822.jpg,train
bing_1716977826.jpg,train
bing_1716977828_3.jpg,train
bing_1716977837.jpg,train
bing_1716977837_3.jpg,train
bing_1716977885_2.jpg,train
bing_1716977885_3.jpg,train
bing_1716977900_3.jpg,train
bing_1716977901_2.jpg,train
bing_1716977902.jpg,train
bing_1716977926.jpg,train
bing_1716977935_3.jpg,train
bing_1716978022.jpg,train
bing_1716978023.jpg,train
bing_1716978023_2.jpg,train
bing_1716978024_2.jpg,train
bing_1716978025_2.jpg,train
bing_1716978027_2.jpg,train
bing_1716978448.jpg,train
bing_1716978449_5.jpg,train
bing_1716978450.jpg,train
bing_1716978451.jpg,train
bing_1716978453_3.jpg,train
bing_1716978454.jpg,train
bing_1716978460.jpg,train
bing_1716978461_5.jpg,train
bing_1716978468.jpg,train
bing_1716978468_2.jpg,train
bing_1716978474_2.jpg,train
bing_1716978476.jpg,train
bing_1716978503.jpg,train
bing_1716978504.jpg,train
bing_1716978519.jpg,train
bing_1716978520.jpg,train
bing_1716978520_2.jpg,train
bing_1716978521.jpg,train
bing_1716978523_2.jpg,train
bing_1721786824.jpg,train
bing_1721786826.jpg,train
bing_1721786826_2.jpg,train
bing_1721786834.jpg,train
bing_1721786860.jpg,train
bing_1721789471.jpg,train
bing_1721789477.jpg,train
bing_1721789712.jpg,train
bing_1721792385.jpg,train
bing_1721792634_2.jpg,train
bing_1721793091.jpg,train
bing_1721805131.jpg,train
bing_1721805152.jpg,train
bing_1721805218.jpg,train
bing_1721805269.jpg,train
bing_1721805297.jpg,train
bing_1721806406.jpg,train
bing_1721808079.jpg,train
bing_1721808087.jpg,train
bing_1721808784.jpg,train
bing_1721809989.jpg,train
bing_1721810008.jpg,train
bing_1721810422.jpg,train
bing_1721810449.jpg,train
bing_1721810817_2.jpg,train
bing_1721810840.jpg,train
bing_1721816349.jpg,train
bing_1721816562.jpg,train
bing_1721871317.jpg,train
bing_1721874619.jpg,train
bing_1721874881.jpg,train
bing_1721875767.jpg,train
bing_1721906229.jpg,train
bing_1721906240.jpg,train
bing_1721906274.jpg,train
bing_1721906282.jpg,train
bing_1721906291.jpg,train
bing_1721906308 (2).jpg,train
bing_1721906309.jpg,train
bing_1721906317.jpg,train
bing_1721906410.jpg,train
bing_1721912291.jpg,train
bing_1721913968.jpg,train
bing_1721915307.jpg,train
bing_1721989755.jpg,train
bing_1721989806.jpg,train
bing_1721990458_2.jpg,train
bing_1722328087_3.jpg,train
bing_1722328088_2.jpg,train
bing_1722328186_3.jpg,train
bing_1722328216_2.jpg,train
bing_1722328218.jpg,train
bing_1722332231_2.jpg,train
bing_1722332233_5.jpg,train
bing_1722332233_6.jpg,train
bing_1722332245.jpg,train
bing_1722332250.jpg,train
bing_1722332269.jpg,train
bing_1722332269_2.jpg,train
bing_1722332273_2.jpg,train
bing_1722332283.jpg,train
bing_1722332318.jpg,train
bing_1722332328.jpg,train
bing_1722332627_3.jpg,train
bing_1722332639.jpg,train
bing_1722332646.jpg,train
bing_1722332650_2.jpg,train
bing_1722332652.jpg,train
bing_1722332656.jpg,train
bing_1722332714_2.jpg,train
bing_1722333968_3.jpg,train
bing_1722334048.jpg,train
bing_1722334062.jpg,train
bing_1722334074.jpg,train
bing_1722334119.jpg,train
bing_1722335121.jpg,train
bing_1722335121_2.jpg,train
bing_1722335122.jpg,train
bing_1722335130_2.jpg,train
bing_1722335130_3.jpg,train
bing_1722335145.jpg,train
bing_1722335147_2.jpg,train
bing_1722335150_3.jpg,train
bing_1722335152.jpg,train
bing_1722335156.jpg,train
bing_1722335162.jpg,train
bing_1722335174.jpg,train
bing_1722335184.jpg,train
bing_1722335191.jpg,train
bing_1722335195.jpg,train
bing_1722335198.jpg,train
bing_1722335202_2.jpg,train
bing_1722335204.jpg,train
bing_1722335208.jpg,train
bing_1722335575.jpg,train
bing_1722335602_2.jpg,train
bing_1722335627.jpg,train
bing_1722336528.jpg,train
bing_1722336768.jpg,train
bing_1722336802.jpg,train
bing_1722336809.jpg,train
bing_3.jpg,train
bing_5.jpg,train
bing_6.jpg,train
bing_96.jpg,train
credit-card_108_jpeg_jpg.rf.e3db06158625bc1263bc563fa40f7836.jpg,train
credit-card_116_jpeg_jpg.rf.27f31e620b59e1f477a436dab5e96afb.jpg,train
credit_card_01_png_jpg.rf.708bdc2d4831f620b1d9f0e148f0608d.jpg,train
with_env_101_jpeg_jpg.rf.03182ff4db64ce0c9f0572d88cb344b4.jpg,train
with_env_104_jpeg_jpg.rf.6088b5d3deb9f5b853a294191da57726.jpg,train
with_env_107_jpeg_jpg.rf.e0ab3720e639958347d1644dbc2240e4.jpg,train
with_env_10_jpeg_jpg.rf.373d9e397d1db623e3d2b0e154c0d70c.jpg,train
with_env_111_jpeg_jpg.rf.fad46928c176d24af1fd42a4f48bf1f9.jpg,train
with_env_113_jpeg_jpg.rf.e62f30f4b79521477132a91a72d71ecf.jpg,train
with_env_115_jpeg_jpg.rf.d2981f2c0a97f44a242fb1ea8bde97c3.jpg,train
with_env_117_jpeg_jpg.rf.847e39408edcd91c42146da5255fe046.jpg,train
with_env_121_jpeg_jpg.rf.b669186c151d68fc55564b7817183f73.jpg,train
with_env_126_jpeg_jpg.rf.a3b1d6b0745fe753de05bd7649134d53.jpg,train
with_env_12_jpeg_jpg.rf.d2e0581490e717ba7888add13e55ae12.jpg,train
with_env_134_jpeg_jpg.rf.330fbb5d236e491706e73c2ddab2f144.jpg,train
with_env_146_jpeg_jpg.rf.a627e07744e6329ce73072d6ada1a4bc.jpg,train
with_env_148_jpeg_jpg.rf.64fdfffee23e7c1bd20d60593064f7cb.jpg,train
with_env_149_jpeg_jpg.rf.94a490211142e547470e07341000fa5c.jpg,train
with_env_14_jpeg_jpg.rf.aa991749b311bf23d6f573aafaa87283.jpg,train
with_env_150_jpeg_jpg.rf.f85df46ba9373f67f04da6a5edc3dc4c.jpg,train
with_env_156_jpeg_jpg.rf.36ad3f5da0952b9a5449c4ccb7c87ec8.jpg,train
with_env_159_jpeg_jpg.rf.a08cc9bb48dd01c9bb53fb0f878e1ba4.jpg,train
with_env_16_jpeg_jpg.rf.548b8c7d28fd470e54074a7cc95382e4.jpg,train
with_env_17_jpeg_jpg.rf.954f2872a7390b72187483cba2f3e3ff.jpg,train
with_env_181_jpeg_jpg.rf.5f7948b12b4787ca14592fe3f5862a5e.jpg,train
with_env_18_jpeg_jpg.rf.8e88de2583371cc9ff7eb23294614209.jpg,train
with_env_197_jpeg_jpg.rf.e0ed4df2d873e60258b4ca36c296d879.jpg,train
with_env_198_jpeg_jpg.rf.3a22e12b2c7b91ccacba86ffb657129a.jpg,train
with_env_199_jpeg_jpg.rf.fb4decd2709390051d72569ff1d0783b.jpg,train
with_env_1_jpeg_jpg.rf.3774c4ea11f155e567b18f7c3c604585.jpg,train
with_env_200_jpeg_jpg.rf.ec121fed009756a9177796c692e1c46e.jpg,train
with_env_202_jpeg_jpg.rf.5a0b69684ef9af0d9ca2d251a20794df.jpg,train
with_env_203_jpeg_jpg.rf.2980cfe1e0e52cbab41fd86dc63ec4a3.jpg,train
with_env_204_jpeg_jpg.rf.c5b74bd321112737c6ad80b2e5bb3116.jpg,train
with_env_205_jpeg_jpg.rf.e58a63e24d0579a03a7684a0a9fb4f97.jpg,train
with_env_208_jpeg_jpg.rf.2620e725f650dede57db8efb220ea1c1.jpg,train
with_env_209_jpeg_jpg.rf.d90143276cf15019bd51b175135cd46c.jpg,train
with_env_20_jpeg_jpg.rf.642bf70c2a0ab9f3faa4b5f3d0c6088a.jpg,train
with_env_210_jpeg_jpg.rf.f4ff16447af03bef2ac67f238d90340f.jpg,train
with_env_211_jpeg_jpg.rf.4a209da657cc7fd19719ebc5e3bbade0.jpg,train
with_env_212_jpeg_jpg.rf.27526194197c2051219481a7cde82046.jpg,train
with_env_215_jpeg_jpg.rf.1f039d13221190bb9f4d8dee784ab754.jpg,train
with_env_216_jpeg_jpg.rf.fa24269ea5ea50b6cf20a8a39f447c80.jpg,train
with_env_217_jpeg_jpg.rf.80e299a43461a3c3bb0d8cf996d3212a.jpg,train
with_env_218_jpeg_jpg.rf.9759604e088aed2183b51e14a8e77a6f.jpg,train
with_env_219_jpeg_jpg.rf.c769fc7f74117a070cfb23c7572fc90b.jpg,train
with_env_220_jpeg_jpg.rf.76c1bc7d7a2e084105bceba19b5328ba.jpg,train
with_env_221_jpeg_jpg.rf.54ff99c062e388c72714db776d7b8cce.jpg,train
with_env_223_jpeg_jpg.rf.dab61e5b260f7fc3c4abf73e2cd4da4a.jpg,train
with_env_224_jpeg_jpg.rf.4df6547e7f7daa0a922dc71cc3bc0510.jpg,train
with_env_225_jpeg_jpg.rf.2393a5205009cf27132a625a1df97bcd.jpg,train
with_env_226_jpeg_jpg.rf.9b2f2c0c8cbca19ab2745ec5c43ea29b.jpg,train
with_env_228_jpeg_jpg.rf.9b9e004141cdd99585eb4c4d600bd23b.jpg,train
with_env_229_jpeg_jpg.rf.19988cf8ae5a568549abfec906d1ed39.jpg,train
with_env_22_jpeg_jpg.rf.a39175f7d804895f6cdbb1e0dee06c7f.jpg,train
with_env_230_jpeg_jpg.rf.721ee9bb770dec858422ebf8dcbd12dd.jpg,train
with_env_231_jpeg_jpg.rf.0e865c95db3516e672516ece262bb3fb.jpg,train
with_env_232_jpeg_jpg.rf.f415524d721e93149399a1b6ace02573.jpg,train
with_env_234_jpeg_jpg.rf.13b9158b530fcb44c092a857f5b15085.jpg,train
with_env_236_jpeg_jpg.rf.167cf5d863166bbcb7738f1a9dd34eae.jpg,train
with_env_237_jpeg_jpg.rf.3680c3387de766ebd6c0e8619988c3d6.jpg,train
with_env_238_jpeg_jpg.rf.252a65635abcb5a86616c881a270fa63.jpg,train
with_env_239_jpeg_jpg.rf.5ad40213448cc826800b4540dc991f57.jpg,train
with_env_23_jpeg_jpg.rf.9cd46adc3efb356f70a8a53ec0b71a72.jpg,train
with_env_241_jpeg_jpg.rf.7f4fdf4e07085ac8f4f7fafda11db8ac.jpg,train
with_env_242_jpeg_jpg.rf.903249c58808c6b0ba5ec637a856460e.jpg,train
with_env_246_jpeg_jpg.rf.26ac7f5572fcb42a22956523b335e8e3.jpg,train
with_env_253_jpeg_jpg.rf.6c10c803ce25dbea69051f6daae41126.jpg,train
with_env_254_jpeg_jpg.rf.9daeecb5159cba4d609cba91e29f9b5f.jpg,train
with_env_258_jpeg_jpg.rf.911b2bf8f47fb84773edf139604e9eef.jpg,train
with_env_31_jpeg_jpg.rf.8652593fe3bc95f2e8aacda4aa436781.jpg,train
with_env_32_jpeg_jpg.rf.7d1f99b53d93d92a84ecadfa98827d60.jpg,train
with_env_37_jpeg_jpg.rf.25439ceeee09893784f6f668e54aa9ac.jpg,train
with_env_39_jpeg_jpg.rf.841ffa3e3c1ec7594ced2bb9bf1c0627.jpg,train
with_env_41_jpeg_jpg.rf.adca0405dfcf19d74c7d7f13b3d36587.jpg,train
with_env_44_jpeg_jpg.rf.b10ac74e83bdf2c2ee34c690fd579f72.jpg,train
with_env_46_jpeg_jpg.rf.b48c6052d1584b851ac14c6f1a1bae6d.jpg,train
with_env_47_jpeg_jpg.rf.fb80ffd0b9fc4f115bb44e97b979c2ef.jpg,train
with_env_4_jpeg_jpg.rf.23f432c620788fa02a8ff43bca27e5c1.jpg,train
with_env_50_jpeg_jpg.rf.2c52a0320044e542850b0d476b9d7d5b.jpg,train
with_env_51_jpeg_jpg.rf.75938f4112037d03ab82578981342549.jpg,train
with_env_52_jpeg_jpg.rf.353d660010481cf65f32a88c6d5f10ef.jpg,train
with_env_63_jpeg_jpg.rf.cce0687e2520eee5c248f7c0d1f3640c.jpg,train
with_env_65_jpeg_jpg.rf.11c8c48934004fe730b73f7718a5c05e.jpg,train
with_env_71_jpeg_jpg.rf.06e2f7bbedba53872cd6886ea1084cff.jpg,train
with_env_74_jpeg_jpg.rf.0e5ab07834e0159b0abd654c46ad1b13.jpg,train
with_env_75_jpeg_jpg.rf.165aa4e7e49ab5de5d713b94c78fdfdf.jpg,train
with_env_81_jpeg_jpg.rf.3613fda23c1b66aaf8698663da817121.jpg,train
with_env_83_jpeg_jpg.rf.8da4911f9b8ec1b64ab2fb725ab70bb0.jpg,train
with_env_85_jpeg_jpg.rf.75c0ad0bb3902cccc31075cc639425df.jpg,train
with_env_88_jpeg_jpg.rf.19303a0f7a8caffa94d883106bcd164b.jpg,train
05_aze_passport14.jpg,val
10148662065.jpg,val
10174742494.jpg,val
10198511083.jpg,val
102256375.jpg,val
10325894175.jpg,val
10388008.jpg,val
104016523.jpg,val
104701269.jpg,val
10482367935.jpg,val
10565754445.jpg,val
1056988880.jpg,val
10577739863.jpg,val
10588693106.jpg,val
10599254864.jpg,val
106127277.jpg,val
1065449806.jpg,val
10725190.jpg,val
10766206804.jpg,val
10817574344.jpg,val
108518212.jpg,val
109587021.jpg,val
11055434.jpg,val
11085140.jpg,val
11189894923.jpg,val
11262782.jpg,val
11311945.jpg,val
1136025755.jpg,val
11379318.jpg,val
11406324675.jpg,val
11407916476.jpg,val
11441677334.jpg,val
11565889986.jpg,val
11589595946.jpg,val
1174207315.jpg,val
118333912.jpg,val
11849098774.jpg,val
11979451733.jpg,val
11980909754.jpg,val
12163248816.jpg,val
1217448184.jpg,val
1231938645.jpg,val
12325673364.jpg,val
12328078765.jpg,val
1234122270.jpg,val
12526037.jpg,val
12750336.jpg,val
127748312.jpg,val
1286069959.jpg,val
1291668952.jpg,val
13060185653.jpg,val
130925158.jpg,val
131571174.jpg,val
13161871063.jpg,val
13178129163.jpg,val
13182518933.jpg,val
13207948684.jpg,val
1331323227.jpg,val
13398845.jpg,val
1341036049.jpg,val
13492266.jpg,val
1352590535.jpg,val
13576056145.jpg,val
136602658.jpg,val
13706531783.jpg,val
13781622184.jpg,val
137906227.jpg,val
13831354363.jpg,val
1387580721.jpg,val
1388477046.jpg,val
13904624915.jpg,val
13928451858.jpg,val
13941748657.jpg,val
13972154665.jpg,val
14019352202.jpg,val
14074967491.jpg,val
1408840115.jpg,val
1409216456.jpg,val
1411072847.jpg,val
14128230511.jpg,val
14135858257.jpg,val
14193784675.jpg,val
14233339951.jpg,val
14252474519.jpg,val
142877460.jpg,val
1429096855.jpg,val
142961474.jpg,val
1432674.jpg,val
14425940551.jpg,val
14445120839.jpg,val
14478371783.jpg,val
14516602021.jpg,val
14518914622.jpg,val
14522145112.jpg,val
145458497.jpg,val
14553834069.jpg,val
14557506911.jpg,val
14596513782.jpg,val
1464745948.jpg,val
1482339811.jpg,val
1483728427.jpg,val
14866946004.jpg,val
1488152310.jpg,val
14901313998.jpg,val
149186415.jpg,val
14953944724.jpg,val
1502741096.jpg,val
15066056676.jpg,val
15077301411.jpg,val
150819424.jpg,val
15375313782.jpg,val
15383799143.jpg,val
15447358981.jpg,val
1549861292.jpg,val
15505997718.jpg,val
15628427954.jpg,val
15643332695.jpg,val
156668860.jpg,val
15698710913.jpg,val
15784581618.jpg,val
15788154152.jpg,val
15799229606.jpg,val
15816008778.jpg,val
15940942830.jpg,val
15954525922.jpg,val
15969135143.jpg,val
15985506344.jpg,val
15_deu_id_old.jpg,val
16174416784.jpg,val
1622192553.jpg,val
16260274601.jpg,val
16260611546.jpg,val
16306173734.jpg,val
16323595085.jpg,val
16324933213.jpg,val
16424580841.jpg,val
16534451279.jpg,val
16626979100.jpg,val
16720430595.jpg,val
16742730276.jpg,val
16767456031.jpg,val
16778793760.jpg,val
16805236892.jpg,val
16807624374.jpg,val
16813303626.jpg,val
16859222751.jpg,val
16860265485.jpg,val
16883451.jpg,val
17063802228.jpg,val
171152912.jpg,val
17502576535.jpg,val
17768927004.jpg,val
17908803583.jpg,val
1806881581.jpg,val
1809069.jpg,val
18527290650.jpg,val
18560788336.jpg,val
18685618289.jpg,val
18717210421.jpg,val
18949850.jpg,val
19017936079.jpg,val
19486568045.jpg,val
195793281.jpg,val
19602895651_d8f2020170_c.jpg,val
1966461786.jpg,val
197336677.jpg,val
1997080559.jpg,val
20065554.jpg,val
2017_10633287.jpg,val
2017_11501179_1.jpg,val
2017_11791970.jpg,val
2017_11807522.jpg,val
2017_11873877.jpg,val
2017_12078826.jpg,val
2017_12185447.jpg,val
2017_12616775.jpg,val
2017_13673926.jpg,val
2017_14154018.jpg,val
2017_14501566.jpg,val
2017_14881923.jpg,val
2017_15048896.jpg,val
2017_15411719.jpg,val
2017_15627066.jpg,val
2017_16371889.jpg,val
2017_17334006.jpg,val
2017_17357142.jpg,val
2017_17439144.jpg,val
2017_17651375.jpg,val
2017_18057582.jpg,val
2017_18272884.jpg,val
2017_18312680.jpg,val
2017_19359203.jpg,val
2017_19515030.jpg,val
2017_19691862.jpg,val
2017_21059570_1.jpg,val
2017_21157194.jpg,val
2017_21280728.jpg,val
2017_21475465.jpg,val
2017_22732628.jpg,val
2017_22862782.jpg,val
2017_22937732.jpg,val
2017_22938671.jpg,val
2017_23463728.jpg,val
2017_23517443.jpg,val
2017_24718618.jpg,val
2017_25792087.jpg,val
2017_25855505.jpg,val
2017_26142355.jpg,val
2017_26181936.jpg,val
2017_26482827.jpg,val
2017_26517462.jpg,val
2017_26691109.jpg,val
2017_27681811.jpg,val
2017_28059913.jpg,val
2017_28261696.jpg,val
2017_28780322.jpg,val
2017_29647695.jpg,val
2017_30270666.jpg,val
2017_30477822_1.jpg,val
2017_31130775.jpg,val
2017_31260163.jpg,val
2017_31414135.jpg,val
2017_31542591.jpg,val
2017_32679643.jpg,val
2017_32797633.jpg,val
2017_32965990.jpg,val
2017_33102171_1.jpg,val
2017_33434707.jpg,val
2017_33904537.jpg,val
2017_34191321.jpg,val
2017_35604517.jpg,val
2017_36310523.jpg,val
2017_36424382.jpg,val
2017_36517289.jpg,val
2017_36977270_3.jpg,val
2017_37201125.jpg,val
2017_37338861.jpg,val
2017_37457532.jpg,val
2017_38133146.jpg,val
2017_39481210.jpg,val
2017_39667171.jpg,val
2017_40013812.jpg,val
2017_40842814_1.jpg,val
2017_41526228.jpg,val
2017_42730117.jpg,val
2017_43057529.jpg,val
2017_43283958.jpg,val
2017_43929804.jpg,val
2017_44137764.jpg,val
2017_44988894.jpg,val
2017_45431540.jpg,val
2017_45509006.jpg,val
2017_48300093.jpg,val
2017_49936232.jpg,val
2017_50727608.jpg,val
2017_50877868.jpg,val
2017_50982935.jpg,val
2017_51158907.jpg,val
2017_52541937.jpg,val
2017_53223456.jpg,val
2017_54456404.jpg,val
2017_54666845_1.jpg,val
2017_55607008.jpg,val
2017_56947351.jpg,val
2017_57356367_1.jpg,val
2017_58609579.jpg,val
2017_58928499.jpg,val
2017_60761791.jpg,val
2017_61537562.jpg,val
2017_61843013.jpg,val
2017_62468305.jpg,val
2017_62953287.jpg,val
2017_65290010.jpg,val
2017_65563435_1.jpg,val
2017_66408345.jpg,val
2017_68846290.jpg,val
2017_68921650.jpg,val
2017_69010995.jpg,val
2017_69451295.jpg,val
2017_69674195.jpg,val
2017_70471221.jpg,val
2017_71143021.jpg,val
2017_71298351.jpg,val
2017_71335245.jpg,val
2017_71472713.jpg,val
2017_72025354.jpg,val
2017_72484976.jpg,val
2017_73025863.jpg,val
2017_73469855.jpg,val
2017_74109049.jpg,val
2017_75798356.jpg,val
2017_76023389.jpg,val
2017_76969020.jpg,val
2017_77159518_1.jpg,val
2017_80331559.jpg,val
2017_80444398.jpg,val
2017_81636308.jpg,val
2017_82582991.jpg,val
2017_82584972.jpg,val
2017_83251782.jpg,val
2017_83447203.jpg,val
2017_83965279.jpg,val
2017_85653960.jpg,val
2017_85853243.jpg,val
2017_86421138.jpg,val
2017_86470466.jpg,val
2017_87077462.jpg,val
2017_87149359.jpg,val
2017_87406773.jpg,val
2017_87865884.jpg,val
2017_88263954.jpg,val
2017_88768179.jpg,val
2017_88970965.jpg,val
2017_89194963.jpg,val
2017_91099752.jpg,val
2017_92005424.jpg,val
2017_92616163.jpg,val
2017_92711402.jpg,val
2017_92946954.jpg,val
2017_93029674.jpg,val
2017_93220206.jpg,val
2017_93377671.jpg,val
2017_93563049.jpg,val
2017_94537917.jpg,val
2017_95168881.jpg,val
2017_95242224.jpg,val
2017_96130080.jpg,val
2017_97555199.jpg,val
2017_98332935.jpg,val
20216556762.jpg,val
20360054343.jpg,val
2039387421.jpg,val
2070973051.jpg,val
2071002401.jpg,val
2075558228.jpg,val
20802250142.jpg,val
2081557005.jpg,val
2085991779.jpg,val
2113603878.jpg,val
2114599110.jpg,val
2117615566.jpg,val
2131356114.jpg,val
21316704840.jpg,val
21317509749.jpg,val
21362164782.jpg,val
21455316198.jpg,val
21493836172.jpg,val
21501704626.jpg,val
2151704356.jpg,val
21641901521.jpg,val
21697209438.jpg,val
217197756.jpg,val
217299297.jpg,val
2192789248.jpg,val
2194207702.jpg,val
2195956481.jpg,val
2199931024.jpg,val
22028832880.jpg,val
2215514176.jpg,val
22178382594.jpg,val
2218136545.jpg,val
222058558.jpg,val
2222028729.jpg,val
2228695867.jpg,val
2234560351.jpg,val
2244282014.jpg,val
22543852686.jpg,val
2258598092.jpg,val
2260150603.jpg,val
2260349887.jpg,val
2271391390.jpg,val
22758495425.jpg,val
22828824974.jpg,val
2284669151.jpg,val
22999124903.jpg,val
2303771200.jpg,val
2315311788.jpg,val
231880250.jpg,val
2321481953.jpg,val
2328070396.jpg,val
2333846630.jpg,val
2344071066.jpg,val
2349274504.jpg,val
23596016.jpg,val
23636179184.jpg,val
2364547407.jpg,val
2385734588.jpg,val
2398919056.jpg,val
24027632308.jpg,val
24079822258.jpg,val
240935253.jpg,val
2412250151.jpg,val
2419647595.jpg,val
2423396486.jpg,val
2427093325.jpg,val
24286529689.jpg,val
2429037138.jpg,val
2439580737.jpg,val
24426135701.jpg,val
244671210.jpg,val
2448919617.jpg,val
245905719.jpg,val
24635489881.jpg,val
24723597714.jpg,val
2475963164.jpg,val
2480420448.jpg,val
24844504161.jpg,val
24866294309.jpg,val
24893282534.jpg,val
2505637903.jpg,val
2509519693.jpg,val
251160077.jpg,val
2517223604.jpg,val
2533699703.jpg,val
2545250719.jpg,val
2549394672.jpg,val
2550297022.jpg,val
2561477651.jpg,val
2562266394.jpg,val
25655142427.jpg,val
25778903610.jpg,val
25927543243.jpg,val
2596375860.jpg,val
2598756206.jpg,val
2607465352.jpg,val
2618095548.jpg,val
26225467876.jpg,val
26298114022.jpg,val
26437061440.jpg,val
26448483787.jpg,val
26473273726.jpg,val
2654141592.jpg,val
2656899455.jpg,val
26655018098.jpg,val
26657999002.jpg,val
2669527781.jpg,val
26957163542.jpg,val
269696869.jpg,val
26980459238_ff3208fe03_c.jpg,val
270121808.jpg,val
2704696206.jpg,val
2716554226.jpg,val
27197724169.jpg,val
27410968020.jpg,val
27625833987.jpg,val
27717412543.jpg,val
277333442.jpg,val
27757420132.jpg,val
2780511554.jpg,val
27825582423.jpg,val
278344283.jpg,val
278653944.jpg,val
2791497935.jpg,val
27977822931.jpg,val
2808731273.jpg,val
28088583154.jpg,val
2816485942.jpg,val
28170801576.jpg,val
28205013557.jpg,val
28214681998.jpg,val
28282373352.jpg,val
28424114127.jpg,val
28444868285.jpg,val
2844971186.jpg,val
28451241523.jpg,val
28641865145.jpg,val
2873781255.jpg,val
287988147.jpg,val
2881851564.jpg,val
2888059284.jpg,val
28975382782.jpg,val
2903200138.jpg,val
29056980302.jpg,val
290768815.jpg,val
29086359650.jpg,val
29179160577.jpg,val
2922368946.jpg,val
29360104960.jpg,val
2950440057.jpg,val
295784686.jpg,val
297066444.jpg,val
2975644490.jpg,val
29759140830.jpg,val
2979444980.jpg,val
29818875561.jpg,val
29887193266.jpg,val
3006396744.jpg,val
30151634355.jpg,val
30249369850.jpg,val
3045681348.jpg,val
30547888600.jpg,val
30662697375.jpg,val
30672718807.jpg,val
30672759277.jpg,val
3068151099.jpg,val
30688994457.jpg,val
3071712407.jpg,val
3073337699.jpg,val
30870591982.jpg,val
30894626.jpg,val
30915518635.jpg,val
31110095971.jpg,val
312164153.jpg,val
31263157246.jpg,val
3128061267.jpg,val
31282146825.jpg,val
31295256693.jpg,val
31416895650.jpg,val
3153684184.jpg,val
31556953.jpg,val
31690895474.jpg,val
3170604196.jpg,val
31741395288.jpg,val
31741428158.jpg,val
31741428538.jpg,val
31750816585.jpg,val
3176713261.jpg,val
3194101120.jpg,val
31962115172.jpg,val
31_jpn_drvlic38.jpg,val
320317763.jpg,val
32045084748.jpg,val
32048049276.jpg,val
320620260.jpg,val
3208855034.jpg,val
3219045852.jpg,val
32316144182.jpg,val
3235449795.jpg,val
32429309197.jpg,val
32695657778.jpg,val
32695679398.jpg,val
3271935377.jpg,val
3276215951.jpg,val
32828770068.jpg,val
3289350718.jpg,val
3290853019.jpg,val
329229367.jpg,val
3300026023.jpg,val
33088975174.jpg,val
33104764473.jpg,val
331766697.jpg,val
33234184331.jpg,val
333478126.jpg,val
33376578534.jpg,val
3343867704.jpg,val
3346084691.jpg,val
33531896028.jpg,val
33645317010.jpg,val
337936802.jpg,val
3383927457.jpg,val
3387041842.jpg,val
33918476704_397dc2c42a_c.jpg,val
339312801.jpg,val
33949519286.jpg,val
33953744742.jpg,val
34085687556.jpg,val
34139598811.jpg,val
3428768227.jpg,val
34375425591.jpg,val
34379715805.jpg,val
344531771.jpg,val
3453933399.jpg,val
3454751464.jpg,val
346478073.jpg,val
3473677331.jpg,val
34772909571.jpg,val
348119186.jpg,val
3487970529.jpg,val
34902840270.jpg,val
35008008852.jpg,val
3503475937.jpg,val
3504444796.jpg,val
351166325.jpg,val
352365958.jpg,val
35269603256.jpg,val
353998920.jpg,val
35619222676.jpg,val
35632530134.jpg,val
356996637.jpg,val
357595768.jpg,val
3593733419.jpg,val
360020181.jpg,val
36068065961.jpg,val
36196824992.jpg,val
36210817250.jpg,val
364241211.jpg,val
364955516.jpg,val
36551418274.jpg,val
3656579166.jpg,val
3660749444.jpg,val
3669328719.jpg,val
367654149.jpg,val
368554006.jpg,val
371207120.jpg,val
37138892574.jpg,val
371681639.jpg,val
372533927.jpg,val
3736808274.jpg,val
3740459635.jpg,val
375022426.jpg,val
3751977233.jpg,val
376739445.jpg,val
3774459897.jpg,val
3777051240.jpg,val
37869344604.jpg,val
3796859306.jpg,val
379766537.jpg,val
382173823.jpg,val
382961680.jpg,val
384740531.jpg,val
3865198671.jpg,val
3865561397.jpg,val
3868466774.jpg,val
387266223.jpg,val
3876862466.jpg,val
39028669990.jpg,val
391034598.jpg,val
3910908759.jpg,val
39116232264.jpg,val
3925670760.jpg,val
3926508441.jpg,val
3932274536.jpg,val
393390434.jpg,val
39639229371.jpg,val
3978151905.jpg,val
3988890429.jpg,val
40222041403.jpg,val
40227403634.jpg,val
402389157.jpg,val
402481317.jpg,val
40531221902.jpg,val
40587145861.jpg,val
4071439827.jpg,val
40748205023.jpg,val
408195122.jpg,val
4092295454.jpg,val
40_srb_id.jpg,val
410459802.jpg,val
4107445937.jpg,val
41230915100.jpg,val
41248928872.jpg,val
41338126802.jpg,val
414227233.jpg,val
414731427.jpg,val
41491413141.jpg,val
4151817719.jpg,val
416497670.jpg,val
416946887.jpg,val
4174071186.jpg,val
41801845005.jpg,val
418090056.jpg,val
418456280.jpg,val
41873831385.jpg,val
41921902641.jpg,val
419245250.jpg,val
419307882.jpg,val
41995612292.jpg,val
420570483.jpg,val
420854173.jpg,val
422011847.jpg,val
4222547141.jpg,val
422574196.jpg,val
4246873732.jpg,val
424907511.jpg,val
4252954127.jpg,val
425496000.jpg,val
426253193.jpg,val
426635973.jpg,val
428037437.jpg,val
428391703.jpg,val
429469511.jpg,val
4302106068.jpg,val
43022338924.jpg,val
430769417.jpg,val
430772190.jpg,val
431223241.jpg,val
4313216871.jpg,val
4314893132.jpg,val
4314952292.jpg,val
4315365303.jpg,val
4315367182.jpg,val
4315393728.jpg,val
4315440787.jpg,val
4315463728.jpg,val
4316054871.jpg,val
4316295760.jpg,val
4316474217.jpg,val
4316927131.jpg,val
4317206784.jpg,val
4317739826.jpg,val
431776945.jpg,val
4317874559.jpg,val
4317912655.jpg,val
4318262956.jpg,val
4318603006.jpg,val
4318635639.jpg,val
4318720250.jpg,val
4319266286.jpg,val
4319635320.jpg,val
4319737048.jpg,val
4321179051.jpg,val
4321451680.jpg,val
4321875185.jpg,val
4322383636.jpg,val
4322843235.jpg,val
4323228183.jpg,val
4323506804.jpg,val
4323527833.jpg,val
43235429910.jpg,val
4323740951.jpg,val
4323906113.jpg,val
432494416.jpg,val
4325960285.jpg,val
4325982299.jpg,val
4325988397.jpg,val
4326136523.jpg,val
4326644892.jpg,val
4327102443.jpg,val
4327259904.jpg,val
4328099409.jpg,val
4328152925.jpg,val
4328261210.jpg,val
4328371243.jpg,val
4328443268.jpg,val
432923386.jpg,val
432936714.jpg,val
4329556723.jpg,val
4329639841.jpg,val
4329745090.jpg,val
4329870571.jpg,val
4329872155.jpg,val
4330193705.jpg,val
4330641391.jpg,val
4330784823.jpg,val
4331220473.jpg,val
4332939109.jpg,val
4332939922.jpg,val
4333150828.jpg,val
4333505433.jpg,val
433416693.jpg,val
4334501693.jpg,val
4334575778.jpg,val
4334978862.jpg,val
4335083208.jpg,val
4335241912.jpg,val
4335347862.jpg,val
4335573751.jpg,val
4335665017.jpg,val
4335791491.jpg,val
4335927366.jpg,val
4336005542.jpg,val
4336650091.jpg,val
4337197952.jpg,val
4337202371.jpg,val
4337967246.jpg,val
4338342897.jpg,val
4338746644.jpg,val
4339373560.jpg,val
4339473459.jpg,val
4340040390.jpg,val
4340096009.jpg,val
4340103617.jpg,val
4340120446.jpg,val
4340210840.jpg,val
4340213794.jpg,val
434063446.jpg,val
4340789099.jpg,val
434090774.jpg,val
4340996620.jpg,val
4341283908.jpg,val
4341725636.jpg,val
434187093.jpg,val
4341891089.jpg,val
4342176536.jpg,val
434221980.jpg,val
4342304582.jpg,val
4342334206.jpg,val
4342648337.jpg,val
4342756827.jpg,val
4343132111.jpg,val
4343171508.jpg,val
434357792.jpg,val
4343637899.jpg,val
4343677089.jpg,val
4344062271.jpg,val
4344073875.jpg,val
434407494.jpg,val
434411663.jpg,val
4344175340.jpg,val
434421040.jpg,val
4344535809.jpg,val
4344584487.jpg,val
4344724040.jpg,val
4344779691.jpg,val
434480173.jpg,val
4344825090.jpg,val
4345031613.jpg,val
4345257952.jpg,val
4345272490.jpg,val
4345363521.jpg,val
4345406285.jpg,val
4346167841.jpg,val
4346297277.jpg,val
434665130.jpg,val
434669269.jpg,val
4346782325.jpg,val
4347031293.jpg,val
4347240514.jpg,val
4347435013.jpg,val
4347615187.jpg,val
4347691286.jpg,val
4348242281.jpg,val
4348272921.jpg,val
4348646115.jpg,val
4348668264.jpg,val
4348957203.jpg,val
4348975410.jpg,val
4349152116.jpg,val
4349228571.jpg,val
4349984403.jpg,val
435006316.jpg,val
4350078318.jpg,val
435073717.jpg,val
435075918.jpg,val
4350869296.jpg,val
4350870822.jpg,val
4350952007.jpg,val
4351178805.jpg,val
4351280278.jpg,val
4351563762.jpg,val
4351911034.jpg,val
435224019.jpg,val
4352241225.jpg,val
4352857958.jpg,val
4352892068.jpg,val
435299759.jpg,val
4353175184.jpg,val
4353304783.jpg,val
4353885690.jpg,val
4353933278.jpg,val
435394478.jpg,val
435401812.jpg,val
4354282081.jpg,val
4354501306.jpg,val
4354522394.jpg,val
4354675543.jpg,val
4354684185.jpg,val
4355147525.jpg,val
435520965.jpg,val
4355257218.jpg,val
4355476391.jpg,val
43554901890.jpg,val
4355633827.jpg,val
4355634324.jpg,val
435570522.jpg,val
4356306450.jpg,val
4356414825.jpg,val
4356490299.jpg,val
4356562387.jpg,val
435673633.jpg,val
435674347.jpg,val
4356807170.jpg,val
435688801.jpg,val
4356935494.jpg,val
4356948315.jpg,val
4356971106.jpg,val
4357087119.jpg,val
4357238901.jpg,val
4357298819.jpg,val
435734882.jpg,val
435741856.jpg,val
4357469621.jpg,val
4357509405.jpg,val
4357525277.jpg,val
4357601547.jpg,val
4357701403.jpg,val
4357797185.jpg,val
4358859749.jpg,val
4359173312.jpg,val
4359266083.jpg,val
4359494911.jpg,val
4359636264.jpg,val
4359641958.jpg,val
4359728838.jpg,val
4359837484.jpg,val
4359981216.jpg,val
4360088374.jpg,val
4360103950.jpg,val
436064694.jpg,val
4360692234.jpg,val
4360872666.jpg,val
4360881450.jpg,val
4360977248.jpg,val
4361052371.jpg,val
436106222.jpg,val
4361209240.jpg,val
436140853.jpg,val
4361551227.jpg,val
4361646182.jpg,val
4361796063.jpg,val
4362064051.jpg,val
4362222817.jpg,val
436222487.jpg,val
436233570.jpg,val
4362341911.jpg,val
4362540400.jpg,val
4362576962.jpg,val
436259018.jpg,val
4363118384.jpg,val
4363148391.jpg,val
4363207887.jpg,val
4363222490.jpg,val
4363222502.jpg,val
4363423099.jpg,val
4363523334.jpg,val
4363524816.jpg,val
4363606509.jpg,val
4363802876.jpg,val
4363905994.jpg,val
4364073928.jpg,val
436409344.jpg,val
436413873.jpg,val
436417678.jpg,val
436429491.jpg,val
4364302690.jpg,val
4364307804.jpg,val
4364324637.jpg,val
4364561319.jpg,val
436481102.jpg,val
4365010821.jpg,val
4365044709.jpg,val
436514777.jpg,val
4365242475.jpg,val
436528064.jpg,val
4365394095.jpg,val
4365594773.jpg,val
4365611845.jpg,val
4365885246.jpg,val
4365926006.jpg,val
4366055757.jpg,val
4366118589.jpg,val
436619171.jpg,val
4366234907.jpg,val
4366256056.jpg,val
4366467558.jpg,val
4366487057.jpg,val
4366504028.jpg,val
4366564471.jpg,val
4366619397.jpg,val
4366902843.jpg,val
4366925912.jpg,val
4366977891.jpg,val
4367033777.jpg,val
4367218745.jpg,val
4367219223.jpg,val
4367270960.jpg,val
4367358391.jpg,val
4367574304.jpg,val
4367620510.jpg,val
4367624522.jpg,val
4367645512.jpg,val
436765123.jpg,val
4367666919.jpg,val
436769961.jpg,val
436770356.jpg,val
4367797231.jpg,val
436783156.jpg,val
436801054_1.jpg,val
436815958.jpg,val
4368628892.jpg,val
4368814031.jpg,val
43690548532.jpg,val
4369254392.jpg,val
4369394653.jpg,val
4369525482.jpg,val
4370290691.jpg,val
4370403564.jpg,val
4370538257.jpg,val
4370626859.jpg,val
4370682305.jpg,val
4370707780.jpg,val
4370907280.jpg,val
4370994690.jpg,val
437100541.jpg,val
4371010947.jpg,val
4371136587.jpg,val
4371136727.jpg,val
4371229602.jpg,val
437146273.jpg,val
4371540170.jpg,val
4371627163.jpg,val
437190227.jpg,val
4372099949.jpg,val
4372113515.jpg,val
4372231031.jpg,val
4372494883.jpg,val
4372609301.jpg,val
4372662243.jpg,val
4372683076.jpg,val
437278086.jpg,val
4372793081.jpg,val
4372807669.jpg,val
4373062449.jpg,val
4373126406.jpg,val
4373178720.jpg,val
4373180705.jpg,val
4373293877.jpg,val
4373359622.jpg,val
4373509979.jpg,val
4373669483.jpg,val
4373682823.jpg,val
4373717187.jpg,val
437387496.jpg,val
4373961692.jpg,val
437403057.jpg,val
4374050600.jpg,val
437408132.jpg,val
4374117451.jpg,val
4374134127.jpg,val
4374268336.jpg,val
4374330530.jpg,val
4374354673.jpg,val
4374404750.jpg,val
4374470037.jpg,val
4374596214.jpg,val
4374598558.jpg,val
437473448.jpg,val
4374754022.jpg,val
4374769434.jpg,val
437481989.jpg,val
4374838916.jpg,val
4374845049.jpg,val
4374867004.jpg,val
4375028105.jpg,val
4375082086.jpg,val
4375109948.jpg,val
4375152709.jpg,val
4375309999.jpg,val
43753745485.jpg,val
4375394019.jpg,val
4375408801.jpg,val
4375413051.jpg,val
437547091.jpg,val
4375477841.jpg,val
4375568176.jpg,val
4375603809.jpg,val
4375670609.jpg,val
4375765495.jpg,val
4375955647.jpg,val
4375985733.jpg,val
4376037246.jpg,val
4376157832.jpg,val
4376183304.jpg,val
4376208179.jpg,val
4376214013.jpg,val
4376286353.jpg,val
4376304367.jpg,val
4376362878.jpg,val
4376450579.jpg,val
437658497.jpg,val
4376689501.jpg,val
4376721295.jpg,val
4376757962.jpg,val
4376770244.jpg,val
4376788103.jpg,val
4376831146.jpg,val
4376850287.jpg,val
437700496.jpg,val
4377034488.jpg,val
4377035292.jpg,val
4377155728.jpg,val
4377183923.jpg,val
4377188437.jpg,val
437727999.jpg,val
4377359432.jpg,val
4377415791.jpg,val
4377440776.jpg,val
4377448307.jpg,val
4377469193.jpg,val
437750689.jpg,val
4377731375.jpg,val
4377781245.jpg,val
437785951.jpg,val
4377904278.jpg,val
4377927691.jpg,val
437797262.jpg,val
4378020210.jpg,val
4378033600.jpg,val
4378263570.jpg,val
4378282463.jpg,val
4378335642.jpg,val
4378353847.jpg,val
4378356643.jpg,val
437846122.jpg,val
4378505391.jpg,val
4378522623.jpg,val
437875127.jpg,val
4378857166.jpg,val
4378943974.jpg,val
4378987420.jpg,val
4379060275.jpg,val
4379069420.jpg,val
4379077754.jpg,val
437926468.jpg,val
4379340753.jpg,val
4379391221.jpg,val
4379420118.jpg,val
4379461321.jpg,val
437953797.jpg,val
4379607401.jpg,val
437962449.jpg,val
437965058.jpg,val
4379679132.jpg,val
4379699390.jpg,val
4379743227.jpg,val
4379788287.jpg,val
4379840379.jpg,val
4379862122.jpg,val
4379893517.jpg,val
4379938775.jpg,val
4379970650.jpg,val
4379971578.jpg,val
4380018581.jpg,val
4380051987.jpg,val
4380087912.jpg,val
4380388922.jpg,val
4380393610.jpg,val
4380400503.jpg,val
4380505909.jpg,val
4380509727.jpg,val
4380589621.jpg,val
4380617094.jpg,val
4380704894.jpg,val
4380707256.jpg,val
4380728572.jpg,val
4380745607.jpg,val
4380774274.jpg,val
4380795574.jpg,val
4380828335.jpg,val
4380846588.jpg,val
4380886353.jpg,val
4380931395.jpg,val
4380955437.jpg,val
4381023800.jpg,val
43810291492.jpg,val
4381108341.jpg,val
4381155356.jpg,val
4381184559.jpg,val
4381267690.jpg,val
4381276392.jpg,val
4381332658.jpg,val
4381360666.jpg,val
4381579251.jpg,val
4381599527.jpg,val
4381621633.jpg,val
4381643848.jpg,val
4381668358.jpg,val
4381885317.jpg,val
4381898827.jpg,val
4381992989.jpg,val
4382165409.jpg,val
4382182741.jpg,val
4382190586.jpg,val
4382209760.jpg,val
4382423099.jpg,val
4382447827.jpg,val
4382505194.jpg,val
4382522933.jpg,val
4382576068.jpg,val
4382588533.jpg,val
4382768066.jpg,val
4382791136.jpg,val
4382882147.jpg,val
4383178510.jpg,val
4383248939.jpg,val
4383275221.jpg,val
4383300799.jpg,val
4383325170.jpg,val
4383342905.jpg,val
4383346876.jpg,val
4383368194.jpg,val
4383451480.jpg,val
4383475299.jpg,val
4383633440.jpg,val
4383717782.jpg,val
4383729228.jpg,val
4383804100.jpg,val
4383882688.jpg,val
4384105682.jpg,val
4384126811.jpg,val
4384158571.jpg,val
4384330824.jpg,val
4384518422.jpg,val
4384580529.jpg,val
4384616666.jpg,val
4384621540.jpg,val
4384874384.jpg,val
4385043773.jpg,val
4385066096.jpg,val
4385092327.jpg,val
4385141323.jpg,val
4385235058.jpg,val
43852918660.jpg,val
4385292206.jpg,val
4385408784.jpg,val
4385880784.jpg,val
4386322444.jpg,val
4386469678.jpg,val
438710845.jpg,val
4387650470.jpg,val
4387697362.jpg,val
438990140.jpg,val
43915196850.jpg,val
439221271.jpg,val
439253655.jpg,val
4396212097.jpg,val
4396309051.jpg,val
439672197.jpg,val
4398402338.jpg,val
440011344.jpg,val
440103103.jpg,val
440108253.jpg,val
440119455.jpg,val
440145270.jpg,val
440151089.jpg,val
440228184.jpg,val
440228665.jpg,val
440609965.jpg,val
4406125385.jpg,val
4406256789.jpg,val
440730473.jpg,val
440755081.jpg,val
440791038.jpg,val
440811158.jpg,val
4409589743.jpg,val
441027191.jpg,val
4411819584.jpg,val
4415195124.jpg,val
4416077627.jpg,val
4416875263.jpg,val
4418033047.jpg,val
4418034679.jpg,val
4418428598.jpg,val
4419438343.jpg,val
4420306403.jpg,val
4420877032.jpg,val
4421298007.jpg,val
4422744616.jpg,val
4424521883.jpg,val
442524678.jpg,val
4425431252.jpg,val
44699887815.jpg,val
44699929415.jpg,val
44704863785.jpg,val
44818856585.jpg,val
44905320944.jpg,val
4493502345.jpg,val
4530286618.jpg,val
4540000486.jpg,val
454104603.jpg,val
4543846152.jpg,val
45613683721.jpg,val
4561832313.jpg,val
45629923331.jpg,val
45655263085.jpg,val
4580487593.jpg,val
45845322444.jpg,val
4612005871.jpg,val
462542114.jpg,val
4627068402.jpg,val
4627551290.jpg,val
4633656212.jpg,val
46360391055.jpg,val
4655141935.jpg,val
46606002312.jpg,val
4670524237.jpg,val
4672711641.jpg,val
4682415706.jpg,val
4703602209.jpg,val
4708447898.jpg,val
47279639732.jpg,val
4732616391.jpg,val
4733259220.jpg,val
4733260196.jpg,val
4745936282.jpg,val
4750589567.jpg,val
47725930691.jpg,val
4773975218.jpg,val
479771470.jpg,val
47_usa_bordercrossing9.jpg,val
48045990106.jpg,val
48122190988.jpg,val
48122260887.jpg,val
48169742701.jpg,val
48355836551.jpg,val
4855111628.jpg,val
48606959037.jpg,val
48616524141.jpg,val
48616539721.jpg,val
48616605206.jpg,val
48616701452.jpg,val
4868453032.jpg,val
4870147298.jpg,val
4878633415.jpg,val
4878634509.jpg,val
4879243664.jpg,val
4882804.jpg,val
48866249377_f1db80930c_c.jpg,val
488694848.jpg,val
4887581626.jpg,val
4887608856.jpg,val
48897105851.jpg,val
48925014787.jpg,val
49188742018_4214e16d6d_c.jpg,val
4930330199.jpg,val
49369804417.jpg,val
4937541538.jpg,val
49405965606.jpg,val
49420466261.jpg,val
49463680573.jpg,val
495416900.jpg,val
49578445323.jpg,val
49633415996.jpg,val
49662863011.jpg,val
497084115.jpg,val
4970877557.jpg,val
49729377546.jpg,val
49827874543.jpg,val
49839456783.jpg,val
49867706813.jpg,val
49909816853.jpg,val
49965171256.jpg,val
499704904.jpg,val
49985134741_ed964322db_c.jpg,val
50007340712.jpg,val
5004282372.jpg,val
501132381.jpg,val
50197449347.jpg,val
5035103831.jpg,val
50723286077.jpg,val
50751822842.jpg,val
50786125032.jpg,val
51150717752.jpg,val
51187011179.jpg,val
512317241.jpg,val
5123399090.jpg,val
51276833366.jpg,val
51283312873.jpg,val
51305426157.jpg,val
51368252469.jpg,val
514288209.jpg,val
51706716858.jpg,val
51739596349.jpg,val
51739845475.jpg,val
51740971.jpg,val
51744471650.jpg,val
51879495220.jpg,val
5189893714.jpg,val
51925100542.jpg,val
51949853800.jpg,val
51958485991.jpg,val
5199820498.jpg,val
52057809396.jpg,val
52127024577.jpg,val
52159272352.jpg,val
52260117302.jpg,val
52260805562.jpg,val
52270469141.jpg,val
52332943090.jpg,val
5237409986.jpg,val
52405201910.jpg,val
5243661878.jpg,val
5244282417.jpg,val
5247858638.jpg,val
5251424623.jpg,val
52569682965.jpg,val
52572575240.jpg,val
52712938305.jpg,val
52720412212.jpg,val
52753185985.jpg,val
52753186045.jpg,val
52753270758.jpg,val
52754169502.jpg,val
52754710286.jpg,val
52756765576.jpg,val
52757249993.jpg,val
52818837476.jpg,val
5285651877.jpg,val
5287344821.jpg,val
52901627245.jpg,val
52919652639.jpg,val
52921038348.jpg,val
52921483532.jpg,val
52928620646.jpg,val
52950109233.jpg,val
52969539191.jpg,val
52969539576.jpg,val
53100506308.jpg,val
53170270457.jpg,val
53205423835.jpg,val
532162983.jpg,val
53317964148.jpg,val
53322765376.jpg,val
53405411506.jpg,val
5341161782.jpg,val
5351980776.jpg,val
5374961427.jpg,val
5384140711.jpg,val
5394325989.jpg,val
5394511965.jpg,val
5413232656.jpg,val
5437042789.jpg,val
5437628157.jpg,val
5443874791.jpg,val
5457015523.jpg,val
5458234066.jpg,val
5468371215.jpg,val
5491063252.jpg,val
5494049661.jpg,val
5500855527.jpg,val
5515980252.jpg,val
55224066.jpg,val
552485990.jpg,val
5535932580.jpg,val
5535936215.jpg,val
557105551.jpg,val
5578689342.jpg,val
5583691948.jpg,val
5587104863.jpg,val
5618519081.jpg,val
562047594.jpg,val
5651116109.jpg,val
5659332081.jpg,val
5662560741.jpg,val
5668500011.jpg,val
5704289283.jpg,val
5762175914.jpg,val
5804342244.jpg,val
5873117915.jpg,val
5879785198.jpg,val
5906609617.jpg,val
5906722623.jpg,val
5907314838.jpg,val
5907360518.jpg,val
5943587041.jpg,val
5949225170.jpg,val
5954382377.jpg,val
59777632.jpg,val
5986045285.jpg,val
5993345258.jpg,val
6000924363.jpg,val
6002801165.jpg,val
6021738197.jpg,val
6043057459.jpg,val
6059954041.jpg,val
6065732114.jpg,val
6079335014.jpg,val
6113687562.jpg,val
6115398378.jpg,val
61244470.jpg,val
6125904328.jpg,val
6125914052.jpg,val
6127764704.jpg,val
6130850177.jpg,val
6132199075.jpg,val
6145160983.jpg,val
6148516237.jpg,val
6165332691.jpg,val
6169461843.jpg,val
6169483551.jpg,val
6203816541.jpg,val
6216321985.jpg,val
6239247086.jpg,val
625724779.jpg,val
6264441829.jpg,val
6265818821.jpg,val
6274429905.jpg,val
6287471140.jpg,val
6288984807.jpg,val
6294670531.jpg,val
6295184064.jpg,val
6295195368.jpg,val
6295196510.jpg,val
6295205378.jpg,val
6311580.jpg,val
6324904946.jpg,val
6357140857.jpg,val
6392542707.jpg,val
641220042.jpg,val
6490129031.jpg,val
6511011729.jpg,val
6529012777.jpg,val
6548248185.jpg,val
6551838369.jpg,val
6577182469.jpg,val
6595909369.jpg,val
6682062705.jpg,val
6697896157.jpg,val
6699603815.jpg,val
6736505883.jpg,val
6758163347.jpg,val
6776409220.jpg,val
6786431752.jpg,val
6788848798.jpg,val
6789797836.jpg,val
6797297128.jpg,val
6815967382.jpg,val
6824088972.jpg,val
6838231696.jpg,val
6931020873.jpg,val
6953375436.jpg,val
6977901832.jpg,val
6979841437.jpg,val
6981410935.jpg,val
6982108571.jpg,val
6999770579.jpg,val
7052075861.jpg,val
705838940.jpg,val
714842144.jpg,val
7171938726.jpg,val
7201174096.jpg,val
7210361494.jpg,val
7241141206.jpg,val
7262852770.jpg,val
7294233542.jpg,val
7294253090.jpg,val
7351173410.jpg,val
7477757184.jpg,val
7505148382.jpg,val
7535549690.jpg,val
7618644154.jpg,val
7629937300.jpg,val
764340773.jpg,val
7752361568.jpg,val
7793407726.jpg,val
780528804.jpg,val
7815900708.jpg,val
7826266450.jpg,val
7834610544.jpg,val
7879783134.jpg,val
7919700276.jpg,val
7962635010.jpg,val
7962636048.jpg,val
79791534.jpg,val
7991930068.jpg,val
8043500677.jpg,val
806220039.jpg,val
8073146364.jpg,val
8097330487.jpg,val
8115849434.jpg,val
8121115017.jpg,val
8148787436.jpg,val
8199580657.jpg,val
8217058740.jpg,val
8223657005.jpg,val
8228264363.jpg,val
8264917203.jpg,val
8267599476.jpg,val
83162903.jpg,val
8319273282.jpg,val
8400942917.jpg,val
8426941783.jpg,val
8432640574.jpg,val
8444183499.jpg,val
8498585323.jpg,val
8498587169.jpg,val
8499667782.jpg,val
8499690678.jpg,val
85173470.jpg,val
8531111286.jpg,val
8603981411.jpg,val
865185859.jpg,val
8693969002.jpg,val
8711650111.jpg,val
8788432891.jpg,val
8803288575.jpg,val
88369142.jpg,val
8849523884.jpg,val
8849572550.jpg,val
8940979462.jpg,val
89742786.jpg,val
91062425.jpg,val
9132180382.jpg,val
9135901350.jpg,val
9142707861.jpg,val
9156727407.jpg,val
9156826809.jpg,val
9158578996.jpg,val
9159011912.jpg,val
9189845742.jpg,val
9214608.jpg,val
9225861296.jpg,val
92324917.jpg,val
9238161384.jpg,val
9241409949.jpg,val
9473998975.jpg,val
9512792575.jpg,val
9548975066.jpg,val
9554536309.jpg,val
9565454854.jpg,val
9600006617.jpg,val
9600155925.jpg,val
9600162287.jpg,val
9603173552.jpg,val
9603372080.jpg,val
9603403922.jpg,val
9645037.jpg,val
9651774814.jpg,val
9665023280.jpg,val
9674318310.jpg,val
9764146021.jpg,val
9871333235.jpg,val
9960221534.jpg,val
CA34_0744.jpg,val
CA44_1735.jpg,val
CA49_21.jpg,val
CS11_0728.jpg,val
HA12_0313.jpg,val
HA16_1221.jpg,val
HA40_1329.jpg,val
KA39_2320.jpg,val
KA45_1619.jpg,val
KS48_0634.jpg,val
PS27_2845.jpg,val
TA14_0952.jpg,val
TA43_0250.jpg,val
TS08_0652.jpg,val
bing_1715491765.jpg,val
bing_1715492096_2.jpg,val
bing_1715492133.jpg,val
bing_1715502346_4.jpg,val
bing_1715502350.jpg,val
bing_1715502353_4.jpg,val
bing_1715502399.jpg,val
bing_1715502470_3.jpg,val
bing_1715502631.jpg,val
bing_1715502632.jpg,val
bing_1715502876.jpg,val
bing_1715503544.jpg,val
bing_1715515537.jpg,val
bing_1715515591.jpg,val
bing_1715515599.jpg,val
bing_1715515619.jpg,val
bing_1715515732.jpg,val
bing_1715515859_3.jpg,val
bing_1715515883_2.jpg,val
bing_1715515955_2.jpg,val
bing_1715515986_3.jpg,val
bing_1715516039.jpg,val
bing_1715517052.jpg,val
bing_1715517073.jpg,val
bing_1715517176.jpg,val
bing_1715519442.jpg,val
bing_1715522999_1.jpg,val
bing_1715523215.jpg,val
bing_1715523470.jpg,val
bing_1715523541.jpg,val
bing_1715523542.jpg,val
bing_1715523584.jpg,val
bing_1715523913.jpg,val
bing_1715650706.jpg,val
bing_1715650770.jpg,val
bing_1715650849.jpg,val
bing_1715651010.jpg,val
bing_1715651064.jpg,val
bing_1715651243.jpg,val
bing_1715651387.jpg,val
bing_1715652157.jpg,val
bing_1715652162_3.jpg,val
bing_1715652969.jpg,val
bing_1715653281.jpg,val
bing_1715656244.jpg,val
bing_1715656827.jpg,val
bing_1715657592.jpg,val
bing_1715657882.jpg,val
bing_1715658038.jpg,val
bing_1715658173.jpg,val
bing_1715662096.jpg,val
bing_1715662244.jpg,val
bing_1715662918.jpg,val
bing_1715663211.jpg,val
bing_1715670408_3.jpg,val
bing_1715670411_3.jpg,val
bing_1715670428.jpg,val
bing_1715670509.jpg,val
bing_1715670600.jpg,val
bing_1715670621_3.jpg,val
bing_1715670623.jpg,val
bing_1715670663.jpg,val
bing_1715670696_3.jpg,val
bing_1715670708.jpg,val
bing_1715670717.jpg,val
bing_1715670744.jpg,val
bing_1715670830.jpg,val
bing_1715670877.jpg,val
bing_1715670906_3.jpg,val
bing_1715671096.jpg,val
bing_1715671539.jpg,val
bing_1715673217.jpg,val
bing_1715673250.jpg,val
bing_1715673385.jpg,val
bing_1715673437.jpg,val
bing_1715673463_3.jpg,val
bing_1715673487.jpg,val
bing_1715673790_2.jpg,val
bing_1715673804_4.jpg,val
bing_1715673928_2.jpg,val
bing_1715673963.jpg,val
bing_1715680101.jpg,val
bing_1715680155.jpg,val
bing_1715682593.jpg,val
bing_1715682840.jpg,val
bing_1715683233.jpg,val
bing_1715683397.jpg,val
bing_1715683404.jpg,val
bing_1715683419_1.jpg,val
bing_1715683466.jpg,val
bing_1715683616.jpg,val
bing_1715683760_3.jpg,val
bing_1715686221.jpg,val
bing_1715688783_4.jpg,val
bing_1715688786_3.jpg,val
bing_1715688883.jpg,val
bing_1715689755.jpg,val
bing_1715689858.jpg,val
bing_1715689860_2.jpg,val
bing_1715692114.jpg,val
bing_1715694084.jpg,val
bing_1715699698.jpg,val
bing_1715699855.jpg,val
bing_1715736874.jpg,val
bing_1715738067.jpg,val
bing_1715738157.jpg,val
bing_1715738618.jpg,val
bing_1715739550.jpg,val
bing_1715740477_2.jpg,val
bing_1715740641.jpg,val
bing_1715742454.jpg,val
bing_1715770132.jpg,val
bing_1715771661.jpg,val
bing_1715773288.jpg,val
bing_1715774527.jpg,val
bing_1715774682.jpg,val
bing_1715774783.jpg,val
bing_1715774940.jpg,val
bing_1715774962.jpg,val
bing_1715775346.jpg,val
bing_1715775672.jpg,val
bing_1715775763.jpg,val
bing_1715776328.jpg,val
bing_1715776381.jpg,val
bing_1715776404.jpg,val
bing_1715776455.jpg,val
bing_1715776476.jpg,val
bing_1715776496_2.jpg,val
bing_1715776497.jpg,val
bing_1715776593.jpg,val
bing_1715776630_2.jpg,val
bing_1715777410.jpg,val
bing_1715777417.jpg,val
bing_1715777470.jpg,val
bing_1715777615.jpg,val
bing_1715777654.jpg,val
bing_1715778029.jpg,val
bing_1715778211.jpg,val
bing_1715779288.jpg,val
bing_1715779502.jpg,val
bing_1715779761.jpg,val
bing_1715782461.jpg,val
bing_1715783682.jpg,val
bing_1715783862.jpg,val
bing_1715821318.jpg,val
bing_1715821331.jpg,val
bing_1715821349.jpg,val
bing_1715821363.jpg,val
bing_1715821410_2.jpg,val
bing_1715821470.jpg,val
bing_1715821620.jpg,val
bing_1715821647.jpg,val
bing_1715821736_2.jpg,val
bing_1715821831.jpg,val
bing_1715821872.jpg,val
bing_1715821996.jpg,val
bing_1715822079.jpg,val
bing_1715822400.jpg,val
bing_1715822498.jpg,val
bing_1715822717.jpg,val
bing_1715822722.jpg,val
bing_1715822840.jpg,val
bing_1715823056.jpg,val
bing_1715823196.jpg,val
bing_1715825206.jpg,val
bing_1715825227.jpg,val
bing_1715825360.jpg,val
bing_1715825801.jpg,val
bing_1715826371.jpg,val
bing_1715826438.jpg,val
bing_1715826633_2.jpg,val
bing_1715826667.jpg,val
bing_1715826747_3.jpg,val
bing_1715827077_2.jpg,val
bing_1715827119.jpg,val
bing_1715827309.jpg,val
bing_1715828015_2.jpg,val
bing_1715828083.jpg,val
bing_1715828491.jpg,val
bing_1715828681.jpg,val
bing_1715829418.jpg,val
bing_1715829591.jpg,val
bing_1715834725_3.jpg,val
bing_1715834744.jpg,val
bing_1715834777.jpg,val
bing_1715834795_3.jpg,val
bing_1715834823_3.jpg,val
bing_1715835106.jpg,val
bing_1715835146.jpg,val
bing_1715835157.jpg,val
bing_1715835264.jpg,val
bing_1715836829.jpg,val
bing_1715840189.jpg,val
bing_1715840196_2.jpg,val
bing_1715840229_3.jpg,val
bing_1715840279_1.jpg,val
bing_1715840285_2.jpg,val
bing_1715840330.jpg,val
bing_1715840343.jpg,val
bing_1715840737.jpg,val
bing_1715840818.jpg,val
bing_1715840840.jpg,val
bing_1715840864.jpg,val
bing_1715840998.jpg,val
bing_1715841009.jpg,val
bing_1715841612.jpg,val
bing_1715843558_1.jpg,val
bing_1715848468.jpg,val
bing_1715848819.jpg,val
bing_1715848862_2.jpg,val
bing_1715848864_5.jpg,val
bing_1715848869.jpg,val
bing_1715848873_2.jpg,val
bing_1715848886.jpg,val
bing_1715848966.jpg,val
bing_1715849060.jpg,val
bing_1715849188_2.jpg,val
bing_1715849242.jpg,val
bing_1715849473_2.jpg,val
bing_1715849850.jpg,val
bing_1715849977.jpg,val
bing_1715852150_3.jpg,val
bing_1715852155.jpg,val
bing_1715852244.jpg,val
bing_1715852488.jpg,val
bing_1715853843.jpg,val
bing_1715854772.jpg,val
bing_1715855008.jpg,val
bing_1715855130.jpg,val
bing_1715855201.jpg,val
bing_1715856137.jpg,val
bing_1715856357.jpg,val
bing_1715858701.jpg,val
bing_1715858883.jpg,val
bing_1715862095_4.jpg,val
bing_1715862096_2.jpg,val
bing_1715862231.jpg,val
bing_1715862288.jpg,val
bing_1715862362.jpg,val
bing_1715863173.jpg,val
bing_1715864171.jpg,val
bing_1715864347.jpg,val
bing_1715869519.jpg,val
bing_1715869527.jpg,val
bing_1715870172.jpg,val
bing_1715909304_2.jpg,val
bing_1715909479.jpg,val
bing_1715909549_2.jpg,val
bing_1715909569_2.jpg,val
bing_1715931172.jpg,val
bing_1715931416.jpg,val
bing_1715931549.jpg,val
bing_1715931685.jpg,val
bing_1715932236.jpg,val
bing_1715933949.jpg,val
bing_1715948253.jpg,val
bing_1715948315.jpg,val
bing_1716168991.jpg,val
bing_1716168993.jpg,val
bing_1716169026.jpg,val
bing_1716169070.jpg,val
bing_1716169082.jpg,val
bing_1716169137.jpg,val
bing_1716169241.jpg,val
bing_1716169273_2.jpg,val
bing_1716169337_2.jpg,val
bing_1716169402.jpg,val
bing_1716169409.jpg,val
bing_1716169492.jpg,val
bing_1716169532.jpg,val
bing_1716169598.jpg,val
bing_1716169653.jpg,val
bing_1716170094_2.jpg,val
bing_1716170177.jpg,val
bing_1716170468.jpg,val
bing_1716170619.jpg,val
bing_1716170904.jpg,val
bing_1716171207.jpg,val
bing_1716171892.jpg,val
bing_1716171925_2.jpg,val
bing_1716172075.jpg,val
bing_1716172254_2.jpg,val
bing_1716172327_2.jpg,val
bing_1716172354_3.jpg,val
bing_1716172523.jpg,val
bing_1716174158.jpg,val
bing_1716174387.jpg,val
bing_1716200200.jpg,val
bing_1716200348.jpg,val
bing_1716205317.jpg,val
bing_1716205408.jpg,val
bing_1716205437_2.jpg,val
bing_1716205534.jpg,val
bing_1716205615.jpg,val
bing_1716206467.jpg,val
bing_1716206791.jpg,val
bing_1716207181.jpg,val
bing_1716518108.jpg,val
bing_1716518149.jpg,val
bing_1716519332.jpg,val
bing_1716519641.jpg,val
bing_1716520744.jpg,val
bing_1716521467.jpg,val
bing_1716522214_2.jpg,val
bing_1716522287.jpg,val
bing_1716522362_2.jpg,val
bing_1716522389.jpg,val
bing_1716522419.jpg,val
bing_1716522510.jpg,val
bing_1716522675_2_1.jpg,val
bing_1716522692_1.jpg,val
bing_1716522698.jpg,val
bing_1716522819.jpg,val
bing_1716522915_2.jpg,val
bing_1716522932.jpg,val
bing_1716522937.jpg,val
bing_1716522958.jpg,val
bing_1716522981.jpg,val
bing_1716522997.jpg,val
bing_1716523071.jpg,val
bing_1716523072.jpg,val
bing_1716523171_2.jpg,val
bing_1716523173_2.jpg,val
bing_1716523175_4.jpg,val
bing_1716523191_2.jpg,val
bing_1716523442.jpg,val
bing_1716523575.jpg,val
bing_1716523617.jpg,val
bing_1716523712.jpg,val
bing_1716524301.jpg,val
bing_1716524427.jpg,val
bing_1716524428.jpg,val
bing_1716524558.jpg,val
bing_1716524626.jpg,val
bing_1716524699_2.jpg,val
bing_1716524701.jpg,val
bing_1716525046_2.jpg,val
bing_1716525055.jpg,val
bing_1716525064.jpg,val
bing_1716525095.jpg,val
bing_1716525095_2.jpg,val
bing_1716525185.jpg,val
bing_1716525310.jpg,val
bing_1716525439_1.jpg,val
bing_1716525440.jpg,val
bing_1716525492_1.jpg,val
bing_1716525500.jpg,val
bing_1716525568.jpg,val
bing_1716525642.jpg,val
bing_1716525642_1.jpg,val
bing_1716526085.jpg,val
bing_1716526113.jpg,val
bing_1716526207.jpg,val
bing_1716526410.jpg,val
bing_1716526415.jpg,val
bing_1716526842.jpg,val
bing_1716526909_3.jpg,val
bing_1716527062_3.jpg,val
bing_1716527523_2.jpg,val
bing_1716527688_4.jpg,val
bing_1716527693.jpg,val
bing_1716527791_3.jpg,val
bing_1716528068.jpg,val
bing_1716528121.jpg,val
bing_1716528554.jpg,val
bing_1716528584.jpg,val
bing_1716528605.jpg,val
bing_1716528724.jpg,val
bing_1716528911.jpg,val
bing_1716528952.jpg,val
bing_1716529016.jpg,val
bing_1716529035.jpg,val
bing_1716529114_4.jpg,val
bing_1716529156_2.jpg,val
bing_1716529160.jpg,val
bing_1716529166_3.jpg,val
bing_1716529168.jpg,val
bing_1716529176_3.jpg,val
bing_1716529204_2.jpg,val
bing_1716529207_2.jpg,val
bing_1716529208_3.jpg,val
bing_1716529210_3.jpg,val
bing_1716529238_3.jpg,val
bing_1716529250_3.jpg,val
bing_1716529282.jpg,val
bing_1716529296.jpg,val
bing_1716529299.jpg,val
bing_1716529368_3.jpg,val
bing_1716529409.jpg,val
bing_1716529486.jpg,val
bing_1716529490.jpg,val
bing_1716529752_2.jpg,val
bing_1716529965.jpg,val
bing_1716530033.jpg,val
bing_1716530059.jpg,val
bing_1716530196.jpg,val
bing_1716530216.jpg,val
bing_1716530281.jpg,val
bing_1716530286_2.jpg,val
bing_1716530328.jpg,val
bing_1716530341_3.jpg,val
bing_1716530508_2.jpg,val
bing_1716530515.jpg,val
bing_1716530637.jpg,val
bing_1716530649.jpg,val
bing_1716530742_2.jpg,val
bing_1716530752.jpg,val
bing_1716530768.jpg,val
bing_1716531318_3.jpg,val
bing_1716531324.jpg,val
bing_1716531622.jpg,val
bing_1716531694.jpg,val
bing_1716531754.jpg,val
bing_1716531759.jpg,val
bing_1716532204.jpg,val
bing_1716532290.jpg,val
bing_1716532505.jpg,val
bing_1716532573.jpg,val
bing_1716532770.jpg,val
bing_1716533256.jpg,val
bing_1716533315.jpg,val
bing_1716533322.jpg,val
bing_1716533362.jpg,val
bing_1716533364_3.jpg,val
bing_1716533578.jpg,val
bing_1716533837_2.jpg,val
bing_1716533889_3.jpg,val
bing_1716533926_2.jpg,val
bing_1716533961.jpg,val
bing_1716533969.jpg,val
bing_1716534112.jpg,val
bing_1716534158.jpg,val
bing_1716534211.jpg,val
bing_1716534236_3.jpg,val
bing_1716534389_2.jpg,val
bing_1716534495_2.jpg,val
bing_1716534610_2.jpg,val
bing_1716534639.jpg,val
bing_1716534735.jpg,val
bing_1716534871.jpg,val
bing_1716535315.jpg,val
bing_1716535417.jpg,val
bing_1716535844.jpg,val
bing_1716536345.jpg,val
bing_1716536571.jpg,val
bing_1716536586.jpg,val
bing_1716536683.jpg,val
bing_1716536831.jpg,val
bing_1716537159.jpg,val
bing_1716537233.jpg,val
bing_1716537239.jpg,val
bing_1716537309.jpg,val
bing_1716537324.jpg,val
bing_1716537419.jpg,val
bing_1716537444_1.jpg,val
bing_1716537463.jpg,val
bing_1716537471_1.jpg,val
bing_1716537614.jpg,val
bing_1716537617.jpg,val
bing_1716537825.jpg,val
bing_1716537846.jpg,val
bing_1716537876.jpg,val
bing_1716538048.jpg,val
bing_1716538144.jpg,val
bing_1716538211.jpg,val
bing_1716538258.jpg,val
bing_1716538357.jpg,val
bing_1716538370.jpg,val
bing_1716538421.jpg,val
bing_1716538527.jpg,val
bing_1716538609.jpg,val
bing_1716538722.jpg,val
bing_1716538838.jpg,val
bing_1716538877_1.jpg,val
bing_1716538878.jpg,val
bing_1716538943.jpg,val
bing_1716539686.jpg,val
bing_1716539775.jpg,val
bing_1716539778_2.jpg,val
bing_1716539781_3.jpg,val
bing_1716539834_2.jpg,val
bing_1716539851.jpg,val
bing_1716539911.jpg,val
bing_1716540116.jpg,val
bing_1716540153.jpg,val
bing_1716540194_3.jpg,val
bing_1716540238_1.jpg,val
bing_1716540318_2.jpg,val
bing_1716540323_3.jpg,val
bing_1716540821.jpg,val
bing_1716541128.jpg,val
bing_1716541209_1.jpg,val
bing_1716541230.jpg,val
bing_1716541317.jpg,val
bing_1716541338.jpg,val
bing_1716541421.jpg,val
bing_1716541429.jpg,val
bing_1716541472.jpg,val
bing_1716541577.jpg,val
bing_1716541597.jpg,val
bing_1716541637.jpg,val
bing_1716541815.jpg,val
bing_1716541827_2.jpg,val
bing_1716541835.jpg,val
bing_1716541897.jpg,val
bing_1716541941.jpg,val
bing_1716541980.jpg,val
bing_1716542015.jpg,val
bing_1716542089.jpg,val
bing_1716542104.jpg,val
bing_1716542106.jpg,val
bing_1716542244.jpg,val
bing_1716542291.jpg,val
bing_1716542296.jpg,val
bing_1716542483.jpg,val
bing_1716542587.jpg,val
bing_1716542688.jpg,val
bing_1716542892.jpg,val
bing_1716543309.jpg,val
bing_1716544845.jpg,val
bing_1716544860.jpg,val
bing_1716545026.jpg,val
bing_1716545271.jpg,val
bing_1716545376.jpg,val
bing_1716545705.jpg,val
bing_1716545735.jpg,val
bing_1716546030.jpg,val
bing_1716546100.jpg,val
bing_1716546110.jpg,val
bing_1716547341.jpg,val
bing_1716547511.jpg,val
bing_1716547624.jpg,val
bing_1716547671.jpg,val
bing_1716549539.jpg,val
bing_1716549691.jpg,val
bing_1716549708.jpg,val
bing_1716549730_1.jpg,val
bing_1716549768.jpg,val
bing_1716549783.jpg,val
bing_1716549831_2.jpg,val
bing_1716549859.jpg,val
bing_1716549957.jpg,val
bing_1716550156.jpg,val
bing_1716550530.jpg,val
bing_1716550742.jpg,val
bing_1716550987.jpg,val
bing_1716551838_2.jpg,val
bing_1716551873 (2).jpg,val
bing_1716551893_2.jpg,val
bing_1716551905.jpg,val
bing_1716551913_1.jpg,val
bing_1716551914_3.jpg,val
bing_1716551920.jpg,val
bing_1716551921_1.jpg,val
bing_1716551922.jpg,val
bing_1716551923_2.jpg,val
bing_1716551932.jpg,val
bing_1716551940.jpg,val
bing_1716551942_3.jpg,val
bing_1716551945_2.jpg,val
bing_1716551950.jpg,val
bing_1716551952_3.jpg,val
bing_1716551973_1.jpg,val
bing_1716551987_1.jpg,val
bing_1716552020_2.jpg,val
bing_1716552025_1.jpg,val
bing_1716552048_2.jpg,val
bing_1716552051_1.jpg,val
bing_1716552061.jpg,val
bing_1716552062.jpg,val
bing_1716552074.jpg,val
bing_1716552076_2.jpg,val
bing_1716552129_1.jpg,val
bing_1716552204.jpg,val
bing_1716552210_1.jpg,val
bing_1716552280.jpg,val
bing_1716552304.jpg,val
bing_1716552492.jpg,val
bing_1716552573.jpg,val
bing_1716552628.jpg,val
bing_1716552637.jpg,val
bing_1716552692.jpg,val
bing_1716552941.jpg,val
bing_1716552950.jpg,val
bing_1716553240.jpg,val
bing_1716553442.jpg,val
bing_1716553659.jpg,val
bing_1716553743.jpg,val
bing_1716553772.jpg,val
bing_1716554112.jpg,val
bing_1716554116.jpg,val
bing_1716554285.jpg,val
bing_1716554325_1.jpg,val
bing_1716554451.jpg,val
bing_1716554483.jpg,val
bing_1716554503.jpg,val
bing_1716554517_1.jpg,val
bing_1716554558_1.jpg,val
bing_1716554568.jpg,val
bing_1716554722.jpg,val
bing_1716554751.jpg,val
bing_1716554857.jpg,val
bing_1716555033_3.jpg,val
bing_1716555100_2.jpg,val
bing_1716555141_3.jpg,val
bing_1716555203.jpg,val
bing_1716555223_3.jpg,val
bing_1716555249.jpg,val
bing_1716555282.jpg,val
bing_1716555557.jpg,val
bing_1716555623_1.jpg,val
bing_1716557106_4.jpg,val
bing_1716557106_5.jpg,val
bing_1716557797.jpg,val
bing_1716558497_2.jpg,val
bing_1716558504.jpg,val
bing_1716558726_2.jpg,val
bing_1716558797_3.jpg,val
bing_1716558802_4.jpg,val
bing_1716559403.jpg,val
bing_1716559632.jpg,val
bing_1716560095_4.jpg,val
bing_1716560114.jpg,val
bing_1716560117.jpg,val
bing_1716560186_2.jpg,val
bing_1716560208.jpg,val
bing_1716560273.jpg,val
bing_1716560275.jpg,val
bing_1716560320.jpg,val
bing_1716560472.jpg,val
bing_1716560499_2.jpg,val
bing_1716560501_3.jpg,val
bing_1716560608_2.jpg,val
bing_1716561691.jpg,val
bing_1716561848_4.jpg,val
bing_1716561867_4.jpg,val
bing_1716561917 (2).jpg,val
bing_1716562846_2.jpg,val
bing_1716562849_2.jpg,val
bing_1716562911_3.jpg,val
bing_1716562930_2.jpg,val
bing_1716563019.jpg,val
bing_1716563116.jpg,val
bing_1716563145_2.jpg,val
bing_1716563160.jpg,val
bing_1716564517.jpg,val
bing_1716564548.jpg,val
bing_1716564550.jpg,val
bing_1716564635.jpg,val
bing_1716564789.jpg,val
bing_1716564800.jpg,val
bing_1716604910_2.jpg,val
bing_1716609911.jpg,val
bing_1716609933_3.jpg,val
bing_1716610018.jpg,val
bing_1716610032.jpg,val
bing_1716610061_2.jpg,val
bing_1716610145_3.jpg,val
bing_1716610183_3.jpg,val
bing_1716610184_3.jpg,val
bing_1716610186.jpg,val
bing_1716610219_3.jpg,val
bing_1716610273_2.jpg,val
bing_1716610573.jpg,val
bing_1716610792.jpg,val
bing_1716614656_3.jpg,val
bing_1716615242_2.jpg,val
bing_1716617537.jpg,val
bing_1716617564.jpg,val
bing_1716617589_2.jpg,val
bing_1716617611_2.jpg,val
bing_1716617742.jpg,val
bing_1716621068_4.jpg,val
bing_1716621308.jpg,val
bing_1716621403_2.jpg,val
bing_1716622561_2.jpg,val
bing_1716622563_4.jpg,val
bing_1716622567.jpg,val
bing_1716622580_3 (2).jpg,val
bing_1716622608.jpg,val
bing_1716622609.jpg,val
bing_1716622636.jpg,val
bing_1716622738.jpg,val
bing_1716622780_2.jpg,val
bing_1716623050_6.jpg,val
bing_1716623763_4.jpg,val
bing_1716623924_2.jpg,val
bing_1716624098.jpg,val
bing_1716699382.jpg,val
bing_1716699441.jpg,val
bing_1716700345.jpg,val
bing_1716707744.jpg,val
bing_1716707915.jpg,val
bing_1716707932.jpg,val
bing_1716707955_2.jpg,val
bing_1716707993.jpg,val
bing_1716708377.jpg,val
bing_1716709188.jpg,val
bing_1716709214.jpg,val
bing_1716709215.jpg,val
bing_1716709220.jpg,val
bing_1716709266.jpg,val
bing_1716709345.jpg,val
bing_1716724818.jpg,val
bing_1716724825.jpg,val
bing_1716724831_2.jpg,val
bing_1716724850_1.jpg,val
bing_1716724852_2.jpg,val
bing_1716724859_2.jpg,val
bing_1716724861_2.jpg,val
bing_1716724867.jpg,val
bing_1716724881_3.jpg,val
bing_1716724911_2.jpg,val
bing_1716725098.jpg,val
bing_1716725935.jpg,val
bing_1716726106.jpg,val
bing_1716726192_4.jpg,val
bing_1716726225_2.jpg,val
bing_1716726230_2_1.jpg,val
bing_1716726239_2.jpg,val
bing_1716726239_3.jpg,val
bing_1716726254_4.jpg,val
bing_1716726255_5.jpg,val
bing_1716726276_4.jpg,val
bing_1716727709.jpg,val
bing_1716727882_2.jpg,val
bing_1716727996.jpg,val
bing_1716728010.jpg,val
bing_1716728087.jpg,val
bing_1716728382.jpg,val
bing_1716728422.jpg,val
bing_1716728685.jpg,val
bing_1716728800.jpg,val
bing_1716728942.jpg,val
bing_1716810140.jpg,val
bing_1716810518.jpg,val
bing_1716810584.jpg,val
bing_1716810682.jpg,val
bing_1716810698_1.jpg,val
bing_1716810904.jpg,val
bing_1716813906.jpg,val
bing_1716813944.jpg,val
bing_1716813964.jpg,val
bing_1716814301_1.jpg,val
bing_1716814690.jpg,val
bing_1716814902.jpg,val
bing_1716815139.jpg,val
bing_1716815376.jpg,val
bing_1716816452.jpg,val
bing_1716816485.jpg,val
bing_1716816947.jpg,val
bing_1716817133.jpg,val
bing_1716817569.jpg,val
bing_1716818033.jpg,val
bing_1716818801.jpg,val
bing_1716819152.jpg,val
bing_1716819747.jpg,val
bing_1716820029.jpg,val
bing_1716820122.jpg,val
bing_1716820260.jpg,val
bing_1716820314.jpg,val
bing_1716820319.jpg,val
bing_1716820468.jpg,val
bing_1716820515.jpg,val
bing_1716820572.jpg,val
bing_1716820722.jpg,val
bing_1716821446.jpg,val
bing_1716821471.jpg,val
bing_1716866747.jpg,val
bing_1716866788.jpg,val
bing_1716866863.jpg,val
bing_1716870952.jpg,val
bing_1716873528.jpg,val
bing_1716873536.jpg,val
bing_1716873742.jpg,val
bing_1716874578.jpg,val
bing_1716874580.jpg,val
bing_1716874622.jpg,val
bing_1716874637.jpg,val
bing_1716874670.jpg,val
bing_1716874674_1.jpg,val
bing_1716874745 (2).jpg,val
bing_1716874942.jpg,val
bing_1716874949.jpg,val
bing_1716875002.jpg,val
bing_1716875047.jpg,val
bing_1716875073.jpg,val
bing_1716875945.jpg,val
bing_1716875947.jpg,val
bing_1716875987.jpg,val
bing_1716876126.jpg,val
bing_1716876283.jpg,val
bing_1716876371.jpg,val
bing_1716950936.jpg,val
bing_1716950976.jpg,val
bing_1716953516.jpg,val
bing_1716962235_3.jpg,val
bing_1716962985.jpg,val
bing_1716963576.jpg,val
bing_1716963904.jpg,val
bing_1716965133.jpg,val
bing_1716965784.jpg,val
bing_1716965886.jpg,val
bing_1716966552.jpg,val
bing_1716977328_5.jpg,val
bing_1716977333.jpg,val
bing_1716977676.jpg,val
bing_1716977807_5.jpg,val
bing_1716977901.jpg,val
bing_1716977928.jpg,val
bing_1716978027_3.jpg,val
bing_1716978458.jpg,val
bing_1716978524.jpg,val
bing_1716978525.jpg,val
bing_1721786856.jpg,val
bing_1721805131_2.jpg,val
bing_1721805318.jpg,val
bing_1721810820_2.jpg,val
bing_1721816280.jpg,val
bing_1721876095.jpg,val
bing_1721906344.jpg,val
bing_1722332273.jpg,val
bing_1722332306.jpg,val
bing_1722332306_2.jpg,val
bing_1722332632_2.jpg,val
bing_1722334057.jpg,val
bing_1722334059.jpg,val
bing_1722334080_2.jpg,val
bing_1722335166.jpg,val
bing_1722335185.jpg,val
bing_1722336649.jpg,val
bing_9.jpg,val
credit-card_107_jpeg_jpg.rf.7112d19e1fe7f680bbd92a62937cc21c.jpg,val
with_env_11_jpeg_jpg.rf.81356a35892aea526249fe2be8535f21.jpg,val
with_env_135_jpeg_jpg.rf.882221391ee0e8bae6ebe532b8417318.jpg,val
with_env_160_jpeg_jpg.rf.db9ff2941f074cc474b0154ab0828f7d.jpg,val
with_env_201_jpeg_jpg.rf.987a1133d3bbc29d6c166b77949382d7.jpg,val
with_env_243_jpeg_jpg.rf.c17cffc4751dd93631ae254804ceae91.jpg,val
with_env_245_jpeg_jpg.rf.3310dbedfadf23cff0435275cee3dfd6.jpg,val
with_env_250_jpeg_jpg.rf.605f8b885270524faa1732609a09a835.jpg,val
with_env_79_jpeg_jpg.rf.0f2c5d9b2c227a997adac33f8858c38e.jpg,val
with_env_89_jpeg_jpg.rf.ad39b1958e363db1c9d173e426997d1c.jpg,val
04_aut_id.jpg,test
10036040943.jpg,test
10198294114.jpg,test
102009950.jpg,test
10242120893.jpg,test
103373602.jpg,test
10341893895.jpg,test
10407277114.jpg,test
10423732265.jpg,test
1045270785.jpg,test
10506568065.jpg,test
10518515284.jpg,test
1052529583.jpg,test
10546487.jpg,test
10557271645.jpg,test
10610967.jpg,test
10624212.jpg,test
106442677.jpg,test
107195506.jpg,test
1085029005.jpg,test
1085341911.jpg,test
10928046925.jpg,test
11024131.jpg,test
11282651.jpg,test
1129245762.jpg,test
11351050374.jpg,test
1136462977.jpg,test
11376586953.jpg,test
11379251494.jpg,test
114674295.jpg,test
11510983285.jpg,test
1155329783.jpg,test
1170350.jpg,test
11811359554.jpg,test
11812626.jpg,test
11848963603.jpg,test
11980801383.jpg,test
12149691794.jpg,test
12224238176.jpg,test
122334642.jpg,test
12302134233.jpg,test
123080618.jpg,test
1237067254.jpg,test
12448336524.jpg,test
1248624563.jpg,test
1261345172.jpg,test
1272386690.jpg,test
1276140597.jpg,test
1284988611.jpg,test
1287699753.jpg,test
12923746635.jpg,test
1352532131.jpg,test
13709907433.jpg,test
13801543203.jpg,test
13890009983.jpg,test
1389456.jpg,test
13941736019.jpg,test
13941752939.jpg,test
13952563389.jpg,test
1395469258.jpg,test
14159912266.jpg,test
1423713027.jpg,test
14241178042.jpg,test
142750848.jpg,test
14337404797.jpg,test
1435151240.jpg,test
14355149102.jpg,test
14489462708.jpg,test
14492522363.jpg,test
14518371339.jpg,test
14553805230.jpg,test
14560547232.jpg,test
1456080087.jpg,test
14565690200.jpg,test
14569261233.jpg,test
14623834693.jpg,test
1464717273.jpg,test
14656177639.jpg,test
14658015993.jpg,test
14701855211.jpg,test
14792724588.jpg,test
14911771017.jpg,test
14990439438.jpg,test
149988237.jpg,test
15088603348.jpg,test
15141475129.jpg,test
15251019120.jpg,test
15264286032.jpg,test
15301772225.jpg,test
153074628.jpg,test
15363132252.jpg,test
1537384006.jpg,test
15383111464.jpg,test
15425150526.jpg,test
15455280638.jpg,test
15506041768.jpg,test
15506551800.jpg,test
15730431744.jpg,test
1580146227.jpg,test
15834845215.jpg,test
158834900.jpg,test
1593163159.jpg,test
15965704991.jpg,test
15980938728.jpg,test
16048819741.jpg,test
16148689163.jpg,test
16177060184.jpg,test
16205799799.jpg,test
16258551980.jpg,test
16299039684.jpg,test
16321413598.jpg,test
16436300999.jpg,test
16459960132.jpg,test
165134270.jpg,test
16581044798.jpg,test
16595268323.jpg,test
16609399600.jpg,test
16618924700.jpg,test
16635601752.jpg,test
16651594328.jpg,test
16694679236.jpg,test
16740887878.jpg,test
16770909066.jpg,test
16850093141.jpg,test
16859114352.jpg,test
16909281377.jpg,test
17028081840.jpg,test
17072559153.jpg,test
17145788796.jpg,test
17211539640.jpg,test
17279489.jpg,test
17303868075.jpg,test
18092334174.jpg,test
18117095162.jpg,test
1813678488.jpg,test
18320464471.jpg,test
18397233.jpg,test
18503091716.jpg,test
18889975799.jpg,test
1900356377.jpg,test
19091930258.jpg,test
19105517656.jpg,test
1913996962.jpg,test
1922487.jpg,test
19248514711.jpg,test
192778989.jpg,test
19309446803.jpg,test
19403080145.jpg,test
1966094961.jpg,test
197416453.jpg,test
20000168284.jpg,test
2005307275.jpg,test
201328066.jpg,test
2017_10172176.jpg,test
2017_10929899.jpg,test
2017_11450180.jpg,test
2017_11617312.jpg,test
2017_12276591.jpg,test
2017_12284138.jpg,test
2017_13254896.jpg,test
2017_13694002.jpg,test
2017_13729999.jpg,test
2017_13747599.jpg,test
2017_13895491.jpg,test
2017_14064839.jpg,test
2017_14320004.jpg,test
2017_14463564.jpg,test
2017_14529539.jpg,test
2017_14826104.jpg,test
2017_15365641.jpg,test
2017_15427934.jpg,test
2017_15748852.jpg,test
2017_15891548.jpg,test
2017_16559373.jpg,test
2017_17714122.jpg,test
2017_18226758.jpg,test
2017_18351043.jpg,test
2017_18973124.jpg,test
2017_19207122.jpg,test
2017_19436782.jpg,test
2017_19544411.jpg,test
2017_19628086.jpg,test
2017_19732039.jpg,test
2017_19806301.jpg,test
2017_19854008.jpg,test
2017_19990754.jpg,test
2017_20139479.jpg,test
2017_20929930.jpg,test
2017_21001562.jpg,test
2017_21741287.jpg,test
2017_22298338_1.jpg,test
2017_22866129.jpg,test
2017_23076981.jpg,test
2017_23492811.jpg,test
2017_24536459.jpg,test
2017_25057208.jpg,test
2017_25899775.jpg,test
2017_26196801.jpg,test
2017_26974100.jpg,test
2017_28420625.jpg,test
2017_28621752.jpg,test
2017_28641456.jpg,test
2017_28951696.jpg,test
2017_29059596.jpg,test
2017_29250359.jpg,test
2017_30129580.jpg,test
2017_30163759.jpg,test
2017_30170169.jpg,test
2017_30471451.jpg,test
2017_30613036.jpg,test
2017_31239615.jpg,test
2017_32278764.jpg,test
2017_32476236.jpg,test
2017_32673567.jpg,test
2017_32793012.jpg,test
2017_32957543.jpg,test
2017_32991979.jpg,test
2017_33778526.jpg,test
2017_34036572.jpg,test
2017_34824767.jpg,test
2017_34854716.jpg,test
2017_35802667.jpg,test
2017_36820893.jpg,test
2017_36833853.jpg,test
2017_37334795.jpg,test
2017_37695906.jpg,test
2017_38150149.jpg,test
2017_38342719.jpg,test
2017_38918625.jpg,test
2017_38918845.jpg,test
2017_38987018.jpg,test
2017_39419250.jpg,test
2017_40527436.jpg,test
2017_40929493.jpg,test
2017_41136216.jpg,test
2017_42879480.jpg,test
2017_42977767.jpg,test
2017_43710902.jpg,test
2017_44027271.jpg,test
2017_44233148.jpg,test
2017_44287382.jpg,test
2017_45496593.jpg,test
2017_46053942.jpg,test
2017_47422580.jpg,test
2017_47611599.jpg,test
2017_47675253.jpg,test
2017_47753919.jpg,test
2017_49773535.jpg,test
2017_49888895.jpg,test
2017_50846327.jpg,test
2017_51064762.jpg,test
2017_51618747.jpg,test
2017_52722713.jpg,test
2017_52957907.jpg,test
2017_53349609.jpg,test
2017_53793835.jpg,test
2017_54725248.jpg,test
2017_54838010.jpg,test
2017_55077532.jpg,test
2017_60256469.jpg,test
2017_60780982.jpg,test
2017_60950943.jpg,test
2017_61510570.jpg,test
2017_62352766.jpg,test
2017_63311495.jpg,test
2017_63356268.jpg,test
2017_63626212.jpg,test
2017_63629412.jpg,test
2017_63667701.jpg,test
2017_65396255.jpg,test
2017_65924818.jpg,test
2017_66173285.jpg,test
2017_67449105.jpg,test
2017_67963758.jpg,test
2017_68008166.jpg,test
2017_69612892.jpg,test
2017_70336904.jpg,test
2017_71086408.jpg,test
2017_71139376.jpg,test
2017_72188292.jpg,test
2017_72688546.jpg,test
2017_73179674.jpg,test
2017_73891794.jpg,test
2017_74759985.jpg,test
2017_75675213.jpg,test
2017_76138829.jpg,test
2017_77594838.jpg,test
2017_78638204.jpg,test
2017_78699433.jpg,test
2017_79460360.jpg,test
2017_80894778.jpg,test
2017_81303938.jpg,test
2017_81375917.jpg,test
2017_82771335.jpg,test
2017_83808741.jpg,test
2017_84592626.jpg,test
2017_85455789.jpg,test
2017_87269852.jpg,test
2017_87557988.jpg,test
2017_89015255.jpg,test
2017_89839825.jpg,test
2017_89848024.jpg,test
2017_90021635.jpg,test
2017_91193857.jpg,test
2017_91326988.jpg,test
2017_91859737.jpg,test
2017_92189568.jpg,test
2017_92404714.jpg,test
2017_92511426.jpg,test
2017_93439024.jpg,test
2017_93585581.jpg,test
2017_94389838.jpg,test
2017_94963016.jpg,test
2017_96626083.jpg,test
2017_97239396.jpg,test
2017_97540134.jpg,test
2017_98675501.jpg,test
20198531316.jpg,test
2041224695.jpg,test
20505491693.jpg,test
2051241927.jpg,test
205489273.jpg,test
2068378619.jpg,test
20689671876.jpg,test
207589075.jpg,test
21049804203.jpg,test
2106571141.jpg,test
2108447543.jpg,test
211292306.jpg,test
211412241.jpg,test
2114299390.jpg,test
2131055472.jpg,test
2139512316.jpg,test
21504562775.jpg,test
2150891337.jpg,test
21529241212.jpg,test
2169286757.jpg,test
2169299627.jpg,test
2171951760.jpg,test
2188548016.jpg,test
2196436262.jpg,test
21974626086.jpg,test
2209761816.jpg,test
2209931078.jpg,test
2210812223.jpg,test
22263976791.jpg,test
2226924777.jpg,test
22417333576.jpg,test
2242824035.jpg,test
22505779555.jpg,test
2254219246.jpg,test
2257801883.jpg,test
2265008170.jpg,test
2280004108.jpg,test
228348119.jpg,test
228652838.jpg,test
2288694713.jpg,test
2292923488.jpg,test
22963796060.jpg,test
22988017071.jpg,test
22_est_id.jpg,test
23104186989.jpg,test
2325892286.jpg,test
23273947704.jpg,test
2329284191.jpg,test
23303126550.jpg,test
23505636555.jpg,test
2350946233.jpg,test
23635329670.jpg,test
2365381492.jpg,test
23666637944.jpg,test
2370165157.jpg,test
2372480409.jpg,test
23797371826.jpg,test
23869210844.jpg,test
2399268231.jpg,test
2399948261.jpg,test
241665494.jpg,test
245489811.jpg,test
24557476918.jpg,test
24704881317.jpg,test
24762907635.jpg,test
2477162612.jpg,test
248724464.jpg,test
24905073971.jpg,test
24949824144.jpg,test
24986343451.jpg,test
25066678698.jpg,test
2516117808.jpg,test
25315812534.jpg,test
25379960649.jpg,test
25513055.jpg,test
25789509228.jpg,test
2598752546.jpg,test
2598754926.jpg,test
261193997.jpg,test
262058621.jpg,test
26258745.jpg,test
2650350772.jpg,test
26504107144.jpg,test
265148583.jpg,test
26521877820.jpg,test
265674856.jpg,test
2657624349.jpg,test
26607214362.jpg,test
2664272056.jpg,test
26699670677.jpg,test
26762384141.jpg,test
2679831919.jpg,test
26804193808.jpg,test
2680552351.jpg,test
26847166242.jpg,test
26883658902.jpg,test
26918459790.jpg,test
26923699499.jpg,test
2697099975.jpg,test
27041458391.jpg,test
27085866172.jpg,test
2729795697.jpg,test
273623708.jpg,test
274258188.jpg,test
274958690.jpg,test
2767597253.jpg,test
2769474461.jpg,test
27921585302.jpg,test
2794948359.jpg,test
2795637513.jpg,test
27958695746.jpg,test
2799928906.jpg,test
280052889.jpg,test
28037883815.jpg,test
2806384573.jpg,test
280705728.jpg,test
2811899774.jpg,test
28141840854.jpg,test
2825486609.jpg,test
28323100190.jpg,test
2833717505.jpg,test
28366617723.jpg,test
2853352623.jpg,test
285858962.jpg,test
28740523926.jpg,test
2877385050.jpg,test
2878006302.jpg,test
2890749191.jpg,test
289170241.jpg,test
2893507220.jpg,test
2902040243.jpg,test
2902358219.jpg,test
2907908127.jpg,test
29133167390.jpg,test
291576986.jpg,test
291601005.jpg,test
29162892713.jpg,test
29206825526.jpg,test
2932268746.jpg,test
29348572403.jpg,test
2934953764.jpg,test
29381561307.jpg,test
294027528.jpg,test
29445423145.jpg,test
295088090.jpg,test
2953350428.jpg,test
29535965454.jpg,test
2971554732.jpg,test
2998040832.jpg,test
299956332.jpg,test
302125739.jpg,test
3025364599.jpg,test
302738278.jpg,test
30289999311.jpg,test
3031946898.jpg,test
30343898266.jpg,test
3035620080.jpg,test
3055883462.jpg,test
3058366904.jpg,test
3059513447.jpg,test
306218711.jpg,test
30636099.jpg,test
3065954862.jpg,test
30672728867.jpg,test
30672743197.jpg,test
30689006657.jpg,test
30695110083.jpg,test
30792569868.jpg,test
30792599118.jpg,test
3085280901.jpg,test
3091180778.jpg,test
3101333253.jpg,test
312618644.jpg,test
3151274599.jpg,test
3168889089.jpg,test
31704650834.jpg,test
31741394818.jpg,test
31741436528.jpg,test
31741437618.jpg,test
31758847022.jpg,test
31767027848.jpg,test
31767028118.jpg,test
3182332513.jpg,test
31839814147.jpg,test
31925857057.jpg,test
3194454599.jpg,test
31996911317.jpg,test
32090234450.jpg,test
321248276.jpg,test
3212535828.jpg,test
32151619921_7392e3b9de_c.jpg,test
32195851842.jpg,test
32235316985.jpg,test
32274100885_ee123f1151_c.jpg,test
32427633546.jpg,test
32465008045.jpg,test
324721284.jpg,test
32499854374.jpg,test
325981764.jpg,test
326563145.jpg,test
3268229364.jpg,test
326884534.jpg,test
32875756.jpg,test
33032332063.jpg,test
332322865.jpg,test
3328639710.jpg,test
33498886898.jpg,test
33527122606.jpg,test
3359511610.jpg,test
336020229.jpg,test
336840057.jpg,test
3383401440.jpg,test
3388209330.jpg,test
3388747471.jpg,test
33941554221.jpg,test
339506933.jpg,test
33973226768.jpg,test
3410013933.jpg,test
3432199458.jpg,test
343736804.jpg,test
3439558916.jpg,test
3442031080.jpg,test
3444614421.jpg,test
34483662990.jpg,test
34490204464.jpg,test
3454189988.jpg,test
34692231065.jpg,test
3479265138.jpg,test
348484218.jpg,test
348724278.jpg,test
349672157.jpg,test
35018204034.jpg,test
35029336803.jpg,test
3503361780.jpg,test
3503654301.jpg,test
3522213.jpg,test
3533701881.jpg,test
3534261493.jpg,test
354114221.jpg,test
3544918812.jpg,test
354634203.jpg,test
358980192.jpg,test
360100832.jpg,test
3610183047.jpg,test
36438879536.jpg,test
3660245326.jpg,test
3661471266.jpg,test
367512421.jpg,test
367522480.jpg,test
368581272.jpg,test
36879070573.jpg,test
37226040402.jpg,test
372757437.jpg,test
3729139599.jpg,test
37659238024.jpg,test
3770977097.jpg,test
3777772041.jpg,test
379044369.jpg,test
3811357682.jpg,test
3819632794.jpg,test
38336493721.jpg,test
3839227058.jpg,test
38482764231.jpg,test
38484584351.jpg,test
3877248167.jpg,test
38861285035.jpg,test
3910642106.jpg,test
391641336.jpg,test
39179014185.jpg,test
393410696.jpg,test
3944305989.jpg,test
3972910327.jpg,test
397479634.jpg,test
39767326502.jpg,test
397926933.jpg,test
397967931.jpg,test
398519528.jpg,test
3987562731.jpg,test
398958926.jpg,test
400099594.jpg,test
4010267960.jpg,test
4010637598.jpg,test
40140007183.jpg,test
4016307477.jpg,test
4019106776.jpg,test
40205219650.jpg,test
4026522458.jpg,test
4035273577.jpg,test
403819989.jpg,test
403976489.jpg,test
404066656.jpg,test
405263816.jpg,test
4055953892.jpg,test
406446737.jpg,test
40820041.jpg,test
408805962.jpg,test
40900452805.jpg,test
4094423.jpg,test
409752432.jpg,test
41210685005.jpg,test
4142065937.jpg,test
41540983852.jpg,test
4168275683.jpg,test
417537912.jpg,test
41773271470_6ccab93628_c.jpg,test
41895880120.jpg,test
4192713999.jpg,test
419981551.jpg,test
42184690241.jpg,test
42191460362.jpg,test
424481953.jpg,test
424582973.jpg,test
4246374312.jpg,test
42561909321.jpg,test
4258697753.jpg,test
4260649660.jpg,test
4267584100.jpg,test
42792870454_f6761cd24b_c.jpg,test
427975925.jpg,test
4280696015.jpg,test
428358198.jpg,test
428706560.jpg,test
4287428233.jpg,test
428942741.jpg,test
429267126.jpg,test
4295300441.jpg,test
429911057.jpg,test
43074176691.jpg,test
43086240865.jpg,test
4309101282.jpg,test
430982370.jpg,test
431031454.jpg,test
431226508.jpg,test
4313115289.jpg,test
4313169217.jpg,test
4313801160.jpg,test
4315028397.jpg,test
431513839.jpg,test
4315305058.jpg,test
4315353486.jpg,test
4315443863.jpg,test
4315466126.jpg,test
4315621713.jpg,test
4316069480.jpg,test
4316282309.jpg,test
4316401626.jpg,test
4316419372.jpg,test
4316488427.jpg,test
4316792268.jpg,test
4316891977.jpg,test
4316894245.jpg,test
4316989471.jpg,test
4317151809.jpg,test
4317414062.jpg,test
4317511877.jpg,test
4317714670.jpg,test
4318546813.jpg,test
4318733676.jpg,test
4318955247.jpg,test
4319243525.jpg,test
4319567663.jpg,test
4319940759.jpg,test
4320094736.jpg,test
4320328209.jpg,test
4321383168.jpg,test
4322775332.jpg,test
4323140685.jpg,test
4323157679.jpg,test
4324260975.jpg,test
4324902487.jpg,test
4324967490.jpg,test
4325017162.jpg,test
4326004272.jpg,test
4326007884.jpg,test
4326282853.jpg,test
4326499452.jpg,test
4326542113.jpg,test
4326593465.jpg,test
4326660933.jpg,test
4327060343.jpg,test
4327074317.jpg,test
4328427019.jpg,test
4328444277.jpg,test
4329181666.jpg,test
4329235971.jpg,test
4329743533.jpg,test
4329904733.jpg,test
4330348921.jpg,test
4330394541.jpg,test
4330451437.jpg,test
4330992628.jpg,test
4331077814.jpg,test
4332482733.jpg,test
4332855450.jpg,test
4333233541.jpg,test
4333587997.jpg,test
4334204476.jpg,test
4334339561.jpg,test
4334456011.jpg,test
4334691775.jpg,test
4334774114.jpg,test
4334812833.jpg,test
4335557483.jpg,test
4335855644.jpg,test
433610213.jpg,test
4336721525.jpg,test
4336839743.jpg,test
4337161543.jpg,test
4337186398.jpg,test
4337416141.jpg,test
4337439768.jpg,test
4337512814.jpg,test
4337948169.jpg,test
4338180771.jpg,test
4338239618.jpg,test
4338661716.jpg,test
4338950543.jpg,test
4339236837.jpg,test
433950320.jpg,test
4339769873.jpg,test
4339948392.jpg,test
4340040728.jpg,test
4340139217.jpg,test
4340766697.jpg,test
4341082070.jpg,test
4341486225.jpg,test
4341559074.jpg,test
4341671341.jpg,test
4341739174.jpg,test
4341773761.jpg,test
4341790995.jpg,test
4342494208.jpg,test
434302243.jpg,test
4343675503.jpg,test
4343709613.jpg,test
4343818719.jpg,test
4343889691.jpg,test
4344090570.jpg,test
434422262.jpg,test
4344280982.jpg,test
4344425619.jpg,test
4344458846.jpg,test
434465407.jpg,test
434468034.jpg,test
434501109.jpg,test
4345015453.jpg,test
434574640.jpg,test
4346319890.jpg,test
4346375282.jpg,test
4346467910.jpg,test
4346491855.jpg,test
4346700679.jpg,test
4347245646.jpg,test
434730862.jpg,test
4347460335.jpg,test
4347929735.jpg,test
4348196702.jpg,test
4348594743.jpg,test
4348674631.jpg,test
434878887.jpg,test
4348861362.jpg,test
4349140288.jpg,test
4349177174.jpg,test
4349297203.jpg,test
4349340775.jpg,test
4349387834.jpg,test
4349440991.jpg,test
4349586964.jpg,test
4349609752.jpg,test
4349627763.jpg,test
434985593.jpg,test
435000390.jpg,test
435033932.jpg,test
4350353952.jpg,test
4350434158.jpg,test
435085103.jpg,test
4351296429.jpg,test
4351494464.jpg,test
4351520608.jpg,test
435247079.jpg,test
4352478541.jpg,test
4352806629.jpg,test
4353066485.jpg,test
4353651367.jpg,test
4353851389.jpg,test
4353903810.jpg,test
4354105042.jpg,test
4354929159.jpg,test
4355035632.jpg,test
435509122.jpg,test
4355124039.jpg,test
4355258524.jpg,test
4355680818.jpg,test
4355763417.jpg,test
4355948135.jpg,test
4355986665.jpg,test
435610979.jpg,test
4356406835.jpg,test
4356419644.jpg,test
4356537854.jpg,test
4356615165.jpg,test
4356621612.jpg,test
4356694883.jpg,test
4356748739.jpg,test
435676287.jpg,test
4356789653.jpg,test
4356798958.jpg,test
4357010211.jpg,test
4357016225.jpg,test
4357077795.jpg,test
4357103118.jpg,test
435712766.jpg,test
4357177191.jpg,test
4357247141.jpg,test
4357371715.jpg,test
4357442641.jpg,test
4357571527.jpg,test
435757194.jpg,test
4357597430.jpg,test
4357734042.jpg,test
4357758493.jpg,test
4357999909.jpg,test
4358108128.jpg,test
4358206688.jpg,test
4358425709.jpg,test
435855890.jpg,test
4358619859.jpg,test
4358628793.jpg,test
4358720987.jpg,test
4358789058.jpg,test
4359124788.jpg,test
4359210885.jpg,test
4359618368.jpg,test
4360073605.jpg,test
4360143672.jpg,test
4360284455.jpg,test
4360307946.jpg,test
4360396516.jpg,test
4360466419.jpg,test
4360987774.jpg,test
436107559.jpg,test
4361079814.jpg,test
4361148151.jpg,test
436121108.jpg,test
4361591419.jpg,test
4361621750.jpg,test
4361622834.jpg,test
4361858676.jpg,test
4361889161.jpg,test
4362003223.jpg,test
4362044381.jpg,test
4362086106.jpg,test
4362178877.jpg,test
4362406725.jpg,test
4362417272.jpg,test
4362959789.jpg,test
4363000967.jpg,test
436304919.jpg,test
4363061609.jpg,test
436308964.jpg,test
4363361759.jpg,test
4363405398.jpg,test
436351124.jpg,test
436351708.jpg,test
4363576519.jpg,test
4363653541.jpg,test
4363958247.jpg,test
4363965920.jpg,test
4364074946.jpg,test
4364094497.jpg,test
436421490.jpg,test
436425115.jpg,test
4364441429.jpg,test
436446236.jpg,test
4364471172.jpg,test
4364482910.jpg,test
4364564642.jpg,test
4364607965.jpg,test
4365074156.jpg,test
436515205.jpg,test
436517946.jpg,test
436528082.jpg,test
436543724.jpg,test
4365457171.jpg,test
4365469703.jpg,test
4365713911.jpg,test
4365804561.jpg,test
4365815354.jpg,test
4366216310.jpg,test
4366311648.jpg,test
4366336984.jpg,test
4366373519.jpg,test
4366434046.jpg,test
4366443513.jpg,test
4366565365.jpg,test
4366950478.jpg,test
4366968440.jpg,test
4366974705.jpg,test
4366994567.jpg,test
4367175265.jpg,test
436724266.jpg,test
4367259623.jpg,test
4367466276.jpg,test
4367539461.jpg,test
4367584497.jpg,test
4367622834.jpg,test
4367646153.jpg,test
436771236.jpg,test
4367723778.jpg,test
436803716_2.jpg,test
4368081638.jpg,test
436815766.jpg,test
4368237486.jpg,test
4368405435.jpg,test
4368584694.jpg,test
436859347.jpg,test
4368894118.jpg,test
436935169.jpg,test
4369388893.jpg,test
4369750911.jpg,test
4369769623.jpg,test
4369789479.jpg,test
4369858555.jpg,test
4369951114.jpg,test
4369951301.jpg,test
436995333.jpg,test
4370049662.jpg,test
4370092714.jpg,test
4370110621.jpg,test
437027956.jpg,test
4370298017.jpg,test
4370623905.jpg,test
4370793711.jpg,test
437083460.jpg,test
4370854151.jpg,test
4370909832.jpg,test
4371046271.jpg,test
437111192.jpg,test
4371206790.jpg,test
437126998.jpg,test
4371316688.jpg,test
4371470202.jpg,test
4371539316.jpg,test
4371583036.jpg,test
4371698367.jpg,test
4371984640.jpg,test
4371987909.jpg,test
4372100843.jpg,test
437214976.jpg,test
4372241377.jpg,test
4372276537.jpg,test
4372331336.jpg,test
4372693586.jpg,test
437278091.jpg,test
4372807266.jpg,test
4372825100.jpg,test
4372849024.jpg,test
4372853702.jpg,test
4372888661.jpg,test
4372929820.jpg,test
4373033567.jpg,test
4373074294.jpg,test
4373120140.jpg,test
4373155315.jpg,test
4373308857.jpg,test
4373479610.jpg,test
4373566838.jpg,test
4373630734.jpg,test
4374079314.jpg,test
4374309428.jpg,test
4374384301.jpg,test
4374394802.jpg,test
4374590268.jpg,test
4374761797.jpg,test
4374772492.jpg,test
4374855937.jpg,test
4375074163.jpg,test
4375078343.jpg,test
4375105464.jpg,test
4375201674.jpg,test
4375248935.jpg,test
4375480287.jpg,test
437550796.jpg,test
437550808.jpg,test
4375611395.jpg,test
437562205.jpg,test
4375646620.jpg,test
4375744356.jpg,test
4375988316.jpg,test
4376089807.jpg,test
4376094413.jpg,test
4376136007.jpg,test
4376182231.jpg,test
4376187719.jpg,test
4376195513.jpg,test
4376217397.jpg,test
4376359781.jpg,test
4376428902.jpg,test
4376505566.jpg,test
4376649959.jpg,test
4376912847.jpg,test
4376927925.jpg,test
437695420.jpg,test
4376980654.jpg,test
4377030824.jpg,test
437706795.jpg,test
4377073156.jpg,test
437713965.jpg,test
4377234607.jpg,test
4377284127.jpg,test
437733542.jpg,test
437734141.jpg,test
4377353520.jpg,test
4377414748.jpg,test
4377428464.jpg,test
437744445.jpg,test
437749817.jpg,test
4377540850.jpg,test
4377587795.jpg,test
4377903634.jpg,test
437791664.jpg,test
4377969796.jpg,test
4378114407.jpg,test
4378206432.jpg,test
4378321115.jpg,test
4378333553.jpg,test
437851530.jpg,test
4378557044.jpg,test
437858459.jpg,test
4378741754.jpg,test
4378762614.jpg,test
4378815810.jpg,test
4378833617.jpg,test
4378917977.jpg,test
4378924075.jpg,test
4378932130.jpg,test
4378947382.jpg,test
4379065134.jpg,test
4379084425.jpg,test
4379257526.jpg,test
4379360715.jpg,test
4379415090.jpg,test
437941964.jpg,test
4379423099.jpg,test
4379482962.jpg,test
4379517207.jpg,test
4379541451.jpg,test
437956052.jpg,test
4379571573.jpg,test
4379607554.jpg,test
43796097210.jpg,test
43796099160.jpg,test
4379660327.jpg,test
437971731.jpg,test
4379766066.jpg,test
4379773090.jpg,test
4379810875.jpg,test
4379869479.jpg,test
4379870195.jpg,test
4379936979.jpg,test
4380031751.jpg,test
4380046412.jpg,test
4380088808.jpg,test
4380178318.jpg,test
4380352595.jpg,test
4380437056.jpg,test
4380493789.jpg,test
4380568649.jpg,test
4380584753.jpg,test
4380677196.jpg,test
4380702809.jpg,test
4380883025.jpg,test
438089685.jpg,test
4380902508.jpg,test
4381023474.jpg,test
4381192178.jpg,test
4381288698.jpg,test
4381295581.jpg,test
4381353079.jpg,test
4381392953.jpg,test
4381393455.jpg,test
4381396919.jpg,test
4381398341.jpg,test
4381428654.jpg,test
4381436179.jpg,test
4381459958.jpg,test
4381474926.jpg,test
4381534665.jpg,test
4381642824.jpg,test
4381775970.jpg,test
4381818553.jpg,test
4381913149.jpg,test
4381958711.jpg,test
4382050831.jpg,test
4382060936.jpg,test
4382112510.jpg,test
4382120437.jpg,test
4382159830.jpg,test
4382187922.jpg,test
4382441206.jpg,test
4382590603.jpg,test
4382613570.jpg,test
4382659248.jpg,test
4382710925.jpg,test
4382788705.jpg,test
4382943499.jpg,test
4382989828.jpg,test
4382994494.jpg,test
4383172648.jpg,test
4383231587.jpg,test
4383265539.jpg,test
438331655.jpg,test
4383447104.jpg,test
4383454290.jpg,test
4383485597.jpg,test
4383545334.jpg,test
4383704537.jpg,test
4383738178.jpg,test
4383778544.jpg,test
4383878139.jpg,test
4383935991.jpg,test
4383948696.jpg,test
4383951443.jpg,test
4383954877.jpg,test
4384068092.jpg,test
4384082518.jpg,test
4384103082.jpg,test
4384166721.jpg,test
4384172063.jpg,test
4384215364.jpg,test
4384381078.jpg,test
4384387551.jpg,test
4384392327.jpg,test
4384494905.jpg,test
4384547387.jpg,test
4384766940.jpg,test
4384771184.jpg,test
4384889247.jpg,test
4385219992.jpg,test
4386130348.jpg,test
43888937311.jpg,test
438973606.jpg,test
439079841.jpg,test
4392374431.jpg,test
4392378023.jpg,test
439255415.jpg,test
439268260.jpg,test
439310511.jpg,test
4393538327.jpg,test
439580647.jpg,test
4398777145.jpg,test
440017233.jpg,test
440097181.jpg,test
440108252.jpg,test
440127671.jpg,test
440143946.jpg,test
44022676804.jpg,test
440300331.jpg,test
4403700073.jpg,test
440450660.jpg,test
440577173.jpg,test
440641401.jpg,test
4408318830.jpg,test
440950731.jpg,test
440998365.jpg,test
441005026.jpg,test
4411188505.jpg,test
4415233397.jpg,test
4420521329.jpg,test
4421616286.jpg,test
4422188320.jpg,test
4422682736.jpg,test
4423367085.jpg,test
4423508180.jpg,test
4424313251.jpg,test
4424679922.jpg,test
44450663345.jpg,test
4453266637.jpg,test
44551827534.jpg,test
44699896195.jpg,test
44699897745.jpg,test
44699917725.jpg,test
44716365765.jpg,test
4485877118.jpg,test
44905327254.jpg,test
44905327824.jpg,test
44914541344.jpg,test
4501008747.jpg,test
4504222774.jpg,test
45053909792.jpg,test
45152448692.jpg,test
4518572237.jpg,test
4532582081.jpg,test
45514614751.jpg,test
45563070272.jpg,test
45563109002.jpg,test
456016664.jpg,test
45613669421.jpg,test
45613701171.jpg,test
45629928341.jpg,test
45639363451.jpg,test
45639368991.jpg,test
45790617234.jpg,test
4582267.jpg,test
4583186587.jpg,test
4585096681.jpg,test
4588629602.jpg,test
46242071574.jpg,test
4624455675.jpg,test
46307753485.jpg,test
46517273262.jpg,test
46605241381.jpg,test
466815892.jpg,test
46683044155.jpg,test
4674429668.jpg,test
4685620727 (2).jpg,test
46883620.jpg,test
4696807927.jpg,test
4698127758.jpg,test
4703045832.jpg,test
47045689824.jpg,test
4706078498.jpg,test
4723405773.jpg,test
47275266.jpg,test
4732617031.jpg,test
47342540102.jpg,test
473543496.jpg,test
4737594787.jpg,test
4742196102.jpg,test
4764325083.jpg,test
4775885455.jpg,test
47763221.jpg,test
4783685554.jpg,test
479171236.jpg,test
48003097556.jpg,test
4801262298.jpg,test
4809945437.jpg,test
48122222072.jpg,test
4817584433.jpg,test
48220576741.jpg,test
48273769.jpg,test
4827847115.jpg,test
48299381276.jpg,test
4831265257.jpg,test
4836382646.jpg,test
48505523187.jpg,test
48743777336.jpg,test
48743789236.jpg,test
48744628978.jpg,test
4879262414.jpg,test
4885449108.jpg,test
4885449712.jpg,test
489168643.jpg,test
489511911.jpg,test
4895823704.jpg,test
49004616937.jpg,test
4903681933.jpg,test
49286269581.jpg,test
49289315293.jpg,test
4932223484.jpg,test
49426374056.jpg,test
4946166807.jpg,test
49600704553.jpg,test
4961502827.jpg,test
49622230811.jpg,test
49627677852.jpg,test
4963528077.jpg,test
496505834.jpg,test
496695835.jpg,test
49723364802.jpg,test
49741485102.jpg,test
49863581528.jpg,test
49917939728.jpg,test
49970230578.jpg,test
499761030.jpg,test
49984795898.jpg,test
5015051493.jpg,test
50287852542.jpg,test
5038581453.jpg,test
50391078566.jpg,test
503940897.jpg,test
50411514881.jpg,test
50540061861.jpg,test
50569192003.jpg,test
50574461.jpg,test
50645390922.jpg,test
50723555373.jpg,test
50760225103.jpg,test
50_xpo_id.jpg,test
51000182372_e757241474_c.jpg,test
5122426423.jpg,test
5122426539.jpg,test
5122899485.jpg,test
51302573009.jpg,test
5134935955.jpg,test
51351639077.jpg,test
5139186553.jpg,test
51420444310.jpg,test
51579838762.jpg,test
51656859068.jpg,test
51678153064.jpg,test
51715878693.jpg,test
51760931116.jpg,test
5184341491.jpg,test
51885557886.jpg,test
51955201515.jpg,test
5230922593.jpg,test
52315185784.jpg,test
5238396740.jpg,test
52425150817.jpg,test
5244465203.jpg,test
5247255037.jpg,test
5261124931.jpg,test
5262257662.jpg,test
52640360544.jpg,test
52720176735.jpg,test
52731169033.jpg,test
52753015334.jpg,test
52753270463.jpg,test
52756228162.jpg,test
52756765406.jpg,test
52757250198.jpg,test
52816896144.jpg,test
52842905296.jpg,test
52962033908.jpg,test
52969538971.jpg,test
52988236492.jpg,test
52991092806.jpg,test
5308342187.jpg,test
5311616.jpg,test
53150271365.jpg,test
5327458844.jpg,test
5336734991.jpg,test
53374480389.jpg,test
5341856023.jpg,test
53451618851.jpg,test
5351397261.jpg,test
5352010476.jpg,test
53557072584.jpg,test
53632991352.jpg,test
53659832166.jpg,test
5400041377.jpg,test
5401449775.jpg,test
5407901359.jpg,test
5416532015.jpg,test
542580392.jpg,test
5435498662.jpg,test
5438450281.jpg,test
5456864811.jpg,test
5458533061.jpg,test
5461053617.jpg,test
5464535678.jpg,test
5475269366.jpg,test
5478215105.jpg,test
5479524481.jpg,test
5485466192.jpg,test
5511940770.jpg,test
5519227050.jpg,test
5531494407.jpg,test
5571957405.jpg,test
5572251028.jpg,test
55916804.jpg,test
5604446003.jpg,test
5634119421.jpg,test
5638183472.jpg,test
5640584667.jpg,test
5674318733.jpg,test
5679108826.jpg,test
5686191351.jpg,test
5730637621.jpg,test
5739723296.jpg,test
5740317112.jpg,test
5750324735.jpg,test
5776637240.jpg,test
5792298151.jpg,test
579378619.jpg,test
5803784807.jpg,test
5823766744.jpg,test
5825642015.jpg,test
5867556.jpg,test
5876197569.jpg,test
5880920655.jpg,test
5881902181.jpg,test
5907402354.jpg,test
5918518660.jpg,test
59444438.jpg,test
5957044610.jpg,test
5980184408.jpg,test
5986045971.jpg,test
5986605734.jpg,test
6001472536.jpg,test
6006695948.jpg,test
6026421652.jpg,test
6027639730.jpg,test
6099129252.jpg,test
6100743337.jpg,test
6113832605.jpg,test
6114423520.jpg,test
6125785512.jpg,test
6126165465.jpg,test
6152079817.jpg,test
6177706657.jpg,test
6193121165.jpg,test
6196526333.jpg,test
6206949436.jpg,test
6219894210.jpg,test
6223566077.jpg,test
6233818891.jpg,test
623791404.jpg,test
6260045369.jpg,test
6278979037.jpg,test
6304922366.jpg,test
6306922736.jpg,test
6338507338.jpg,test
6340635807.jpg,test
6458283055.jpg,test
6503520267.jpg,test
6531599871.jpg,test
6548949393.jpg,test
6607385181.jpg,test
66655622.jpg,test
6735042953.jpg,test
6736802043.jpg,test
6744656077.jpg,test
6751842697.jpg,test
6778819682.jpg,test
6789799974.jpg,test
6796741928.jpg,test
6873065924.jpg,test
6876704267.jpg,test
6877732194.jpg,test
6883587790.jpg,test
6911245282.jpg,test
6928041676.jpg,test
6946383474.jpg,test
6950876867.jpg,test
696877212.jpg,test
6988956879.jpg,test
6992381831.jpg,test
6995622760.jpg,test
7006262498.jpg,test
7079584527.jpg,test
7109271597.jpg,test
7113741913.jpg,test
7114596195.jpg,test
7122074621.jpg,test
7135698025.jpg,test
7176326590.jpg,test
7176362934.jpg,test
7176387766.jpg,test
7191153920.jpg,test
719624818.jpg,test
7221714496.jpg,test
72637756.jpg,test
7264296944.jpg,test
7280504814.jpg,test
7291201576.jpg,test
7294199814.jpg,test
7294251992.jpg,test
7302773656.jpg,test
7313596620.jpg,test
73455960.jpg,test
7358127576.jpg,test
7370270324.jpg,test
7375272610.jpg,test
7379236044.jpg,test
73899118.jpg,test
7414953860.jpg,test
7486033032.jpg,test
7516052574.jpg,test
7519333294.jpg,test
7540472042.jpg,test
7543332702.jpg,test
7548370476.jpg,test
7584170420.jpg,test
7590327240.jpg,test
7644665074.jpg,test
7666610312.jpg,test
7689117336.jpg,test
7696371182.jpg,test
7701574814.jpg,test
77254734.jpg,test
776300450.jpg,test
78108301.jpg,test
7824702018.jpg,test
7824704432.jpg,test
7829483156.jpg,test
7844546788.jpg,test
7920294810.jpg,test
7921933582.jpg,test
7931197.jpg,test
7985672203.jpg,test
7985689020.jpg,test
7985692273.jpg,test
7999836369.jpg,test
800129840.jpg,test
8027093686.jpg,test
8062999774.jpg,test
8076316305.jpg,test
8125872246.jpg,test
8161026335.jpg,test
8177388868.jpg,test
8192435521.jpg,test
8218853750.jpg,test
8224140504.jpg,test
8246184986.jpg,test
8264916479.jpg,test
8270078476.jpg,test
8354402745.jpg,test
83608029.jpg,test
8361725678.jpg,test
8374213857.jpg,test
8389913893.jpg,test
8401828586.jpg,test
8410620110.jpg,test
8432642392.jpg,test
8446740183.jpg,test
84735030.jpg,test
8474367493.jpg,test
8480291506.jpg,test
8498580811.jpg,test
8499711700.jpg,test
8546830446.jpg,test
8646126361.jpg,test
865165297.jpg,test
8655528549.jpg,test
870591972.jpg,test
8712227371.jpg,test
8719588156.jpg,test
8725447.jpg,test
8737057864.jpg,test
8757926458.jpg,test
8803379767.jpg,test
8941619346.jpg,test
8962507427.jpg,test
9069076005.jpg,test
91077179.jpg,test
9133575483.jpg,test
9184251539.jpg,test
9269790.jpg,test
9313215899.jpg,test
9332817745.jpg,test
9335283356.jpg,test
9354933245.jpg,test
9402792594.jpg,test
940950846.jpg,test
9428759973.jpg,test
9465772221.jpg,test
9512782079.jpg,test
9512789069.jpg,test
9520726138.jpg,test
953433892.jpg,test
9546174257.jpg,test
9593786453.jpg,test
9598627860.jpg,test
9600013467.jpg,test
9600058795.jpg,test
9600226257.jpg,test
9603197124.jpg,test
9603260950.jpg,test
9603366208.jpg,test
965159486.jpg,test
965993637.jpg,test
9674295870.jpg,test
9700679678.jpg,test
9705506596.jpg,test
9714345862.jpg,test
9902185364.jpg,test
9948470703.jpg,test
HS02_0728.jpg,test
HS22_1737.jpg,test
KS43_0117.jpg,test
bing_1715491190.jpg,test
bing_1715491330.jpg,test
bing_1715491556.jpg,test
bing_1715491644.jpg,test
bing_1715491652.jpg,test
bing_1715502353_3.jpg,test
bing_1715502471_2.jpg,test
bing_1715502530_2.jpg,test
bing_1715502536_3.jpg,test
bing_1715502593.jpg,test
bing_1715502594_2.jpg,test
bing_1715502850.jpg,test
bing_1715502882.jpg,test
bing_1715515616.jpg,test
bing_1715515654_2.jpg,test
bing_1715515805.jpg,test
bing_1715515948.jpg,test
bing_1715516005.jpg,test
bing_1715516317.jpg,test
bing_1715516421.jpg,test
bing_1715516860.jpg,test
bing_1715517375_2.jpg,test
bing_1715517377_2.jpg,test
bing_1715518566.jpg,test
bing_1715522411.jpg,test
bing_1715523160.jpg,test
bing_1715523162_2.jpg,test
bing_1715523180.jpg,test
bing_1715523561.jpg,test
bing_1715523634.jpg,test
bing_1715526341.jpg,test
bing_1715650703.jpg,test
bing_1715650707.jpg,test
bing_1715650771.jpg,test
bing_1715650968.jpg,test
bing_1715651286.jpg,test
bing_1715651356.jpg,test
bing_1715651356_2.jpg,test
bing_1715651357.jpg,test
bing_1715651395.jpg,test
bing_1715652126_2.jpg,test
bing_1715652130_2.jpg,test
bing_1715652198.jpg,test
bing_1715652359.jpg,test
bing_1715652362.jpg,test
bing_1715652470.jpg,test
bing_1715652526.jpg,test
bing_1715652944.jpg,test
bing_1715653145.jpg,test
bing_1715655851.jpg,test
bing_1715661794.jpg,test
bing_1715662183.jpg,test
bing_1715662261.jpg,test
bing_1715662336.jpg,test
bing_1715662560.jpg,test
bing_1715662877.jpg,test
bing_1715670356_2.jpg,test
bing_1715670381.jpg,test
bing_1715670400.jpg,test
bing_1715670432.jpg,test
bing_1715670445_1.jpg,test
bing_1715670529.jpg,test
bing_1715670549.jpg,test
bing_1715670628.jpg,test
bing_1715670654.jpg,test
bing_1715670696.jpg,test
bing_1715670714_2.jpg,test
bing_1715670754.jpg,test
bing_1715670816.jpg,test
bing_1715670878.jpg,test
bing_1715670897.jpg,test
bing_1715670928_2.jpg,test
bing_1715670986.jpg,test
bing_1715671030_2.jpg,test
bing_1715671032_2.jpg,test
bing_1715671033_3.jpg,test
bing_1715671058.jpg,test
bing_1715671099_2.jpg,test
bing_1715671605.jpg,test
bing_1715673191_5.jpg,test
bing_1715673226.jpg,test
bing_1715673227_3.jpg,test
bing_1715673232.jpg,test
bing_1715673464_2.jpg,test
bing_1715673504.jpg,test
bing_1715673562.jpg,test
bing_1715673655.jpg,test
bing_1715673822_2.jpg,test
bing_1715673890.jpg,test
bing_1715673955.jpg,test
bing_1715673972_2.jpg,test
bing_1715674040.jpg,test
bing_1715674069.jpg,test
bing_1715680011.jpg,test
bing_1715680097_2.jpg,test
bing_1715680099.jpg,test
bing_1715680202.jpg,test
bing_1715682590.jpg,test
bing_1715683052.jpg,test
bing_1715683160.jpg,test
bing_1715683237_1.jpg,test
bing_1715683269_1.jpg,test
bing_1715683394.jpg,test
bing_1715683624.jpg,test
bing_1715683694.jpg,test
bing_1715684983.jpg,test
bing_1715688879.jpg,test
bing_1715688914.jpg,test
bing_1715688914_3.jpg,test
bing_1715689717_3.jpg,test
bing_1715689736.jpg,test
bing_1715689854_2.jpg,test
bing_1715689861.jpg,test
bing_1715689863_2.jpg,test
bing_1715689898_3.jpg,test
bing_1715689949_2.jpg,test
bing_1715689952.jpg,test
bing_1715694061_3.jpg,test
bing_1715694165.jpg,test
bing_1715694301_2.jpg,test
bing_1715694302_2.jpg,test
bing_1715737479.jpg,test
bing_1715739508.jpg,test
bing_1715739589.jpg,test
bing_1715741174.jpg,test
bing_1715744825.jpg,test
bing_1715745529.jpg,test
bing_1715748033.jpg,test
bing_1715769963.jpg,test
bing_1715769998.jpg,test
bing_1715770267.jpg,test
bing_1715771665.jpg,test
bing_1715773387.jpg,test
bing_1715774372.jpg,test
bing_1715774407.jpg,test
bing_1715774469.jpg,test
bing_1715775975.jpg,test
bing_1715776143.jpg,test
bing_1715776372.jpg,test
bing_1715776374.jpg,test
bing_1715776390.jpg,test
bing_1715776446.jpg,test
bing_1715776543.jpg,test
bing_1715776576.jpg,test
bing_1715776922_2.jpg,test
bing_1715777045_2.jpg,test
bing_1715777802.jpg,test
bing_1715778194.jpg,test
bing_1715778692.jpg,test
bing_1715778985.jpg,test
bing_1715779665.jpg,test
bing_1715780060.jpg,test
bing_1715783007.jpg,test
bing_1715783576.jpg,test
bing_1715821396_2.jpg,test
bing_1715821405_2.jpg,test
bing_1715821576_2.jpg,test
bing_1715821628.jpg,test
bing_1715821851.jpg,test
bing_1715821899.jpg,test
bing_1715821969.jpg,test
bing_1715822076.jpg,test
bing_1715822642.jpg,test
bing_1715822771.jpg,test
bing_1715823041.jpg,test
bing_1715823051.jpg,test
bing_1715823229.jpg,test
bing_1715823404.jpg,test
bing_1715823600.jpg,test
bing_1715823667.jpg,test
bing_1715823689.jpg,test
bing_1715823802.jpg,test
bing_1715823878.jpg,test
bing_1715824201.jpg,test
bing_1715824412.jpg,test
bing_1715824709.jpg,test
bing_1715824728.jpg,test
bing_1715824886.jpg,test
bing_1715825210.jpg,test
bing_1715825550.jpg,test
bing_1715825552.jpg,test
bing_1715825575.jpg,test
bing_1715825661.jpg,test
bing_1715825666_3.jpg,test
bing_1715825694.jpg,test
bing_1715825856.jpg,test
bing_1715825986.jpg,test
bing_1715826003.jpg,test
bing_1715826091.jpg,test
bing_1715826500.jpg,test
bing_1715826639.jpg,test
bing_1715826978_2.jpg,test
bing_1715827213.jpg,test
bing_1715827816.jpg,test
bing_1715827921.jpg,test
bing_1715827946.jpg,test
bing_1715828021.jpg,test
bing_1715828034.jpg,test
bing_1715828040.jpg,test
bing_1715828256.jpg,test
bing_1715828368_2.jpg,test
bing_1715828447.jpg,test
bing_1715828556.jpg,test
bing_1715828723.jpg,test
bing_1715828757_2.jpg,test
bing_1715829156.jpg,test
bing_1715832740.jpg,test
bing_1715834731_3.jpg,test
bing_1715834960_2.jpg,test
bing_1715835023.jpg,test
bing_1715835286.jpg,test
bing_1715836356.jpg,test
bing_1715837113.jpg,test
bing_1715840230.jpg,test
bing_1715840231_1.jpg,test
bing_1715840240.jpg,test
bing_1715840245.jpg,test
bing_1715840251.jpg,test
bing_1715840297.jpg,test
bing_1715840325_2.jpg,test
bing_1715840459.jpg,test
bing_1715840612.jpg,test
bing_1715840625_2.jpg,test
bing_1715840858.jpg,test
bing_1715840861.jpg,test
bing_1715841001.jpg,test
bing_1715844818.jpg,test
bing_1715848868_2.jpg,test
bing_1715848870.jpg,test
bing_1715848875_2_1.jpg,test
bing_1715848895.jpg,test
bing_1715848902_2.jpg,test
bing_1715848930.jpg,test
bing_1715848950_1.jpg,test
bing_1715848967_2.jpg,test
bing_1715849028.jpg,test
bing_1715849097.jpg,test
bing_1715849702.jpg,test
bing_1715849706.jpg,test
bing_1715849745_2.jpg,test
bing_1715852586.jpg,test
bing_1715854727.jpg,test
bing_1715854743.jpg,test
bing_1715858089.jpg,test
bing_1715858381.jpg,test
bing_1715858411.jpg,test
bing_1715861189.jpg,test
bing_1715862652.jpg,test
bing_1715863941.jpg,test
bing_1715864066.jpg,test
bing_1715867964.jpg,test
bing_1715867966_2.jpg,test
bing_1715869970.jpg,test
bing_1715909211.jpg,test
bing_1715909693.jpg,test
bing_1715909705_2.jpg,test
bing_1715909822.jpg,test
bing_1715930573.jpg,test
bing_1715930687.jpg,test
bing_1715931031.jpg,test
bing_1715931050.jpg,test
bing_1715931920.jpg,test
bing_1715931956.jpg,test
bing_1715932108.jpg,test
bing_1715932196.jpg,test
bing_1715932995.jpg,test
bing_1715933505.jpg,test
bing_1715948224.jpg,test
bing_1715948560.jpg,test
bing_1715949094.jpg,test
bing_1716169036.jpg,test
bing_1716169073.jpg,test
bing_1716169077.jpg,test
bing_1716169164_2.jpg,test
bing_1716169200.jpg,test
bing_1716169277.jpg,test
bing_1716169337.jpg,test
bing_1716169374.jpg,test
bing_1716169375.jpg,test
bing_1716169418.jpg,test
bing_1716169462.jpg,test
bing_1716170472.jpg,test
bing_1716171884_2.jpg,test
bing_1716171996.jpg,test
bing_1716172121.jpg,test
bing_1716172299.jpg,test
bing_1716172311.jpg,test
bing_1716173955.jpg,test
bing_1716174244.jpg,test
bing_1716174314.jpg,test
bing_1716201284.jpg,test
bing_1716205299_2.jpg,test
bing_1716205458_2.jpg,test
bing_1716205516_2.jpg,test
bing_1716206410.jpg,test
bing_1716206798.jpg,test
bing_1716206948.jpg,test
bing_1716207063.jpg,test
bing_1716207243.jpg,test
bing_1716207245.jpg,test
bing_1716207262.jpg,test
bing_1716207351.jpg,test
bing_1716516297.jpg,test
bing_1716517238.jpg,test
bing_1716518024.jpg,test
bing_1716518294.jpg,test
bing_1716519416.jpg,test
bing_1716519645.jpg,test
bing_1716519791.jpg,test
bing_1716519892.jpg,test
bing_1716522259.jpg,test
bing_1716522313.jpg,test
bing_1716522569.jpg,test
bing_1716522647.jpg,test
bing_1716522675_3_1.jpg,test
bing_1716522679.jpg,test
bing_1716522843.jpg,test
bing_1716523076.jpg,test
bing_1716523174_4.jpg,test
bing_1716523182_2.jpg,test
bing_1716523226_2.jpg,test
bing_1716523244_4.jpg,test
bing_1716523268.jpg,test
bing_1716523292 (2).jpg,test
bing_1716523364_4.jpg,test
bing_1716523401_3.jpg,test
bing_1716523417_2.jpg,test
bing_1716523451.jpg,test
bing_1716523511_2.jpg,test
bing_1716523522_2.jpg,test
bing_1716523562_2.jpg,test
bing_1716523574.jpg,test
bing_1716523609.jpg,test
bing_1716523676.jpg,test
bing_1716523880.jpg,test
bing_1716523901.jpg,test
bing_1716524570.jpg,test
bing_1716524573.jpg,test
bing_1716524664.jpg,test
bing_1716524695.jpg,test
bing_1716524777.jpg,test
bing_1716525329.jpg,test
bing_1716525390.jpg,test
bing_1716525428.jpg,test
bing_1716525976.jpg,test
bing_1716526012.jpg,test
bing_1716526019.jpg,test
bing_1716526125_1.jpg,test
bing_1716526435.jpg,test
bing_1716526447.jpg,test
bing_1716526542_2.jpg,test
bing_1716526725_2.jpg,test
bing_1716526924_2.jpg,test
bing_1716526962_3.jpg,test
bing_1716527559.jpg,test
bing_1716527593_2.jpg,test
bing_1716527622.jpg,test
bing_1716527683_2.jpg,test
bing_1716527874_1.jpg,test
bing_1716527944.jpg,test
bing_1716527967.jpg,test
bing_1716528144.jpg,test
bing_1716528227.jpg,test
bing_1716528271.jpg,test
bing_1716528424.jpg,test
bing_1716528526 (2).jpg,test
bing_1716528533.jpg,test
bing_1716528569.jpg,test
bing_1716528570.jpg,test
bing_1716528573_1.jpg,test
bing_1716528604.jpg,test
bing_1716528610.jpg,test
bing_1716529002.jpg,test
bing_1716529045.jpg,test
bing_1716529099.jpg,test
bing_1716529107_2.jpg,test
bing_1716529109_2.jpg,test
bing_1716529110_4.jpg,test
bing_1716529110_5.jpg,test
bing_1716529114_3.jpg,test
bing_1716529119.jpg,test
bing_1716529147.jpg,test
bing_1716529155_2.jpg,test
bing_1716529169_1.jpg,test
bing_1716529209_4.jpg,test
bing_1716529215.jpg,test
bing_1716529217_4.jpg,test
bing_1716529220.jpg,test
bing_1716529231.jpg,test
bing_1716529243_3.jpg,test
bing_1716529244.jpg,test
bing_1716529267.jpg,test
bing_1716529301_2.jpg,test
bing_1716529302_2.jpg,test
bing_1716529331.jpg,test
bing_1716529361.jpg,test
bing_1716529379.jpg,test
bing_1716529416.jpg,test
bing_1716529443.jpg,test
bing_1716529501.jpg,test
bing_1716529505_2.jpg,test
bing_1716530262_2.jpg,test
bing_1716530338_2.jpg,test
bing_1716530397.jpg,test
bing_1716530406.jpg,test
bing_1716530467.jpg,test
bing_1716530524.jpg,test
bing_1716530764.jpg,test
bing_1716530868.jpg,test
bing_1716530921.jpg,test
bing_1716530985.jpg,test
bing_1716531365.jpg,test
bing_1716531528.jpg,test
bing_1716532096.jpg,test
bing_1716532596.jpg,test
bing_1716532708.jpg,test
bing_1716532934_2.jpg,test
bing_1716533035.jpg,test
bing_1716533174.jpg,test
bing_1716533175.jpg,test
bing_1716533322_1.jpg,test
bing_1716533405.jpg,test
bing_1716533542.jpg,test
bing_1716533780.jpg,test
bing_1716533837.jpg,test
bing_1716533850.jpg,test
bing_1716533884.jpg,test
bing_1716533889.jpg,test
bing_1716534254_2.jpg,test
bing_1716534323.jpg,test
bing_1716534355.jpg,test
bing_1716534360.jpg,test
bing_1716534361.jpg,test
bing_1716534448.jpg,test
bing_1716534530.jpg,test
bing_1716534612.jpg,test
bing_1716534745.jpg,test
bing_1716534761.jpg,test
bing_1716534922.jpg,test
bing_1716535314.jpg,test
bing_1716535657.jpg,test
bing_1716535710_1.jpg,test
bing_1716536151.jpg,test
bing_1716536175.jpg,test
bing_1716536224.jpg,test
bing_1716536285.jpg,test
bing_1716536323.jpg,test
bing_1716536344.jpg,test
bing_1716536355.jpg,test
bing_1716536362.jpg,test
bing_1716536569.jpg,test
bing_1716536695.jpg,test
bing_1716536742_2.jpg,test
bing_1716536826.jpg,test
bing_1716536963.jpg,test
bing_1716537003.jpg,test
bing_1716537461.jpg,test
bing_1716537473_1.jpg,test
bing_1716537537.jpg,test
bing_1716537543.jpg,test
bing_1716537553.jpg,test
bing_1716537577.jpg,test
bing_1716537634.jpg,test
bing_1716537710.jpg,test
bing_1716537719.jpg,test
bing_1716537733.jpg,test
bing_1716537747.jpg,test
bing_1716537875.jpg,test
bing_1716538128.jpg,test
bing_1716538166.jpg,test
bing_1716538395.jpg,test
bing_1716538492.jpg,test
bing_1716538573.jpg,test
bing_1716538820.jpg,test
bing_1716538847.jpg,test
bing_1716538850.jpg,test
bing_1716538896.jpg,test
bing_1716539740.jpg,test
bing_1716539785.jpg,test
bing_1716539789.jpg,test
bing_1716539839_3.jpg,test
bing_1716539876.jpg,test
bing_1716539876_1.jpg,test
bing_1716539940.jpg,test
bing_1716540071.jpg,test
bing_1716540078.jpg,test
bing_1716540129.jpg,test
bing_1716540168.jpg,test
bing_1716540237.jpg,test
bing_1716540318.jpg,test
bing_1716540753.jpg,test
bing_1716540869.jpg,test
bing_1716540963.jpg,test
bing_1716541123.jpg,test
bing_1716541143.jpg,test
bing_1716541194.jpg,test
bing_1716541231.jpg,test
bing_1716541236.jpg,test
bing_1716541278.jpg,test
bing_1716541319.jpg,test
bing_1716541512_2.jpg,test
bing_1716541732.jpg,test
bing_1716541742.jpg,test
bing_1716541785.jpg,test
bing_1716541798.jpg,test
bing_1716541805.jpg,test
bing_1716541823_4.jpg,test
bing_1716541831.jpg,test
bing_1716541860.jpg,test
bing_1716542045.jpg,test
bing_1716542065.jpg,test
bing_1716542260.jpg,test
bing_1716542375.jpg,test
bing_1716542405.jpg,test
bing_1716542591.jpg,test
bing_1716542699.jpg,test
bing_1716542709.jpg,test
bing_1716542737.jpg,test
bing_1716542763.jpg,test
bing_1716542929.jpg,test
bing_1716543054.jpg,test
bing_1716543719.jpg,test
bing_1716544607.jpg,test
bing_1716544741.jpg,test
bing_1716544810_1.jpg,test
bing_1716545126.jpg,test
bing_1716545159.jpg,test
bing_1716545504.jpg,test
bing_1716545517.jpg,test
bing_1716545731.jpg,test
bing_1716545759_1.jpg,test
bing_1716545921.jpg,test
bing_1716546150.jpg,test
bing_1716546240.jpg,test
bing_1716546289.jpg,test
bing_1716546312.jpg,test
bing_1716546426.jpg,test
bing_1716546558.jpg,test
bing_1716547209.jpg,test
bing_1716549356.jpg,test
bing_1716549553.jpg,test
bing_1716549566_2.jpg,test
bing_1716549572_2.jpg,test
bing_1716549636_2.jpg,test
bing_1716549720.jpg,test
bing_1716549750.jpg,test
bing_1716549770.jpg,test
bing_1716549774.jpg,test
bing_1716549783_1.jpg,test
bing_1716549824.jpg,test
bing_1716549844_3.jpg,test
bing_1716549863 (2).jpg,test
bing_1716550122.jpg,test
bing_1716550290_2.jpg,test
bing_1716550421.jpg,test
bing_1716550841.jpg,test
bing_1716551879.jpg,test
bing_1716551898.jpg,test
bing_1716551912.jpg,test
bing_1716551913.jpg,test
bing_1716551915_2.jpg,test
bing_1716551923.jpg,test
bing_1716551931_3.jpg,test
bing_1716551962_1.jpg,test
bing_1716551964.jpg,test
bing_1716551980.jpg,test
bing_1716551989_2.jpg,test
bing_1716551997_1.jpg,test
bing_1716552010.jpg,test
bing_1716552016_4.jpg,test
bing_1716552046_2.jpg,test
bing_1716552047.jpg,test
bing_1716552096_1.jpg,test
bing_1716552109_2.jpg,test
bing_1716552233.jpg,test
bing_1716552235.jpg,test
bing_1716552256.jpg,test
bing_1716552268_3.jpg,test
bing_1716552286.jpg,test
bing_1716552331.jpg,test
bing_1716552341.jpg,test
bing_1716552516.jpg,test
bing_1716552520.jpg,test
bing_1716552576.jpg,test
bing_1716552621.jpg,test
bing_1716552763.jpg,test
bing_1716552862.jpg,test
bing_1716552866.jpg,test
bing_1716553003.jpg,test
bing_1716553196.jpg,test
bing_1716553634.jpg,test
bing_1716553709_2.jpg,test
bing_1716554106.jpg,test
bing_1716554134.jpg,test
bing_1716554167.jpg,test
bing_1716554173.jpg,test
bing_1716554214.jpg,test
bing_1716554222.jpg,test
bing_1716554322_1.jpg,test
bing_1716554497.jpg,test
bing_1716554508.jpg,test
bing_1716554516.jpg,test
bing_1716554641.jpg,test
bing_1716554777.jpg,test
bing_1716554855.jpg,test
bing_1716554891.jpg,test
bing_1716555004_2.jpg,test
bing_1716555035_2.jpg,test
bing_1716555064.jpg,test
bing_1716555086.jpg,test
bing_1716555106.jpg,test
bing_1716555171_1.jpg,test
bing_1716555195 (2).jpg,test
bing_1716555212_2.jpg,test
bing_1716555220_1.jpg,test
bing_1716555242.jpg,test
bing_1716555250_2.jpg,test
bing_1716555293.jpg,test
bing_1716555389_1.jpg,test
bing_1716555417.jpg,test
bing_1716555458.jpg,test
bing_1716555463.jpg,test
bing_1716555504.jpg,test
bing_1716555546.jpg,test
bing_1716555555_1.jpg,test
bing_1716555574_2.jpg,test
bing_1716555622.jpg,test
bing_1716555670_1.jpg,test
bing_1716557249_2.jpg,test
bing_1716557257.jpg,test
bing_1716557277.jpg,test
bing_1716557344_3.jpg,test
bing_1716557420.jpg,test
bing_1716557437.jpg,test
bing_1716557465_2.jpg,test
bing_1716557471.jpg,test
bing_1716558144.jpg,test
bing_1716558158.jpg,test
bing_1716558492.jpg,test
bing_1716558610_2.jpg,test
bing_1716558690_4.jpg,test
bing_1716558697.jpg,test
bing_1716558723_3.jpg,test
bing_1716558792_2.jpg,test
bing_1716558885.jpg,test
bing_1716559024.jpg,test
bing_1716559052.jpg,test
bing_1716559132.jpg,test
bing_1716560101.jpg,test
bing_1716560121_2.jpg,test
bing_1716560370_2.jpg,test
bing_1716560413_2.jpg,test
bing_1716560500_3.jpg,test
bing_1716560528.jpg,test
bing_1716560581.jpg,test
bing_1716560587.jpg,test
bing_1716561862.jpg,test
bing_1716561980_2.jpg,test
bing_1716562047_2.jpg,test
bing_1716562220.jpg,test
bing_1716562307.jpg,test
bing_1716562820_2.jpg,test
bing_1716562830.jpg,test
bing_1716562874.jpg,test
bing_1716562966_2.jpg,test
bing_1716563022.jpg,test
bing_1716563029.jpg,test
bing_1716563128.jpg,test
bing_1716563170.jpg,test
bing_1716563204.jpg,test
bing_1716563355_2.jpg,test
bing_1716564526.jpg,test
bing_1716564543.jpg,test
bing_1716564578.jpg,test
bing_1716564619.jpg,test
bing_1716564755_4.jpg,test
bing_1716565015.jpg,test
bing_1716565442.jpg,test
bing_1716565530.jpg,test
bing_1716565600.jpg,test
bing_1716604613.jpg,test
bing_1716604668.jpg,test
bing_1716604826.jpg,test
bing_1716609891 (2).jpg,test
bing_1716609921_4.jpg,test
bing_1716609944_2.jpg,test
bing_1716609980_3.jpg,test
bing_1716609993.jpg,test
bing_1716610033.jpg,test
bing_1716610266.jpg,test
bing_1716610272.jpg,test
bing_1716610308.jpg,test
bing_1716610400.jpg,test
bing_1716610583.jpg,test
bing_1716610842.jpg,test
bing_1716614755.jpg,test
bing_1716614788_2.jpg,test
bing_1716615099_6.jpg,test
bing_1716615227_3.jpg,test
bing_1716617572_3.jpg,test
bing_1716617741_4.jpg,test
bing_1716620951.jpg,test
bing_1716620951_2.jpg,test
bing_1716621042_2.jpg,test
bing_1716621043_2.jpg,test
bing_1716621123_2.jpg,test
bing_1716621332_2.jpg,test
bing_1716621400_1.jpg,test
bing_1716621405.jpg,test
bing_1716621406.jpg,test
bing_1716622105.jpg,test
bing_1716622545_3.jpg,test
bing_1716622561_6.jpg,test
bing_1716622573_4.jpg,test
bing_1716622577_2.jpg,test
bing_1716622669_5.jpg,test
bing_1716622785.jpg,test
bing_1716622863.jpg,test
bing_1716622918_2.jpg,test
bing_1716623769_2.jpg,test
bing_1716623816.jpg,test
bing_1716623908_2.jpg,test
bing_1716624000_2.jpg,test
bing_1716624002_3.jpg,test
bing_1716624337.jpg,test
bing_1716696780.jpg,test
bing_1716696820_4.jpg,test
bing_1716698591_2.jpg,test
bing_1716698822.jpg,test
bing_1716699947.jpg,test
bing_1716700096.jpg,test
bing_1716700200.jpg,test
bing_1716700260.jpg,test
bing_1716707771.jpg,test
bing_1716707784.jpg,test
bing_1716707785.jpg,test
bing_1716707903.jpg,test
bing_1716707911.jpg,test
bing_1716707957.jpg,test
bing_1716708041.jpg,test
bing_1716708227.jpg,test
bing_1716708272.jpg,test
bing_1716708315.jpg,test
bing_1716708368_2.jpg,test
bing_1716709191.jpg,test
bing_1716709348.jpg,test
bing_1716718835.jpg,test
bing_1716721484.jpg,test
bing_1716724823_2.jpg,test
bing_1716724827_2.jpg,test
bing_1716724847.jpg,test
bing_1716724874_2.jpg,test
bing_1716724881_4.jpg,test
bing_1716724909_3.jpg,test
bing_1716725006_4.jpg,test
bing_1716726059_7.jpg,test
bing_1716726062_3.jpg,test
bing_1716726070_3.jpg,test
bing_1716726075_2.jpg,test
bing_1716726078_2.jpg,test
bing_1716726082_1.jpg,test
bing_1716726082_2.jpg,test
bing_1716726106_3.jpg,test
bing_1716726198_2.jpg,test
bing_1716726213_2.jpg,test
bing_1716726222.jpg,test
bing_1716726224_4.jpg,test
bing_1716726226.jpg,test
bing_1716726258_2.jpg,test
bing_1716727568.jpg,test
bing_1716727594.jpg,test
bing_1716727950.jpg,test
bing_1716728101.jpg,test
bing_1716728426.jpg,test
bing_1716728478.jpg,test
bing_1716728490.jpg,test
bing_1716728492.jpg,test
bing_1716728638.jpg,test
bing_1716728690.jpg,test
bing_1716728927.jpg,test
bing_1716809706.jpg,test
bing_1716809958.jpg,test
bing_1716810174.jpg,test
bing_1716810571_1.jpg,test
bing_1716810630.jpg,test
bing_1716810654.jpg,test
bing_1716810702_1.jpg,test
bing_1716810781.jpg,test
bing_1716810796.jpg,test
bing_1716810799 (2).jpg,test
bing_1716811391.jpg,test
bing_1716812439.jpg,test
bing_1716812797.jpg,test
bing_1716813856.jpg,test
bing_1716813926.jpg,test
bing_1716813965.jpg,test
bing_1716814230.jpg,test
bing_1716814300.jpg,test
bing_1716814387.jpg,test
bing_1716815124.jpg,test
bing_1716815596.jpg,test
bing_1716815816.jpg,test
bing_1716817137.jpg,test
bing_1716817158.jpg,test
bing_1716817216.jpg,test
bing_1716817286.jpg,test
bing_1716817365.jpg,test
bing_1716817385.jpg,test
bing_1716817708.jpg,test
bing_1716818764.jpg,test
bing_1716818827.jpg,test
bing_1716819671.jpg,test
bing_1716819939.jpg,test
bing_1716819983.jpg,test
bing_1716820014.jpg,test
bing_1716820374.jpg,test
bing_1716820437.jpg,test
bing_1716820457.jpg,test
bing_1716820750.jpg,test
bing_1716820757.jpg,test
bing_1716821001.jpg,test
bing_1716821234.jpg,test
bing_1716821264.jpg,test
bing_1716821282.jpg,test
bing_1716822389.jpg,test
bing_1716871177.jpg,test
bing_1716873845.jpg,test
bing_1716873995.jpg,test
bing_1716874593.jpg,test
bing_1716874617.jpg,test
bing_1716874767.jpg,test
bing_1716874787_1.jpg,test
bing_1716874917.jpg,test
bing_1716874940.jpg,test
bing_1716874968.jpg,test
bing_1716875048.jpg,test
bing_1716875129.jpg,test
bing_1716876364.jpg,test
bing_1716876440.jpg,test
bing_1716876468.jpg,test
bing_1716876528.jpg,test
bing_1716876537.jpg,test
bing_1716876543.jpg,test
bing_1716876590.jpg,test
bing_1716876653.jpg,test
bing_1716951803.jpg,test
bing_1716962229.jpg,test
bing_1716962229_3.jpg,test
bing_1716962784.jpg,test
bing_1716962857.jpg,test
bing_1716965375.jpg,test
bing_1716967582.jpg,test
bing_1716977294_2.jpg,test
bing_1716977295_2.jpg,test
bing_1716977343_3.jpg,test
bing_1716977386.jpg,test
bing_1716977417.jpg,test
bing_1716977418_3.jpg,test
bing_1716977421.jpg,test
bing_1716977428.jpg,test
bing_1716977588.jpg,test
bing_1716977668.jpg,test
bing_1716977753.jpg,test
bing_1716977778.jpg,test
bing_1716977805_4.jpg,test
bing_1716977822_2.jpg,test
bing_1716977826_4.jpg,test
bing_1716977835_2.jpg,test
bing_1716977936.jpg,test
bing_1716978027.jpg,test
bing_1716978517.jpg,test
bing_1716978522_2.jpg,test
bing_1716978522_3.jpg,test
bing_1721808102_2.jpg,test
bing_1721808781.jpg,test
bing_1721816585.jpg,test
bing_1721874588.jpg,test
bing_1722328093_2.jpg,test
bing_1722328196_2.jpg,test
bing_1722332255.jpg,test
bing_1722332273_3.jpg,test
bing_1722332631.jpg,test
bing_1722335131_3.jpg,test
bing_1722335147.jpg,test
bing_1722335159.jpg,test
bing_1722335205.jpg,test
credit-card_106_jpeg_jpg.rf.d89f1c640fa4ed9814caf942cf5114d8.jpg,test
with_env_15_jpeg_jpg.rf.ba2dc13468c895f689298892adcddb4f.jpg,test
with_env_186_jpeg_jpg.rf.fc2030a5bf837f2a0737956eff2ae46b.jpg,test
with_env_188_jpeg_jpg.rf.a77359ecac59646c6a4d69563cf91899.jpg,test
with_env_206_jpeg_jpg.rf.c2eb48c41e7e98e2ac75ec1a3cdd2deb.jpg,test
with_env_207_jpeg_jpg.rf.f0229e922da98f2376b7eae19b2d99ee.jpg,test
with_env_213_jpeg_jpg.rf.06d7e1bb93c697e8847f0b5a1c021ab9.jpg,test
with_env_244_jpeg_jpg.rf.8343164cba91b0c1347d44ca2f310846.jpg,test
with_env_247_jpeg_jpg.rf.2db29ff26187b2923345ce640dcaf7a7.jpg,test
with_env_256_jpeg_jpg.rf.8dcd6a27aec875df59f149e16ccf3618.jpg,test
with_env_259_jpeg_jpg.rf.fb25b7f9bdade0f3876e6c2f63340e0f.jpg,test
with_env_40_jpeg_jpg.rf.5060b24d0f8e7b2e64f63729977da8bf.jpg,test
with_env_54_jpeg_jpg.rf.1038550682043228bdbefeb8a7ce711d.jpg,test
with_env_61_jpeg_jpg.rf.2567224ba9894fc577e23bb5f40defe2.jpg,test
with_env_64_jpeg_jpg.rf.e4b8635c9e387fcc6324b97dd71b4058.jpg,test
